,,S0,K,T,r,sigma,moneyness,log_moneyness,sigma_sqrt_t,time_decay_factor,time_step,config_name,config_option_type
0,0,70.08000183105469,70.85,1.1205479452054794,0.0438500022888183,0.2482,0.9891319947925856,-0.010927493380490266,0.2627344362659756,0.9520516133448755,0,G9F6C 70.85 Comdty,arithmetic
0,1,70.58000183105469,70.85,1.1178082191780825,0.0449399995803833,0.2446,0.9961891578130514,-0.003818121946597629,0.25860689626249445,0.9510065766974146,1,G9F6C 70.85 Comdty,arithmetic
0,2,69.91000366210938,70.85,1.115068493150685,0.0457000017166137,0.24789999999999998,0.9867325852097302,-0.013356213229598872,0.2617744761357844,0.9503179824250041,2,G9F6C 70.85 Comdty,arithmetic
0,3,69.45999908447266,70.85,1.1123287671232878,0.0452400016784668,0.2491,0.9803810738810538,-0.0198139320014028,0.26271829206642877,0.9509234106332246,3,G9F6C 70.85 Comdty,arithmetic
0,4,69.23999786376953,70.85,1.104109589041096,0.0459899997711181,0.25170000000000003,0.9772759049226469,-0.02298626668123001,0.2644778503815882,0.950489656055984,4,G9F6C 70.85 Comdty,arithmetic
0,5,70.0999984741211,70.85,1.1013698630136983,0.0459100008010864,0.2509,0.989414233932549,-0.010642193863319344,0.2633099409181153,0.950693185714754,5,G9F6C 70.85 Comdty,arithmetic
0,6,69.62000274658203,70.85,1.095890410958904,0.045789999961853,0.2457,0.9826394177358085,-0.017513044302348325,0.25721051556083097,0.9510574369616897,6,G9F6C 70.85 Comdty,arithmetic
0,7,70.5999984741211,70.85,1.093150684931507,0.0461899995803833,0.237,0.9964713969530148,-0.003534843250508896,0.247792616560538,0.9507609360604792,7,G9F6C 70.85 Comdty,arithmetic
0,8,70.98999786376953,70.85,1.084931506849315,0.0454500007629394,0.237,1.0019759754942772,0.001974025822613353,0.24685930772044865,0.9518858681126297,8,G9F6C 70.85 Comdty,arithmetic
0,9,73.12999725341797,70.85,1.0767123287671232,0.0457499980926513,0.2253,1.0321806246071696,0.031673675588641564,0.2337819811540846,0.951933987946338,9,G9F6C 70.85 Comdty,arithmetic
0,10,73.95999908447266,70.85,1.073972602739726,0.0459600019454956,0.2211,1.0438955410652457,0.04295942800355232,0.22913178788456676,0.9518386128191062,10,G9F6C 70.85 Comdty,arithmetic
0,11,73.55999755859375,70.85,1.0657534246575342,0.0461800003051757,0.21739999999999998,1.0382497891121207,0.037536400410112164,0.22443361675285436,0.9519750110085052,11,G9F6C 70.85 Comdty,arithmetic
0,12,73.31999969482422,70.85,1.0602739726027397,0.0469299983978271,0.2227,1.0348623810137505,0.03426845267257017,0.22931331219683898,0.9514590258767754,12,G9F6C 70.85 Comdty,arithmetic
0,13,75.44000244140625,70.85,1.021917808219178,0.0459899997711181,0.20739999999999997,1.0647847909866797,0.0627727045507371,0.20966055723543703,0.9540893059902346,13,G9F6C 70.85 Comdty,arithmetic
0,14,73.16999816894531,70.85,1.008219178082192,0.0452799987792968,0.1934,1.0327452105708583,0.03222050973458454,0.19419316805837417,0.955374218757951,14,G9F6C 70.85 Comdty,arithmetic
1,0,70.08000183105469,71.1,1.1205479452054794,0.0438500022888183,0.2482,0.9856540341920491,-0.01444986405299601,0.2627344362659756,0.9520516133448755,0,G9F6C 71.1 Comdty,arithmetic
1,1,70.58000183105469,71.1,1.1178082191780825,0.0449399995803833,0.2446,0.9926863829965499,-0.007340492619103311,0.25860689626249445,0.9510065766974146,1,G9F6C 71.1 Comdty,arithmetic
1,2,69.91000366210938,71.1,1.115068493150685,0.0457000017166137,0.24789999999999998,0.9832630613517493,-0.01687858390210468,0.2617744761357844,0.9503179824250041,2,G9F6C 71.1 Comdty,arithmetic
1,3,69.45999908447266,71.1,1.1123287671232878,0.0452400016784668,0.2491,0.9769338830446225,-0.02333630267390858,0.26271829206642877,0.9509234106332246,3,G9F6C 71.1 Comdty,arithmetic
1,4,69.23999786376953,71.1,1.104109589041096,0.0459899997711181,0.25170000000000003,0.9738396324018219,-0.026508637353735712,0.2644778503815882,0.950489656055984,4,G9F6C 71.1 Comdty,arithmetic
1,5,70.0999984741211,71.1,1.1013698630136983,0.0459100008010864,0.2509,0.9859352809299733,-0.014164564535825047,0.2633099409181153,0.950693185714754,5,G9F6C 71.1 Comdty,arithmetic
1,6,69.62000274658203,71.1,1.095890410958904,0.045789999961853,0.2457,0.9791842861685237,-0.021035414974854064,0.25721051556083097,0.9510574369616897,6,G9F6C 71.1 Comdty,arithmetic
1,7,70.5999984741211,71.1,1.093150684931507,0.0461899995803833,0.237,0.9929676297344739,-0.0070572139230146505,0.247792616560538,0.9507609360604792,7,G9F6C 71.1 Comdty,arithmetic
1,8,70.98999786376953,71.1,1.084931506849315,0.0454500007629394,0.237,0.9984528532175744,-0.0015483448498924118,0.24685930772044865,0.9518858681126297,8,G9F6C 71.1 Comdty,arithmetic
1,9,73.12999725341797,71.1,1.0767123287671232,0.0457499980926513,0.2253,1.0285512975164273,0.02815130491613595,0.2337819811540846,0.951933987946338,9,G9F6C 71.1 Comdty,arithmetic
1,10,73.95999908447266,71.1,1.073972602739726,0.0459600019454956,0.2211,1.0402250222851288,0.03943705733104655,0.22913178788456676,0.9518386128191062,10,G9F6C 71.1 Comdty,arithmetic
1,11,73.55999755859375,71.1,1.0657534246575342,0.0461800003051757,0.21739999999999998,1.0345991217805028,0.03401402973760638,0.22443361675285436,0.9519750110085052,11,G9F6C 71.1 Comdty,arithmetic
1,12,73.31999969482422,71.1,1.0602739726027397,0.0469299983978271,0.2227,1.031223624399778,0.030746082000064425,0.22931331219683898,0.9514590258767754,12,G9F6C 71.1 Comdty,arithmetic
1,13,75.44000244140625,71.1,1.021917808219178,0.0459899997711181,0.20739999999999997,1.0610408219607068,0.05925033387823135,0.20966055723543703,0.9540893059902346,13,G9F6C 71.1 Comdty,arithmetic
1,14,73.16999816894531,71.1,1.008219178082192,0.0452799987792968,0.1934,1.0291138982974024,0.028698139062078774,0.19419316805837417,0.955374218757951,14,G9F6C 71.1 Comdty,arithmetic
2,0,70.08000183105469,71.65,1.1205479452054794,0.0438500022888183,0.2482,0.9780879529805259,-0.022155681517981866,0.2627344362659756,0.9520516133448755,0,G9F6C 71.65 Comdty,arithmetic
2,1,70.58000183105469,71.65,1.1178082191780825,0.0449399995803833,0.2446,0.9850663200426334,-0.01504631008408917,0.25860689626249445,0.9510065766974146,1,G9F6C 71.65 Comdty,arithmetic
2,2,69.91000366210938,71.65,1.115068493150685,0.0457000017166137,0.24789999999999998,0.9757153337349528,-0.024584401367090513,0.2617744761357844,0.9503179824250041,2,G9F6C 71.65 Comdty,arithmetic
2,3,69.45999908447266,71.65,1.1123287671232878,0.0452400016784668,0.2491,0.9694347394901975,-0.031042120138894305,0.26271829206642877,0.9509234106332246,3,G9F6C 71.65 Comdty,arithmetic
2,4,69.23999786376953,71.65,1.104109589041096,0.0459899997711181,0.25170000000000003,0.9663642409458413,-0.03421445481872153,0.2644778503815882,0.950489656055984,4,G9F6C 71.65 Comdty,arithmetic
2,5,70.0999984741211,71.65,1.1013698630136983,0.0459100008010864,0.2509,0.9783670408111805,-0.021870382000810935,0.2633099409181153,0.950693185714754,5,G9F6C 71.65 Comdty,arithmetic
2,6,69.62000274658203,71.65,1.095890410958904,0.045789999961853,0.2457,0.9716678680611588,-0.02874123243983985,0.25721051556083097,0.9510574369616897,6,G9F6C 71.65 Comdty,arithmetic
2,7,70.5999984741211,71.65,1.093150684931507,0.0461899995803833,0.237,0.9853454078732881,-0.014763031388000428,0.247792616560538,0.9507609360604792,7,G9F6C 71.65 Comdty,arithmetic
2,8,70.98999786376953,71.65,1.084931506849315,0.0454500007629394,0.237,0.9907885256632174,-0.009254162314878236,0.24685930772044865,0.9518858681126297,8,G9F6C 71.65 Comdty,arithmetic
2,9,73.12999725341797,71.65,1.0767123287671232,0.0457499980926513,0.2253,1.0206559281705228,0.02044548745114996,0.2337819811540846,0.951933987946338,9,G9F6C 71.65 Comdty,arithmetic
2,10,73.95999908447266,71.65,1.073972602739726,0.0459600019454956,0.2211,1.0322400430491647,0.0317312398660608,0.22913178788456676,0.9518386128191062,10,G9F6C 71.65 Comdty,arithmetic
2,11,73.55999755859375,71.65,1.0657534246575342,0.0461800003051757,0.21739999999999998,1.0266573281031925,0.026308212272620635,0.22443361675285436,0.9519750110085052,11,G9F6C 71.65 Comdty,arithmetic
2,12,73.31999969482422,71.65,1.0602739726027397,0.0469299983978271,0.2227,1.0233077417281815,0.02304026453507851,0.22931331219683898,0.9514590258767754,12,G9F6C 71.65 Comdty,arithmetic
2,13,75.44000244140625,71.65,1.021917808219178,0.0459899997711181,0.20739999999999997,1.0528960564048324,0.05154451641324552,0.20966055723543703,0.9540893059902346,13,G9F6C 71.65 Comdty,arithmetic
2,14,73.16999816894531,71.65,1.008219178082192,0.0452799987792968,0.1934,1.021214210313263,0.020992321597092963,0.19419316805837417,0.955374218757951,14,G9F6C 71.65 Comdty,arithmetic
3,0,70.08000183105469,71.85,1.1205479452054794,0.0438500022888183,0.2482,0.9753653699520486,-0.02494313976883476,0.2627344362659756,0.9520516133448755,0,G9F6C 71.85 Comdty,arithmetic
3,1,70.58000183105469,71.85,1.1178082191780825,0.0449399995803833,0.2446,0.982324312192828,-0.017833768334942105,0.25860689626249445,0.9510065766974146,1,G9F6C 71.85 Comdty,arithmetic
3,2,69.91000366210938,71.85,1.115068493150685,0.0457000017166137,0.24789999999999998,0.9729993550745912,-0.027371859617943403,0.2617744761357844,0.9503179824250041,2,G9F6C 71.85 Comdty,arithmetic
3,3,69.45999908447266,71.85,1.1123287671232878,0.0452400016784668,0.2491,0.9667362433468707,-0.0338295783897473,0.26271829206642877,0.9509234106332246,3,G9F6C 71.85 Comdty,arithmetic
3,4,69.23999786376953,71.85,1.104109589041096,0.0459899997711181,0.25170000000000003,0.9636742917713227,-0.0370019130695745,0.2644778503815882,0.950489656055984,4,G9F6C 71.85 Comdty,arithmetic
3,5,70.0999984741211,71.85,1.1013698630136983,0.0459100008010864,0.2509,0.9756436809202659,-0.024657840251663756,0.2633099409181153,0.950693185714754,5,G9F6C 71.85 Comdty,arithmetic
3,6,69.62000274658203,71.85,1.095890410958904,0.045789999961853,0.2457,0.9689631558327354,-0.031528690690692765,0.25721051556083097,0.9510574369616897,6,G9F6C 71.85 Comdty,arithmetic
3,7,70.5999984741211,71.85,1.093150684931507,0.0461899995803833,0.237,0.9826026231610452,-0.017550489638853403,0.247792616560538,0.9507609360604792,7,G9F6C 71.85 Comdty,arithmetic
3,8,70.98999786376953,71.85,1.084931506849315,0.0454500007629394,0.237,0.9880305896140507,-0.012041620565731128,0.24685930772044865,0.9518858681126297,8,G9F6C 71.85 Comdty,arithmetic
3,9,73.12999725341797,71.85,1.0767123287671232,0.0457499980926513,0.2253,1.017814853909784,0.01765802920029722,0.2337819811540846,0.951933987946338,9,G9F6C 71.85 Comdty,arithmetic
3,10,73.95999908447266,71.85,1.073972602739726,0.0459600019454956,0.2211,1.0293667235138853,0.028943781615207772,0.22913178788456676,0.9518386128191062,10,G9F6C 71.85 Comdty,arithmetic
3,11,73.55999755859375,71.85,1.0657534246575342,0.0461800003051757,0.21739999999999998,1.0237995484842555,0.023520754021767693,0.22443361675285436,0.9519750110085052,11,G9F6C 71.85 Comdty,arithmetic
3,12,73.31999969482422,71.85,1.0602739726027397,0.0469299983978271,0.2227,1.0204592859404902,0.020252806284225638,0.22931331219683898,0.9514590258767754,12,G9F6C 71.85 Comdty,arithmetic
3,13,75.44000244140625,71.85,1.021917808219178,0.0459899997711181,0.20739999999999997,1.0499652392680063,0.04875705816239262,0.20966055723543703,0.9540893059902346,13,G9F6C 71.85 Comdty,arithmetic
3,14,73.16999816894531,71.85,1.008219178082192,0.0452799987792968,0.1934,1.01837158203125,0.01820486334624005,0.19419316805837417,0.955374218757951,14,G9F6C 71.85 Comdty,arithmetic
4,0,70.08000183105469,72.2,1.1205479452054794,0.0438500022888183,0.2482,0.9706371444744416,-0.029802573142581477,0.2627344362659756,0.9520516133448755,0,G9F6C 72.2 Comdty,arithmetic
4,1,70.58000183105469,72.2,1.1178082191780825,0.0449399995803833,0.2446,0.9775623522306743,-0.022693201708688795,0.25860689626249445,0.9510065766974146,1,G9F6C 72.2 Comdty,arithmetic
4,2,69.91000366210938,72.2,1.115068493150685,0.0457000017166137,0.24789999999999998,0.9682825991981907,-0.03223129299169017,0.2617744761357844,0.9503179824250041,2,G9F6C 72.2 Comdty,arithmetic
4,3,69.45999908447266,72.2,1.1123287671232878,0.0452400016784668,0.2491,0.9620498488154107,-0.03868901176349404,0.26271829206642877,0.9509234106332246,3,G9F6C 72.2 Comdty,arithmetic
4,4,69.23999786376953,72.2,1.104109589041096,0.0459899997711181,0.25170000000000003,0.9590027404954228,-0.04186134644332127,0.2644778503815882,0.950489656055984,4,G9F6C 72.2 Comdty,arithmetic
4,5,70.0999984741211,72.2,1.1013698630136983,0.0459100008010864,0.2509,0.9709141062897658,-0.029517273625410522,0.2633099409181153,0.950693185714754,5,G9F6C 72.2 Comdty,arithmetic
4,6,69.62000274658203,72.2,1.095890410958904,0.045789999961853,0.2457,0.9642659660191417,-0.03638812406443947,0.25721051556083097,0.9510574369616897,6,G9F6C 72.2 Comdty,arithmetic
4,7,70.5999984741211,72.2,1.093150684931507,0.0461899995803833,0.237,0.9778393140459984,-0.022409923012600145,0.247792616560538,0.9507609360604792,7,G9F6C 72.2 Comdty,arithmetic
4,8,70.98999786376953,72.2,1.084931506849315,0.0454500007629394,0.237,0.9832409676422372,-0.016901053939477908,0.24685930772044865,0.9518858681126297,8,G9F6C 72.2 Comdty,arithmetic
4,9,73.12999725341797,72.2,1.0767123287671232,0.0457499980926513,0.2253,1.0128808483852905,0.012798595826550498,0.2337819811540846,0.951933987946338,9,G9F6C 72.2 Comdty,arithmetic
4,10,73.95999908447266,72.2,1.073972602739726,0.0459600019454956,0.2211,1.024376718621505,0.02408434824146115,0.22913178788456676,0.9518386128191062,10,G9F6C 72.2 Comdty,arithmetic
4,11,73.55999755859375,72.2,1.0657534246575342,0.0461800003051757,0.21739999999999998,1.0188365312824619,0.01866132064802097,0.22443361675285436,0.9519750110085052,11,G9F6C 72.2 Comdty,arithmetic
4,12,73.31999969482422,72.2,1.0602739726027397,0.0469299983978271,0.2227,1.0155124611471498,0.015393372910478941,0.22931331219683898,0.9514590258767754,12,G9F6C 72.2 Comdty,arithmetic
4,13,75.44000244140625,72.2,1.021917808219178,0.0459899997711181,0.20739999999999997,1.0448753800748787,0.04389762478864581,0.20966055723543703,0.9540893059902346,13,G9F6C 72.2 Comdty,arithmetic
4,14,73.16999816894531,72.2,1.008219178082192,0.0452799987792968,0.1934,1.0134348776862232,0.013345429972493474,0.19419316805837417,0.955374218757951,14,G9F6C 72.2 Comdty,arithmetic
5,0,70.08000183105469,73.75,1.1205479452054794,0.0438500022888183,0.2482,0.9502373129634534,-0.051043522463730104,0.2627344362659756,0.9520516133448755,0,G9F6C 73.75 Comdty,arithmetic
5,1,70.58000183105469,73.75,1.1178082191780825,0.0449399995803833,0.2446,0.9570169739804025,-0.043934151029837464,0.25860689626249445,0.9510065766974146,1,G9F6C 73.75 Comdty,arithmetic
5,2,69.91000366210938,73.75,1.115068493150685,0.0457000017166137,0.24789999999999998,0.9479322530455508,-0.053472242312838744,0.2617744761357844,0.9503179824250041,2,G9F6C 73.75 Comdty,arithmetic
5,3,69.45999908447266,73.75,1.1123287671232878,0.0452400016784668,0.2491,0.9418304960606462,-0.05992996108464263,0.26271829206642877,0.9509234106332246,3,G9F6C 73.75 Comdty,arithmetic
5,4,69.23999786376953,73.75,1.104109589041096,0.0459899997711181,0.25170000000000003,0.9388474286612818,-0.06310229576446982,0.2644778503815882,0.950489656055984,4,G9F6C 73.75 Comdty,arithmetic
5,5,70.0999984741211,73.75,1.1013698630136983,0.0459100008010864,0.2509,0.9505084538863877,-0.050758222946559156,0.2633099409181153,0.950693185714754,5,G9F6C 73.75 Comdty,arithmetic
5,6,69.62000274658203,73.75,1.095890410958904,0.045789999961853,0.2457,0.9440000372417903,-0.05762907338558812,0.25721051556083097,0.9510574369616897,6,G9F6C 73.75 Comdty,arithmetic
5,7,70.5999984741211,73.75,1.093150684931507,0.0461899995803833,0.237,0.9572881149033369,-0.0436508723337487,0.247792616560538,0.9507609360604792,7,G9F6C 73.75 Comdty,arithmetic
5,8,70.98999786376953,73.75,1.084931506849315,0.0454500007629394,0.237,0.9625762422206038,-0.038142003260626556,0.24685930772044865,0.9518858681126297,8,G9F6C 73.75 Comdty,arithmetic
5,9,73.12999725341797,73.75,1.0767123287671232,0.0457499980926513,0.2253,0.9915931830971928,-0.008442353494598204,0.2337819811540846,0.951933987946338,9,G9F6C 73.75 Comdty,arithmetic
5,10,73.95999908447266,73.75,1.073972602739726,0.0459600019454956,0.2211,1.0028474452131886,0.0028433989203125246,0.22913178788456676,0.9518386128191062,10,G9F6C 73.75 Comdty,arithmetic
5,11,73.55999755859375,73.75,1.0657534246575342,0.0461800003051757,0.21739999999999998,0.9974236957097458,-0.00257962867312766,0.22443361675285436,0.9519750110085052,11,G9F6C 73.75 Comdty,arithmetic
5,12,73.31999969482422,73.75,1.0602739726027397,0.0469299983978271,0.2227,0.994169487387447,-0.005847576410669644,0.22931331219683898,0.9514590258767754,12,G9F6C 73.75 Comdty,arithmetic
5,13,75.44000244140625,73.75,1.021917808219178,0.0459899997711181,0.20739999999999997,1.0229152873411016,0.022656675467497178,0.20966055723543703,0.9540893059902346,13,G9F6C 73.75 Comdty,arithmetic
5,14,73.16999816894531,73.75,1.008219178082192,0.0452799987792968,0.1934,0.9921355683924789,-0.007895519348655185,0.19419316805837417,0.955374218757951,14,G9F6C 73.75 Comdty,arithmetic
6,0,70.08000183105469,73.8,1.1205479452054794,0.0438500022888183,0.2482,0.9495935207459986,-0.05172125885022759,0.2627344362659756,0.9520516133448755,0,G9F6C 73.8 Comdty,arithmetic
6,1,70.58000183105469,73.8,1.1178082191780825,0.0449399995803833,0.2446,0.956368588496676,-0.04461188741633498,0.25860689626249445,0.9510065766974146,1,G9F6C 73.8 Comdty,arithmetic
6,2,69.91000366210938,73.8,1.115068493150685,0.0457000017166137,0.24789999999999998,0.9472900225218073,-0.054149978699336326,0.2617744761357844,0.9503179824250041,2,G9F6C 73.8 Comdty,arithmetic
6,3,69.45999908447266,73.8,1.1123287671232878,0.0452400016784668,0.2491,0.9411923995185997,-0.060607697471140226,0.26271829206642877,0.9509234106332246,3,G9F6C 73.8 Comdty,arithmetic
6,4,69.23999786376953,73.8,1.104109589041096,0.0459899997711181,0.25170000000000003,0.9382113531676088,-0.06378003215096742,0.2644778503815882,0.950489656055984,4,G9F6C 73.8 Comdty,arithmetic
6,5,70.0999984741211,73.8,1.1013698630136983,0.0459100008010864,0.2509,0.9498644779691205,-0.051435959333056724,0.2633099409181153,0.950693185714754,5,G9F6C 73.8 Comdty,arithmetic
6,6,69.62000274658203,73.8,1.095890410958904,0.045789999961853,0.2457,0.9433604708208948,-0.058306809772085674,0.25721051556083097,0.9510574369616897,6,G9F6C 73.8 Comdty,arithmetic
6,7,70.5999984741211,73.8,1.093150684931507,0.0461899995803833,0.237,0.956639545719798,-0.044328608720246306,0.247792616560538,0.9507609360604792,7,G9F6C 73.8 Comdty,arithmetic
6,8,70.98999786376953,73.8,1.084931506849315,0.0454500007629394,0.237,0.9619240902949802,-0.03881973964712406,0.24685930772044865,0.9518858681126297,8,G9F6C 73.8 Comdty,arithmetic
6,9,73.12999725341797,73.8,1.0767123287671232,0.0457499980926513,0.2253,0.9909213719975335,-0.009120089881095767,0.2337819811540846,0.951933987946338,9,G9F6C 73.8 Comdty,arithmetic
6,10,73.95999908447266,73.8,1.073972602739726,0.0459600019454956,0.2211,1.0021680092746972,0.0021656625338148383,0.22913178788456676,0.9518386128191062,10,G9F6C 73.8 Comdty,arithmetic
6,11,73.55999755859375,73.8,1.0657534246575342,0.0461800003051757,0.21739999999999998,0.9967479343982893,-0.0032573650596252127,0.22443361675285436,0.9519750110085052,11,G9F6C 73.8 Comdty,arithmetic
6,12,73.31999969482422,73.8,1.0602739726027397,0.0469299983978271,0.2227,0.9934959308241764,-0.006525312797167239,0.22931331219683898,0.9514590258767754,12,G9F6C 73.8 Comdty,arithmetic
6,13,75.44000244140625,73.8,1.021917808219178,0.0459899997711181,0.20739999999999997,1.0222222553036078,0.02197893908099972,0.20966055723543703,0.9540893059902346,13,G9F6C 73.8 Comdty,arithmetic
6,14,73.16999816894531,73.8,1.008219178082192,0.0452799987792968,0.1934,0.9914633898231072,-0.008573255735152822,0.19419316805837417,0.955374218757951,14,G9F6C 73.8 Comdty,arithmetic
7,0,70.08000183105469,74.4,1.1205479452054794,0.0438500022888183,0.2482,0.9419355084819178,-0.059818469082847145,0.2627344362659756,0.9520516133448755,0,G9F6C 74.4 Comdty,arithmetic
7,1,70.58000183105469,74.4,1.1178082191780825,0.0449399995803833,0.2446,0.9486559385894446,-0.05270909764895451,0.25860689626249445,0.9510065766974146,1,G9F6C 74.4 Comdty,arithmetic
7,2,69.91000366210938,74.4,1.115068493150685,0.0457000017166137,0.24789999999999998,0.9396505868563088,-0.06224718893195577,0.2617744761357844,0.9503179824250041,2,G9F6C 74.4 Comdty,arithmetic
7,3,69.45999908447266,74.4,1.1123287671232878,0.0452400016784668,0.2491,0.9336021382321593,-0.06870490770375964,0.26271829206642877,0.9509234106332246,3,G9F6C 74.4 Comdty,arithmetic
7,4,69.23999786376953,74.4,1.104109589041096,0.0459899997711181,0.25170000000000003,0.9306451325775474,-0.07187724238358684,0.2644778503815882,0.950489656055984,4,G9F6C 74.4 Comdty,arithmetic
7,5,70.0999984741211,74.4,1.1013698630136983,0.0459100008010864,0.2509,0.9422042805661437,-0.05953316956567618,0.2633099409181153,0.950693185714754,5,G9F6C 74.4 Comdty,arithmetic
7,6,69.62000274658203,74.4,1.095890410958904,0.045789999961853,0.2457,0.9357527250884681,-0.06640402000470522,0.25721051556083097,0.9510574369616897,6,G9F6C 74.4 Comdty,arithmetic
7,7,70.5999984741211,74.4,1.093150684931507,0.0461899995803833,0.237,0.9489247106736706,-0.052425818952865744,0.247792616560538,0.9507609360604792,7,G9F6C 74.4 Comdty,arithmetic
7,8,70.98999786376953,74.4,1.084931506849315,0.0454500007629394,0.237,0.9541666379538914,-0.0469169498797436,0.24685930772044865,0.9518858681126297,8,G9F6C 74.4 Comdty,arithmetic
7,9,73.12999725341797,74.4,1.0767123287671232,0.0457499980926513,0.2253,0.9829300706104565,-0.0172173001137153,0.2337819811540846,0.951933987946338,9,G9F6C 74.4 Comdty,arithmetic
7,10,73.95999908447266,74.4,1.073972602739726,0.0459600019454956,0.2211,0.9940860091999012,-0.005931547698804567,0.22913178788456676,0.9518386128191062,10,G9F6C 74.4 Comdty,arithmetic
7,11,73.55999755859375,74.4,1.0657534246575342,0.0461800003051757,0.21739999999999998,0.9887096446047546,-0.011354575292244706,0.22443361675285436,0.9519750110085052,11,G9F6C 74.4 Comdty,arithmetic
7,12,73.31999969482422,74.4,1.0602739726027397,0.0469299983978271,0.2227,0.9854838668659168,-0.014622523029786718,0.22931331219683898,0.9514590258767754,12,G9F6C 74.4 Comdty,arithmetic
7,13,75.44000244140625,74.4,1.021917808219178,0.0459899997711181,0.20739999999999997,1.013978527438256,0.013881728848380251,0.20966055723543703,0.9540893059902346,13,G9F6C 74.4 Comdty,arithmetic
7,14,73.16999816894531,74.4,1.008219178082192,0.0452799987792968,0.1934,0.9834677173245336,-0.01667046596777233,0.19419316805837417,0.955374218757951,14,G9F6C 74.4 Comdty,arithmetic
8,0,70.08000183105469,77.0,1.1205479452054794,0.0438500022888183,0.2482,0.9101298939098011,-0.09416794909748472,0.2627344362659756,0.9520516133448755,0,G9F6C 77 Comdty,arithmetic
8,1,70.58000183105469,77.0,1.1178082191780825,0.0449399995803833,0.2446,0.9166234004033076,-0.08705857766359214,0.25860689626249445,0.9510065766974146,1,G9F6C 77 Comdty,arithmetic
8,2,69.91000366210938,77.0,1.115068493150685,0.0457000017166137,0.24789999999999998,0.90792212548194,-0.09659666894659337,0.2617744761357844,0.9503179824250041,2,G9F6C 77 Comdty,arithmetic
8,3,69.45999908447266,77.0,1.1123287671232878,0.0452400016784668,0.2491,0.9020779101879566,-0.10305438771839726,0.26271829206642877,0.9509234106332246,3,G9F6C 77 Comdty,arithmetic
8,4,69.23999786376953,77.0,1.104109589041096,0.0459899997711181,0.25170000000000003,0.8992207514775263,-0.10622672239822452,0.2644778503815882,0.950489656055984,4,G9F6C 77 Comdty,arithmetic
8,5,70.0999984741211,77.0,1.1013698630136983,0.0459100008010864,0.2509,0.9103895905730012,-0.09388264958031385,0.2633099409181153,0.950693185714754,5,G9F6C 77 Comdty,arithmetic
8,6,69.62000274658203,77.0,1.095890410958904,0.045789999961853,0.2457,0.9041558798257406,-0.10075350001934281,0.25721051556083097,0.9510574369616897,6,G9F6C 77 Comdty,arithmetic
8,7,70.5999984741211,77.0,1.093150684931507,0.0461899995803833,0.237,0.9168830970665077,-0.08677529896750334,0.247792616560538,0.9507609360604792,7,G9F6C 77 Comdty,arithmetic
8,8,70.98999786376953,77.0,1.084931506849315,0.0454500007629394,0.237,0.9219480242047992,-0.08126642989438111,0.24685930772044865,0.9518858681126297,8,G9F6C 77 Comdty,arithmetic
8,9,73.12999725341797,77.0,1.0767123287671232,0.0457499980926513,0.2253,0.9497402240703632,-0.05156678012835289,0.2337819811540846,0.951933987946338,9,G9F6C 77 Comdty,arithmetic
8,10,73.95999908447266,77.0,1.073972602739726,0.0459600019454956,0.2211,0.960519468629515,-0.04028102771344218,0.22913178788456676,0.9518386128191062,10,G9F6C 77 Comdty,arithmetic
8,11,73.55999755859375,77.0,1.0657534246575342,0.0461800003051757,0.21739999999999998,0.9553246436181007,-0.045704055306882305,0.22443361675285436,0.9519750110085052,11,G9F6C 77 Comdty,arithmetic
8,12,73.31999969482422,77.0,1.0602739726027397,0.0469299983978271,0.2227,0.9522077882444704,-0.04897200304442427,0.22931331219683898,0.9514590258767754,12,G9F6C 77 Comdty,arithmetic
8,13,75.44000244140625,77.0,1.021917808219178,0.0459899997711181,0.20739999999999997,0.9797402914468344,-0.0204677511662574,0.20966055723543703,0.9540893059902346,13,G9F6C 77 Comdty,arithmetic
8,14,73.16999816894531,77.0,1.008219178082192,0.0452799987792968,0.1934,0.9502597164798092,-0.05101994598240989,0.19419316805837417,0.955374218757951,14,G9F6C 77 Comdty,arithmetic
9,0,70.08000183105469,78.45,1.1205479452054794,0.0438500022888183,0.2482,0.8933078627285492,-0.11282400642284249,0.2627344362659756,0.9520516133448755,0,G9F6C 78.45 Comdty,arithmetic
9,1,70.58000183105469,78.45,1.1178082191780825,0.0449399995803833,0.2446,0.8996813490255536,-0.10571463498894991,0.25860689626249445,0.9510065766974146,1,G9F6C 78.45 Comdty,arithmetic
9,2,69.91000366210938,78.45,1.115068493150685,0.0457000017166137,0.24789999999999998,0.8911409007279716,-0.1152527262719512,0.2617744761357844,0.9503179824250041,2,G9F6C 78.45 Comdty,arithmetic
9,3,69.45999908447266,78.45,1.1123287671232878,0.0452400016784668,0.2491,0.8854047047096578,-0.12171044504375501,0.26271829206642877,0.9509234106332246,3,G9F6C 78.45 Comdty,arithmetic
9,4,69.23999786376953,78.45,1.104109589041096,0.0459899997711181,0.25170000000000003,0.8826003551787065,-0.12488277972358233,0.2644778503815882,0.950489656055984,4,G9F6C 78.45 Comdty,arithmetic
9,5,70.0999984741211,78.45,1.1013698630136983,0.0459100008010864,0.2509,0.8935627593896889,-0.11253870690567158,0.2633099409181153,0.950693185714754,5,G9F6C 78.45 Comdty,arithmetic
9,6,69.62000274658203,78.45,1.095890410958904,0.045789999961853,0.2457,0.887444267005507,-0.1194095573447006,0.25721051556083097,0.9510574369616897,6,G9F6C 78.45 Comdty,arithmetic
9,7,70.5999984741211,78.45,1.093150684931507,0.0461899995803833,0.237,0.8999362456866933,-0.1054313562928612,0.247792616560538,0.9507609360604792,7,G9F6C 78.45 Comdty,arithmetic
9,8,70.98999786376953,78.45,1.084931506849315,0.0454500007629394,0.237,0.9049075572182221,-0.09992248721973898,0.24685930772044865,0.9518858681126297,8,G9F6C 78.45 Comdty,arithmetic
9,9,73.12999725341797,78.45,1.0767123287671232,0.0457499980926513,0.2253,0.9321860707892666,-0.07022283745371062,0.2337819811540846,0.951933987946338,9,G9F6C 78.45 Comdty,arithmetic
9,10,73.95999908447266,78.45,1.073972602739726,0.0459600019454956,0.2211,0.9427660813826979,-0.05893708503879998,0.22913178788456676,0.9518386128191062,10,G9F6C 78.45 Comdty,arithmetic
9,11,73.55999755859375,78.45,1.0657534246575342,0.0461800003051757,0.21739999999999998,0.9376672728947578,-0.06436011263224004,0.22443361675285436,0.9519750110085052,11,G9F6C 78.45 Comdty,arithmetic
9,12,73.31999969482422,78.45,1.0602739726027397,0.0469299983978271,0.2227,0.9346080267026668,-0.0676280603697821,0.22931331219683898,0.9514590258767754,12,G9F6C 78.45 Comdty,arithmetic
9,13,75.44000244140625,78.45,1.021917808219178,0.0459899997711181,0.20739999999999997,0.9616316436125717,-0.03912380849161513,0.20966055723543703,0.9540893059902346,13,G9F6C 78.45 Comdty,arithmetic
9,14,73.16999816894531,78.45,1.008219178082192,0.0452799987792968,0.1934,0.932695961363229,-0.06967600330776763,0.19419316805837417,0.955374218757951,14,G9F6C 78.45 Comdty,arithmetic
10,0,70.08000183105469,79.25,1.1205479452054794,0.0438500022888183,0.2482,0.8842902439249802,-0.12296994000119094,0.2627344362659756,0.9520516133448755,0,G9F6C 79.25 Comdty,arithmetic
10,1,70.58000183105469,79.25,1.1178082191780825,0.0449399995803833,0.2446,0.8905993921899645,-0.1158605685672982,0.25860689626249445,0.9510065766974146,1,G9F6C 79.25 Comdty,arithmetic
10,2,69.91000366210938,79.25,1.115068493150685,0.0457000017166137,0.24789999999999998,0.8821451566196766,-0.12539865985029958,0.2617744761357844,0.9503179824250041,2,G9F6C 79.25 Comdty,arithmetic
10,3,69.45999908447266,79.25,1.1123287671232878,0.0452400016784668,0.2491,0.8764668654192134,-0.13185637862210337,0.26271829206642877,0.9509234106332246,3,G9F6C 79.25 Comdty,arithmetic
10,4,69.23999786376953,79.25,1.104109589041096,0.0459899997711181,0.25170000000000003,0.8736908247794263,-0.13502871330193061,0.2644778503815882,0.950489656055984,4,G9F6C 79.25 Comdty,arithmetic
10,5,70.0999984741211,79.25,1.1013698630136983,0.0459100008010864,0.2509,0.8845425674967962,-0.12268464048401992,0.2633099409181153,0.950693185714754,5,G9F6C 79.25 Comdty,arithmetic
10,6,69.62000274658203,79.25,1.095890410958904,0.045789999961853,0.2457,0.8784858390735903,-0.12955549092304888,0.25721051556083097,0.9510574369616897,6,G9F6C 79.25 Comdty,arithmetic
10,7,70.5999984741211,79.25,1.093150684931507,0.0461899995803833,0.237,0.8908517157617803,-0.11557728987120952,0.247792616560538,0.9507609360604792,7,G9F6C 79.25 Comdty,arithmetic
10,8,70.98999786376953,79.25,1.084931506849315,0.0454500007629394,0.237,0.895772843706871,-0.11006842079808732,0.24685930772044865,0.9518858681126297,8,G9F6C 79.25 Comdty,arithmetic
10,9,73.12999725341797,79.25,1.0767123287671232,0.0457499980926513,0.2253,0.9227759905794065,-0.08036877103205903,0.2337819811540846,0.951933987946338,9,G9F6C 79.25 Comdty,arithmetic
10,10,73.95999908447266,79.25,1.073972602739726,0.0459600019454956,0.2211,0.9332491998040714,-0.06908301861714826,0.22913178788456676,0.9518386128191062,10,G9F6C 79.25 Comdty,arithmetic
10,11,73.55999755859375,79.25,1.0657534246575342,0.0461800003051757,0.21739999999999998,0.9282018619380915,-0.07450604621058841,0.22443361675285436,0.9519750110085052,11,G9F6C 79.25 Comdty,arithmetic
10,12,73.31999969482422,79.25,1.0602739726027397,0.0469299983978271,0.2227,0.9251734977264886,-0.0777739939481304,0.22931331219683898,0.9514590258767754,12,G9F6C 79.25 Comdty,arithmetic
10,13,75.44000244140625,79.25,1.021917808219178,0.0459899997711181,0.20739999999999997,0.9519243210272083,-0.04926974206996346,0.20966055723543703,0.9540893059902346,13,G9F6C 79.25 Comdty,arithmetic
10,14,73.16999816894531,79.25,1.008219178082192,0.0452799987792968,0.1934,0.9232807339930008,-0.07982193688611598,0.19419316805837417,0.955374218757951,14,G9F6C 79.25 Comdty,arithmetic
11,0,70.08000183105469,80.0,1.1205479452054794,0.0438500022888183,0.2482,0.8760000228881836,-0.13238916191768252,0.2627344362659756,0.9520516133448755,0,G9F6C 80 Comdty,arithmetic
11,1,70.58000183105469,80.0,1.1178082191780825,0.0449399995803833,0.2446,0.8822500228881835,-0.1252797904837899,0.25860689626249445,0.9510065766974146,1,G9F6C 80 Comdty,arithmetic
11,2,69.91000366210938,80.0,1.115068493150685,0.0457000017166137,0.24789999999999998,0.8738750457763672,-0.13481788176679113,0.2617744761357844,0.9503179824250041,2,G9F6C 80 Comdty,arithmetic
11,3,69.45999908447266,80.0,1.1123287671232878,0.0452400016784668,0.2491,0.8682499885559082,-0.14127560053859506,0.26271829206642877,0.9509234106332246,3,G9F6C 80 Comdty,arithmetic
11,4,69.23999786376953,80.0,1.104109589041096,0.0459899997711181,0.25170000000000003,0.8654999732971191,-0.14444793521842222,0.2644778503815882,0.950489656055984,4,G9F6C 80 Comdty,arithmetic
11,5,70.0999984741211,80.0,1.1013698630136983,0.0459100008010864,0.2509,0.8762499809265136,-0.1321038624005116,0.2633099409181153,0.950693185714754,5,G9F6C 80 Comdty,arithmetic
11,6,69.62000274658203,80.0,1.095890410958904,0.045789999961853,0.2457,0.8702500343322754,-0.1389747128395405,0.25721051556083097,0.9510574369616897,6,G9F6C 80 Comdty,arithmetic
11,7,70.5999984741211,80.0,1.093150684931507,0.0461899995803833,0.237,0.8824999809265137,-0.12499651178770108,0.247792616560538,0.9507609360604792,7,G9F6C 80 Comdty,arithmetic
11,8,70.98999786376953,80.0,1.084931506849315,0.0454500007629394,0.237,0.8873749732971191,-0.11948764271457896,0.24685930772044865,0.9518858681126297,8,G9F6C 80 Comdty,arithmetic
11,9,73.12999725341797,80.0,1.0767123287671232,0.0457499980926513,0.2253,0.9141249656677246,-0.08978799294855061,0.2337819811540846,0.951933987946338,9,G9F6C 80 Comdty,arithmetic
11,10,73.95999908447266,80.0,1.073972602739726,0.0459600019454956,0.2211,0.9244999885559082,-0.0785022405336399,0.22913178788456676,0.9518386128191062,10,G9F6C 80 Comdty,arithmetic
11,11,73.55999755859375,80.0,1.0657534246575342,0.0461800003051757,0.21739999999999998,0.9194999694824219,-0.0839252681270801,0.22443361675285436,0.9519750110085052,11,G9F6C 80 Comdty,arithmetic
11,12,73.31999969482422,80.0,1.0602739726027397,0.0469299983978271,0.2227,0.9164999961853028,-0.08719321586462203,0.22931331219683898,0.9514590258767754,12,G9F6C 80 Comdty,arithmetic
11,13,75.44000244140625,80.0,1.021917808219178,0.0459899997711181,0.20739999999999997,0.9430000305175781,-0.05868896398645518,0.20966055723543703,0.9540893059902346,13,G9F6C 80 Comdty,arithmetic
11,14,73.16999816894531,80.0,1.008219178082192,0.0452799987792968,0.1934,0.9146249771118165,-0.08924115880260758,0.19419316805837417,0.955374218757951,14,G9F6C 80 Comdty,arithmetic
12,0,70.08000183105469,81.25,1.1205479452054794,0.0438500022888183,0.2482,0.8625230994591346,-0.1478933484536477,0.2627344362659756,0.9520516133448755,0,G9F6C 81.25 Comdty,arithmetic
12,1,70.58000183105469,81.25,1.1178082191780825,0.0449399995803833,0.2446,0.8686769456129808,-0.14078397701975506,0.25860689626249445,0.9510065766974146,1,G9F6C 81.25 Comdty,arithmetic
12,2,69.91000366210938,81.25,1.115068493150685,0.0457000017166137,0.24789999999999998,0.8604308143028846,-0.15032206830275643,0.2617744761357844,0.9503179824250041,2,G9F6C 81.25 Comdty,arithmetic
12,3,69.45999908447266,81.25,1.1123287671232878,0.0452400016784668,0.2491,0.8548922964242789,-0.15677978707456022,0.26271829206642877,0.9509234106332246,3,G9F6C 81.25 Comdty,arithmetic
12,4,69.23999786376953,81.25,1.104109589041096,0.0459899997711181,0.25170000000000003,0.8521845890925481,-0.15995212175438744,0.2644778503815882,0.950489656055984,4,G9F6C 81.25 Comdty,arithmetic
12,5,70.0999984741211,81.25,1.1013698630136983,0.0459100008010864,0.2509,0.8627692119891827,-0.14760804893647686,0.2633099409181153,0.950693185714754,5,G9F6C 81.25 Comdty,arithmetic
12,6,69.62000274658203,81.25,1.095890410958904,0.045789999961853,0.2457,0.856861572265625,-0.15447889937550582,0.25721051556083097,0.9510574369616897,6,G9F6C 81.25 Comdty,arithmetic
12,7,70.5999984741211,81.25,1.093150684931507,0.0461899995803833,0.237,0.8689230581430288,-0.1405006983236664,0.247792616560538,0.9507609360604792,7,G9F6C 81.25 Comdty,arithmetic
12,8,70.98999786376953,81.25,1.084931506849315,0.0454500007629394,0.237,0.8737230506310096,-0.13499182925054415,0.24685930772044865,0.9518858681126297,8,G9F6C 81.25 Comdty,arithmetic
12,9,73.12999725341797,81.25,1.0767123287671232,0.0457499980926513,0.2253,0.9000615046574519,-0.10529217948451584,0.2337819811540846,0.951933987946338,9,G9F6C 81.25 Comdty,arithmetic
12,10,73.95999908447266,81.25,1.073972602739726,0.0459600019454956,0.2211,0.9102769118088943,-0.09400642706960513,0.22913178788456676,0.9518386128191062,10,G9F6C 81.25 Comdty,arithmetic
12,11,73.55999755859375,81.25,1.0657534246575342,0.0461800003051757,0.21739999999999998,0.9053538161057693,-0.09942945466304529,0.22443361675285436,0.9519750110085052,11,G9F6C 81.25 Comdty,arithmetic
12,12,73.31999969482422,81.25,1.0602739726027397,0.0469299983978271,0.2227,0.9023999962439904,-0.10269740240058733,0.22931331219683898,0.9514590258767754,12,G9F6C 81.25 Comdty,arithmetic
12,13,75.44000244140625,81.25,1.021917808219178,0.0459899997711181,0.20739999999999997,0.9284923377403846,-0.07419315052242036,0.20966055723543703,0.9540893059902346,13,G9F6C 81.25 Comdty,arithmetic
12,14,73.16999816894531,81.25,1.008219178082192,0.0452799987792968,0.1934,0.9005538236177885,-0.10474534533857288,0.19419316805837417,0.955374218757951,14,G9F6C 81.25 Comdty,arithmetic
13,0,70.08000183105469,70.0,2.117808219178082,0.0438500022888183,0.2482,1.0011428833007812,0.0011422307068400424,0.3611977962280501,0.9113157038590493,0,G9F7C 70 Comdty,arithmetic
13,1,70.58000183105469,70.0,2.115068493150685,0.0449399995803833,0.2446,1.0082857404436385,0.008251602140732877,0.35572850783662424,0.9093263965033845,1,G9F7C 70 Comdty,arithmetic
13,2,69.91000366210938,70.0,2.112328767123288,0.0457000017166137,0.24789999999999998,0.9987143380301339,-0.0012864891422685824,0.36029421048580434,0.9079795448947156,2,G9F7C 70 Comdty,arithmetic
13,3,69.45999908447266,70.0,2.1095890410958904,0.0452400016784668,0.2491,0.9922857012067522,-0.007744207914072442,0.3618034117682188,0.9089748874444392,3,G9F7C 70 Comdty,arithmetic
13,4,69.23999786376953,70.0,2.1013698630136988,0.0459899997711181,0.25170000000000003,0.989142826625279,-0.010916542593899663,0.3648668987190013,0.9078809697850726,4,G9F7C 70 Comdty,arithmetic
13,5,70.0999984741211,70.0,2.0986301369863014,0.0459100008010864,0.2509,1.0014285496303013,0.0014275302240109727,0.3634700359227685,0.9081478245442283,5,G9F7C 70 Comdty,arithmetic
13,6,69.62000274658203,70.0,2.0931506849315067,0.045789999961853,0.2457,0.9945714678083147,-0.005443320215017923,0.3554720047933182,0.9086045029179726,6,G9F7C 70 Comdty,arithmetic
13,7,70.5999984741211,70.0,2.0904109589041098,0.0461899995803833,0.237,1.0085714067731584,0.008534880836821395,0.34266060927787556,0.9079589766388846,7,G9F7C 70 Comdty,arithmetic
13,8,70.98999786376953,70.0,2.0821917808219177,0.0454500007629394,0.237,1.014142826625279,0.01404374990994367,0.3419863010955063,0.9097043539503136,8,G9F7C 70 Comdty,arithmetic
13,9,73.12999725341797,70.0,2.073972602739726,0.0457499980926513,0.2253,1.0447142464773995,0.04374339967597199,0.32446114709253365,0.9094782071899041,9,G9F7C 70 Comdty,arithmetic
13,10,73.95999908447266,70.0,2.0712328767123287,0.0459600019454956,0.2211,1.0565714154924666,0.055029152090882785,0.31820222208052895,0.9091966541142211,10,G9F7C 70 Comdty,arithmetic
13,11,73.55999755859375,70.0,2.063013698630137,0.0461800003051757,0.21739999999999998,1.0508571079799107,0.04960612449744256,0.31225585873617884,0.9091274612548168,11,G9F7C 70 Comdty,arithmetic
13,12,73.31999969482422,70.0,2.0575342465753423,0.0469299983978271,0.2227,1.0474285670689174,0.04633817675990057,0.31944327766261665,0.9079553470069074,12,G9F7C 70 Comdty,arithmetic
13,13,75.44000244140625,70.0,2.0191780821917806,0.0459899997711181,0.20739999999999997,1.0777143205915178,0.07484242863806748,0.2947108084253777,0.9113192540971343,13,G9F7C 70 Comdty,arithmetic
13,14,73.16999816894531,70.0,2.0054794520547947,0.0452799987792968,0.1934,1.04528568812779,0.04429023382191491,0.2738833164208777,0.9131929292892185,14,G9F7C 70 Comdty,arithmetic
14,0,70.08000183105469,71.1,2.117808219178082,0.0438500022888183,0.2482,0.9856540341920491,-0.01444986405299601,0.3611977962280501,0.9113157038590493,0,G9F7C 71.1 Comdty,arithmetic
14,1,70.58000183105469,71.1,2.115068493150685,0.0449399995803833,0.2446,0.9926863829965499,-0.007340492619103311,0.35572850783662424,0.9093263965033845,1,G9F7C 71.1 Comdty,arithmetic
14,2,69.91000366210938,71.1,2.112328767123288,0.0457000017166137,0.24789999999999998,0.9832630613517493,-0.01687858390210468,0.36029421048580434,0.9079795448947156,2,G9F7C 71.1 Comdty,arithmetic
14,3,69.45999908447266,71.1,2.1095890410958904,0.0452400016784668,0.2491,0.9769338830446225,-0.02333630267390858,0.3618034117682188,0.9089748874444392,3,G9F7C 71.1 Comdty,arithmetic
14,4,69.23999786376953,71.1,2.1013698630136988,0.0459899997711181,0.25170000000000003,0.9738396324018219,-0.026508637353735712,0.3648668987190013,0.9078809697850726,4,G9F7C 71.1 Comdty,arithmetic
14,5,70.0999984741211,71.1,2.0986301369863014,0.0459100008010864,0.2509,0.9859352809299733,-0.014164564535825047,0.3634700359227685,0.9081478245442283,5,G9F7C 71.1 Comdty,arithmetic
14,6,69.62000274658203,71.1,2.0931506849315067,0.045789999961853,0.2457,0.9791842861685237,-0.021035414974854064,0.3554720047933182,0.9086045029179726,6,G9F7C 71.1 Comdty,arithmetic
14,7,70.5999984741211,71.1,2.0904109589041098,0.0461899995803833,0.237,0.9929676297344739,-0.0070572139230146505,0.34266060927787556,0.9079589766388846,7,G9F7C 71.1 Comdty,arithmetic
14,8,70.98999786376953,71.1,2.0821917808219177,0.0454500007629394,0.237,0.9984528532175744,-0.0015483448498924118,0.3419863010955063,0.9097043539503136,8,G9F7C 71.1 Comdty,arithmetic
14,9,73.12999725341797,71.1,2.073972602739726,0.0457499980926513,0.2253,1.0285512975164273,0.02815130491613595,0.32446114709253365,0.9094782071899041,9,G9F7C 71.1 Comdty,arithmetic
14,10,73.95999908447266,71.1,2.0712328767123287,0.0459600019454956,0.2211,1.0402250222851288,0.03943705733104655,0.31820222208052895,0.9091966541142211,10,G9F7C 71.1 Comdty,arithmetic
14,11,73.55999755859375,71.1,2.063013698630137,0.0461800003051757,0.21739999999999998,1.0345991217805028,0.03401402973760638,0.31225585873617884,0.9091274612548168,11,G9F7C 71.1 Comdty,arithmetic
14,12,73.31999969482422,71.1,2.0575342465753423,0.0469299983978271,0.2227,1.031223624399778,0.030746082000064425,0.31944327766261665,0.9079553470069074,12,G9F7C 71.1 Comdty,arithmetic
14,13,75.44000244140625,71.1,2.0191780821917806,0.0459899997711181,0.20739999999999997,1.0610408219607068,0.05925033387823135,0.2947108084253777,0.9113192540971343,13,G9F7C 71.1 Comdty,arithmetic
14,14,73.16999816894531,71.1,2.0054794520547947,0.0452799987792968,0.1934,1.0291138982974024,0.028698139062078774,0.2738833164208777,0.9131929292892185,14,G9F7C 71.1 Comdty,arithmetic
15,0,70.08000183105469,70.85,1.1972602739726028,0.0438500022888183,0.2482,0.9891319947925856,-0.010927493380490266,0.27157892407180645,0.9488544484356977,0,G9G6C 70.85 Comdty,arithmetic
15,1,70.58000183105469,70.85,1.1945205479452057,0.0449399995803833,0.2446,0.9961891578130514,-0.003818121946597629,0.2673334266160919,0.9477336719835748,1,G9G6C 70.85 Comdty,arithmetic
15,2,69.91000366210938,70.85,1.1917808219178083,0.0457000017166137,0.24789999999999998,0.9867325852097302,-0.013356213229598872,0.2706292431727842,0.9469922348104292,2,G9G6C 70.85 Comdty,arithmetic
15,3,69.45999908447266,70.85,1.189041095890411,0.0452400016784668,0.2491,0.9803810738810538,-0.0198139320014028,0.27162651402852345,0.947628983285451,3,G9G6C 70.85 Comdty,arithmetic
15,4,69.23999786376953,70.85,1.180821917808219,0.0459899997711181,0.25170000000000003,0.9772759049226469,-0.02298626668123001,0.2735113911128624,0.947142236885544,4,G9G6C 70.85 Comdty,arithmetic
15,5,70.0999984741211,70.85,1.178082191780822,0.0459100008010864,0.2509,0.989414233932549,-0.010642193863319344,0.2723255922956528,0.9473508635434195,5,G9G6C 70.85 Comdty,arithmetic
15,6,69.62000274658203,70.85,1.1726027397260277,0.045789999961853,0.2457,0.9826394177358085,-0.017513044302348325,0.2660606261120261,0.9477225584650838,6,G9G6C 70.85 Comdty,arithmetic
15,7,70.5999984741211,70.85,1.16986301369863,0.0461899995803833,0.237,0.9964713969530148,-0.003534843250508896,0.2563396879463622,0.9473980259810749,7,G9G6C 70.85 Comdty,arithmetic
15,8,70.98999786376953,70.85,1.1616438356164382,0.0454500007629394,0.237,1.0019759754942772,0.001974025822613353,0.25543761000044557,0.9485728252034397,8,G9G6C 70.85 Comdty,arithmetic
15,9,73.12999725341797,70.85,1.1534246575342466,0.0457499980926513,0.2253,1.0321806246071696,0.031673675588641564,0.24196681471775738,0.9485989467286903,9,G9G6C 70.85 Comdty,arithmetic
15,10,73.95999908447266,70.85,1.1506849315068493,0.0459600019454956,0.2211,1.0438955410652457,0.04295942800355232,0.2371739330545158,0.94848862557687,10,G9G6C 70.85 Comdty,arithmetic
15,11,73.55999755859375,70.85,1.1424657534246576,0.0461800003051757,0.21739999999999998,1.0382497891121207,0.037536400410112164,0.23237057626198881,0.9486085343050242,11,G9G6C 70.85 Comdty,arithmetic
15,12,73.31999969482422,70.85,1.1369863013698631,0.0469299983978271,0.2227,1.0348623810137505,0.03426845267257017,0.23746402957598814,0.9480398276679541,12,G9G6C 70.85 Comdty,arithmetic
15,13,75.44000244140625,70.85,1.0986301369863014,0.0459899997711181,0.20739999999999997,1.0647847909866797,0.0627727045507371,0.21738746898391562,0.9507292096306006,13,G9G6C 70.85 Comdty,arithmetic
15,14,73.16999816894531,70.85,1.084931506849315,0.0452799987792968,0.1934,1.0327452105708583,0.03222050973458454,0.20144552790352224,0.9520614506177351,14,G9G6C 70.85 Comdty,arithmetic
16,0,70.08000183105469,74.0,1.1972602739726028,0.0438500022888183,0.2482,0.9470270517710093,-0.0544276204479706,0.27157892407180645,0.9488544484356977,0,G9G6C 74 Comdty,arithmetic
16,1,70.58000183105469,74.0,1.1945205479452057,0.0449399995803833,0.2446,0.953783808527766,-0.04731824901407804,0.2673334266160919,0.9477336719835748,1,G9G6C 74 Comdty,arithmetic
16,2,69.91000366210938,74.0,1.1917808219178083,0.0457000017166137,0.24789999999999998,0.9447297792176943,-0.05685634029707924,0.2706292431727842,0.9469922348104292,2,G9G6C 74 Comdty,arithmetic
16,3,69.45999908447266,74.0,1.189041095890411,0.0452400016784668,0.2491,0.9386486362766575,-0.06331405906888317,0.27162651402852345,0.947628983285451,3,G9G6C 74 Comdty,arithmetic
16,4,69.23999786376953,74.0,1.180821917808219,0.0459899997711181,0.25170000000000003,0.9356756468076963,-0.06648639374871042,0.2735113911128624,0.947142236885544,4,G9G6C 74 Comdty,arithmetic
16,5,70.0999984741211,74.0,1.178082191780822,0.0459100008010864,0.2509,0.9472972766773121,-0.05414232093079967,0.2723255922956528,0.9473508635434195,5,G9G6C 74 Comdty,arithmetic
16,6,69.62000274658203,74.0,1.1726027397260277,0.045789999961853,0.2457,0.9408108479267842,-0.06101317136982874,0.2660606261120261,0.9477225584650838,6,G9G6C 74 Comdty,arithmetic
16,7,70.5999984741211,74.0,1.16986301369863,0.0461899995803833,0.237,0.9540540334340688,-0.0470349703179893,0.2563396879463622,0.9473980259810749,7,G9G6C 74 Comdty,arithmetic
16,8,70.98999786376953,74.0,1.1616438356164382,0.0454500007629394,0.237,0.959324295456345,-0.04152610124486708,0.25543761000044557,0.9485728252034397,8,G9G6C 74 Comdty,arithmetic
16,9,73.12999725341797,74.0,1.1534246575342466,0.0457499980926513,0.2253,0.9882432061272699,-0.011826451478838698,0.24196681471775738,0.9485989467286903,9,G9G6C 74 Comdty,arithmetic
16,10,73.95999908447266,74.0,1.1506849315068493,0.0459600019454956,0.2211,0.9994594470874684,-0.0005406990639280039,0.2371739330545158,0.94848862557687,10,G9G6C 74 Comdty,arithmetic
16,11,73.55999755859375,74.0,1.1424657534246576,0.0461800003051757,0.21739999999999998,0.9940540210620777,-0.005963726657368168,0.23237057626198881,0.9486085343050242,11,G9G6C 74 Comdty,arithmetic
16,12,73.31999969482422,74.0,1.1369863013698631,0.0469299983978271,0.2227,0.9908108066868138,-0.0092316743949102,0.23746402957598814,0.9480398276679541,12,G9G6C 74 Comdty,arithmetic
16,13,75.44000244140625,74.0,1.0986301369863014,0.0459899997711181,0.20739999999999997,1.0194594924514357,0.01927257748325666,0.21738746898391562,0.9507292096306006,13,G9G6C 74 Comdty,arithmetic
16,14,73.16999816894531,74.0,1.084931506849315,0.0452799987792968,0.1934,0.9887837590398015,-0.011279617332895755,0.20144552790352224,0.9520614506177351,14,G9G6C 74 Comdty,arithmetic
17,0,70.08000183105469,75.25,1.1972602739726028,0.0438500022888183,0.2482,0.9312957053960755,-0.07117843087278604,0.27157892407180645,0.9488544484356977,0,G9G6C 75.25 Comdty,arithmetic
17,1,70.58000183105469,75.25,1.1945205479452057,0.0449399995803833,0.2446,0.9379402236685008,-0.06406905943889335,0.2673334266160919,0.9477336719835748,1,G9G6C 75.25 Comdty,arithmetic
17,2,69.91000366210938,75.25,1.1917808219178083,0.0457000017166137,0.24789999999999998,0.9290365935164037,-0.07360715072189464,0.2706292431727842,0.9469922348104292,2,G9G6C 75.25 Comdty,arithmetic
17,3,69.45999908447266,75.25,1.189041095890411,0.0452400016784668,0.2491,0.9230564662388393,-0.08006486949369851,0.27162651402852345,0.947628983285451,3,G9G6C 75.25 Comdty,arithmetic
17,4,69.23999786376953,75.25,1.180821917808219,0.0459899997711181,0.25170000000000003,0.9201328619770037,-0.08323720417352574,0.2735113911128624,0.947142236885544,4,G9G6C 75.25 Comdty,arithmetic
17,5,70.0999984741211,75.25,1.178082191780822,0.0459100008010864,0.2509,0.9315614415165594,-0.07089313135561505,0.2723255922956528,0.9473508635434195,5,G9G6C 75.25 Comdty,arithmetic
17,6,69.62000274658203,75.25,1.1726027397260277,0.045789999961853,0.2457,0.9251827607519206,-0.0777639817946441,0.2660606261120261,0.9477225584650838,6,G9G6C 75.25 Comdty,arithmetic
17,7,70.5999984741211,75.25,1.16986301369863,0.0461899995803833,0.237,0.9382059597889847,-0.06378578074280457,0.2563396879463622,0.9473980259810749,7,G9G6C 75.25 Comdty,arithmetic
17,8,70.98999786376953,75.25,1.1616438356164382,0.0454500007629394,0.237,0.9433886759304921,-0.058276911669682394,0.25543761000044557,0.9485728252034397,8,G9G6C 75.25 Comdty,arithmetic
17,9,73.12999725341797,75.25,1.1534246575342466,0.0457499980926513,0.2253,0.971827206025488,-0.028577261903654064,0.24196681471775738,0.9485989467286903,9,G9G6C 75.25 Comdty,arithmetic
17,10,73.95999908447266,75.25,1.1506849315068493,0.0459600019454956,0.2211,0.9828571306906665,-0.017291509488743438,0.2371739330545158,0.94848862557687,10,G9G6C 75.25 Comdty,arithmetic
17,11,73.55999755859375,75.25,1.1424657534246576,0.0461800003051757,0.21739999999999998,0.9775414957952658,-0.022714537082183506,0.23237057626198881,0.9486085343050242,11,G9G6C 75.25 Comdty,arithmetic
17,12,73.31999969482422,75.25,1.1369863013698631,0.0469299983978271,0.2227,0.9743521554129464,-0.025982484819725583,0.23746402957598814,0.9480398276679541,12,G9G6C 75.25 Comdty,arithmetic
17,13,75.44000244140625,75.25,1.0986301369863014,0.0459899997711181,0.20739999999999997,1.0025249493874584,0.0025217670584412946,0.21738746898391562,0.9507292096306006,13,G9G6C 75.25 Comdty,arithmetic
17,14,73.16999816894531,75.25,1.084931506849315,0.0452799987792968,0.1934,0.9723587796537583,-0.028030427757711158,0.20144552790352224,0.9520614506177351,14,G9G6C 75.25 Comdty,arithmetic
18,0,70.08000183105469,75.75,1.1972602739726028,0.0438500022888183,0.2482,0.9251485390238242,-0.07780097163327945,0.27157892407180645,0.9488544484356977,0,G9G6C 75.75 Comdty,arithmetic
18,1,70.58000183105469,75.75,1.1945205479452057,0.0449399995803833,0.2446,0.9317491990898309,-0.07069160019938672,0.2673334266160919,0.9477336719835748,1,G9G6C 75.75 Comdty,arithmetic
18,2,69.91000366210938,75.75,1.1917808219178083,0.0457000017166137,0.24789999999999998,0.9229043387737211,-0.08022969148238805,0.2706292431727842,0.9469922348104292,2,G9G6C 75.75 Comdty,arithmetic
18,3,69.45999908447266,75.75,1.189041095890411,0.0452400016784668,0.2491,0.9169636842834674,-0.08668741025419192,0.27162651402852345,0.947628983285451,3,G9G6C 75.75 Comdty,arithmetic
18,4,69.23999786376953,75.75,1.180821917808219,0.0459899997711181,0.25170000000000003,0.9140593777395317,-0.0898597449340192,0.2735113911128624,0.947142236885544,4,G9G6C 75.75 Comdty,arithmetic
18,5,70.0999984741211,75.75,1.178082191780822,0.0459100008010864,0.2509,0.9254125211105095,-0.07751567211610845,0.2723255922956528,0.9473508635434195,5,G9G6C 75.75 Comdty,arithmetic
18,6,69.62000274658203,75.75,1.1726027397260277,0.045789999961853,0.2457,0.9190759438492677,-0.08438652255513748,0.2660606261120261,0.9477225584650838,6,G9G6C 75.75 Comdty,arithmetic
18,7,70.5999984741211,75.75,1.16986301369863,0.0461899995803833,0.237,0.9320131811765161,-0.07040832150329802,0.2563396879463622,0.9473980259810749,7,G9G6C 75.75 Comdty,arithmetic
18,8,70.98999786376953,75.75,1.1616438356164382,0.0454500007629394,0.237,0.9371616879705549,-0.06489945243017582,0.25543761000044557,0.9485728252034397,8,G9G6C 75.75 Comdty,arithmetic
18,9,73.12999725341797,75.75,1.1534246575342466,0.0457499980926513,0.2253,0.9654125049956167,-0.035199802664147566,0.24196681471775738,0.9485989467286903,9,G9G6C 75.75 Comdty,arithmetic
18,10,73.95999908447266,75.75,1.1506849315068493,0.0459600019454956,0.2211,0.9763696248775268,-0.023914050249236866,0.2371739330545158,0.94848862557687,10,G9G6C 75.75 Comdty,arithmetic
18,11,73.55999755859375,75.75,1.1424657534246576,0.0461800003051757,0.21739999999999998,0.9710890766811056,-0.02933707784267703,0.23237057626198881,0.9486085343050242,11,G9G6C 75.75 Comdty,arithmetic
18,12,73.31999969482422,75.75,1.1369863013698631,0.0469299983978271,0.2227,0.9679207880504848,-0.03260502558021894,0.23746402957598814,0.9480398276679541,12,G9G6C 75.75 Comdty,arithmetic
18,13,75.44000244140625,75.75,1.0986301369863014,0.0459899997711181,0.20739999999999997,0.9959076229888614,-0.004100773702052057,0.21738746898391562,0.9507292096306006,13,G9G6C 75.75 Comdty,arithmetic
18,14,73.16999816894531,75.75,1.084931506849315,0.0452799987792968,0.1934,0.9659405698870668,-0.03465296851820459,0.20144552790352224,0.9520614506177351,14,G9G6C 75.75 Comdty,arithmetic
19,0,70.08000183105469,76.55,1.1972602739726028,0.0438500022888183,0.2482,0.9154801022998653,-0.0883066493474936,0.27157892407180645,0.9488544484356977,0,G9G6C 76.55 Comdty,arithmetic
19,1,70.58000183105469,76.55,1.1945205479452057,0.0449399995803833,0.2446,0.9220117809412761,-0.08119727791360101,0.2673334266160919,0.9477336719835748,1,G9G6C 76.55 Comdty,arithmetic
19,2,69.91000366210938,76.55,1.1917808219178083,0.0457000017166137,0.24789999999999998,0.9132593554815073,-0.0907353691966022,0.2706292431727842,0.9469922348104292,2,G9G6C 76.55 Comdty,arithmetic
19,3,69.45999908447266,76.55,1.189041095890411,0.0452400016784668,0.2491,0.9073807849049335,-0.09719308796840617,0.27162651402852345,0.947628983285451,3,G9G6C 76.55 Comdty,arithmetic
19,4,69.23999786376953,76.55,1.180821917808219,0.0459899997711181,0.25170000000000003,0.9045068303562317,-0.1003654226482333,0.2735113911128624,0.947142236885544,4,G9G6C 76.55 Comdty,arithmetic
19,5,70.0999984741211,76.55,1.178082191780822,0.0459100008010864,0.2509,0.9157413255926988,-0.0880213498303227,0.2723255922956528,0.9473508635434195,5,G9G6C 76.55 Comdty,arithmetic
19,6,69.62000274658203,76.55,1.1726027397260277,0.045789999961853,0.2457,0.9094709699096282,-0.09489220026935162,0.2660606261120261,0.9477225584650838,6,G9G6C 76.55 Comdty,arithmetic
19,7,70.5999984741211,76.55,1.16986301369863,0.0461899995803833,0.237,0.9222730042341097,-0.08091399921751218,0.2563396879463622,0.9473980259810749,7,G9G6C 76.55 Comdty,arithmetic
19,8,70.98999786376953,76.55,1.1616438356164382,0.0454500007629394,0.237,0.9273677056011697,-0.07540513014438999,0.25543761000044557,0.9485728252034397,8,G9G6C 76.55 Comdty,arithmetic
19,9,73.12999725341797,76.55,1.1534246575342466,0.0457499980926513,0.2253,0.9553232822131675,-0.045705480378361675,0.24196681471775738,0.9485989467286903,9,G9G6C 76.55 Comdty,arithmetic
19,10,73.95999908447266,76.55,1.1506849315068493,0.0459600019454956,0.2211,0.9661658926776311,-0.034419727963451004,0.2371739330545158,0.94848862557687,10,G9G6C 76.55 Comdty,arithmetic
19,11,73.55999755859375,76.55,1.1424657534246576,0.0461800003051757,0.21739999999999998,0.9609405298314011,-0.03984275555689115,0.23237057626198881,0.9486085343050242,11,G9G6C 76.55 Comdty,arithmetic
19,12,73.31999969482422,76.55,1.1369863013698631,0.0469299983978271,0.2227,0.9578053519898657,-0.04311070329443318,0.23746402957598814,0.9480398276679541,12,G9G6C 76.55 Comdty,arithmetic
19,13,75.44000244140625,76.55,1.0986301369863014,0.0459899997711181,0.20739999999999997,0.9854997053090301,-0.014606451416266245,0.21738746898391562,0.9507292096306006,13,G9G6C 76.55 Comdty,arithmetic
19,14,73.16999816894531,76.55,1.084931506849315,0.0452799987792968,0.1934,0.9558458284643412,-0.045158646232418706,0.20144552790352224,0.9520614506177351,14,G9G6C 76.55 Comdty,arithmetic
20,0,70.08000183105469,76.77,1.1972602739726028,0.0438500022888183,0.2482,0.9128566084545355,-0.09117646608360794,0.27157892407180645,0.9488544484356977,0,G9G6C 76.77 Comdty,arithmetic
20,1,70.58000183105469,76.77,1.1945205479452057,0.0449399995803833,0.2446,0.9193695692465116,-0.08406709464971528,0.2673334266160919,0.9477336719835748,1,G9G6C 76.77 Comdty,arithmetic
20,2,69.91000366210938,76.77,1.1917808219178083,0.0457000017166137,0.24789999999999998,0.9106422256364385,-0.09360518593271656,0.2706292431727842,0.9469922348104292,2,G9G6C 76.77 Comdty,arithmetic
20,3,69.45999908447266,76.77,1.189041095890411,0.0452400016784668,0.2491,0.9047805012957231,-0.10006290470452049,0.27162651402852345,0.947628983285451,3,G9G6C 76.77 Comdty,arithmetic
20,4,69.23999786376953,76.77,1.180821917808219,0.0459899997711181,0.25170000000000003,0.9019147826464704,-0.10323523938434774,0.2735113911128624,0.947142236885544,4,G9G6C 76.77 Comdty,arithmetic
20,5,70.0999984741211,76.77,1.178082191780822,0.0459100008010864,0.2509,0.9131170831590608,-0.09089116656643702,0.2723255922956528,0.9473508635434195,5,G9G6C 76.77 Comdty,arithmetic
20,6,69.62000274658203,76.77,1.1726027397260277,0.045789999961853,0.2457,0.9068646964515049,-0.09776201700546605,0.2660606261120261,0.9477225584650838,6,G9G6C 76.77 Comdty,arithmetic
20,7,70.5999984741211,76.77,1.16986301369863,0.0461899995803833,0.237,0.9196300439510369,-0.08378381595362655,0.2563396879463622,0.9473980259810749,7,G9G6C 76.77 Comdty,arithmetic
20,8,70.98999786376953,76.77,1.1616438356164382,0.0454500007629394,0.237,0.9247101454183866,-0.07827494688050435,0.25543761000044557,0.9485728252034397,8,G9G6C 76.77 Comdty,arithmetic
20,9,73.12999725341797,76.77,1.1534246575342466,0.0457499980926513,0.2253,0.9525856096576524,-0.04857529711447607,0.24196681471775738,0.9485989467286903,9,G9G6C 76.77 Comdty,arithmetic
20,10,73.95999908447266,76.77,1.1506849315068493,0.0459600019454956,0.2211,0.9633971484235073,-0.03728954469956541,0.2371739330545158,0.94848862557687,10,G9G6C 76.77 Comdty,arithmetic
20,11,73.55999755859375,76.77,1.1424657534246576,0.0461800003051757,0.21739999999999998,0.9581867599139475,-0.04271257229300556,0.23237057626198881,0.9486085343050242,11,G9G6C 76.77 Comdty,arithmetic
20,12,73.31999969482422,76.77,1.1369863013698631,0.0469299983978271,0.2227,0.9550605665601696,-0.045980520030547575,0.23746402957598814,0.9480398276679541,12,G9G6C 76.77 Comdty,arithmetic
20,13,75.44000244140625,76.77,1.0986301369863014,0.0459899997711181,0.20739999999999997,0.9826755560949102,-0.017476268152380577,0.21738746898391562,0.9507292096306006,13,G9G6C 76.77 Comdty,arithmetic
20,14,73.16999816894531,76.77,1.084931506849315,0.0452799987792968,0.1934,0.9531066584465978,-0.04802846296853312,0.20144552790352224,0.9520614506177351,14,G9G6C 76.77 Comdty,arithmetic
21,0,70.08000183105469,80.0,1.1972602739726028,0.0438500022888183,0.2482,0.8760000228881836,-0.13238916191768252,0.27157892407180645,0.9488544484356977,0,G9G6C 80 Comdty,arithmetic
21,1,70.58000183105469,80.0,1.1945205479452057,0.0449399995803833,0.2446,0.8822500228881835,-0.1252797904837899,0.2673334266160919,0.9477336719835748,1,G9G6C 80 Comdty,arithmetic
21,2,69.91000366210938,80.0,1.1917808219178083,0.0457000017166137,0.24789999999999998,0.8738750457763672,-0.13481788176679113,0.2706292431727842,0.9469922348104292,2,G9G6C 80 Comdty,arithmetic
21,3,69.45999908447266,80.0,1.189041095890411,0.0452400016784668,0.2491,0.8682499885559082,-0.14127560053859506,0.27162651402852345,0.947628983285451,3,G9G6C 80 Comdty,arithmetic
21,4,69.23999786376953,80.0,1.180821917808219,0.0459899997711181,0.25170000000000003,0.8654999732971191,-0.14444793521842222,0.2735113911128624,0.947142236885544,4,G9G6C 80 Comdty,arithmetic
21,5,70.0999984741211,80.0,1.178082191780822,0.0459100008010864,0.2509,0.8762499809265136,-0.1321038624005116,0.2723255922956528,0.9473508635434195,5,G9G6C 80 Comdty,arithmetic
21,6,69.62000274658203,80.0,1.1726027397260277,0.045789999961853,0.2457,0.8702500343322754,-0.1389747128395405,0.2660606261120261,0.9477225584650838,6,G9G6C 80 Comdty,arithmetic
21,7,70.5999984741211,80.0,1.16986301369863,0.0461899995803833,0.237,0.8824999809265137,-0.12499651178770108,0.2563396879463622,0.9473980259810749,7,G9G6C 80 Comdty,arithmetic
21,8,70.98999786376953,80.0,1.1616438356164382,0.0454500007629394,0.237,0.8873749732971191,-0.11948764271457896,0.25543761000044557,0.9485728252034397,8,G9G6C 80 Comdty,arithmetic
21,9,73.12999725341797,80.0,1.1534246575342466,0.0457499980926513,0.2253,0.9141249656677246,-0.08978799294855061,0.24196681471775738,0.9485989467286903,9,G9G6C 80 Comdty,arithmetic
21,10,73.95999908447266,80.0,1.1506849315068493,0.0459600019454956,0.2211,0.9244999885559082,-0.0785022405336399,0.2371739330545158,0.94848862557687,10,G9G6C 80 Comdty,arithmetic
21,11,73.55999755859375,80.0,1.1424657534246576,0.0461800003051757,0.21739999999999998,0.9194999694824219,-0.0839252681270801,0.23237057626198881,0.9486085343050242,11,G9G6C 80 Comdty,arithmetic
21,12,73.31999969482422,80.0,1.1369863013698631,0.0469299983978271,0.2227,0.9164999961853028,-0.08719321586462203,0.23746402957598814,0.9480398276679541,12,G9G6C 80 Comdty,arithmetic
21,13,75.44000244140625,80.0,1.0986301369863014,0.0459899997711181,0.20739999999999997,0.9430000305175781,-0.05868896398645518,0.21738746898391562,0.9507292096306006,13,G9G6C 80 Comdty,arithmetic
21,14,73.16999816894531,80.0,1.084931506849315,0.0452799987792968,0.1934,0.9146249771118165,-0.08924115880260758,0.20144552790352224,0.9520614506177351,14,G9G6C 80 Comdty,arithmetic
22,0,70.08000183105469,81.25,1.1972602739726028,0.0438500022888183,0.2482,0.8625230994591346,-0.1478933484536477,0.27157892407180645,0.9488544484356977,0,G9G6C 81.25 Comdty,arithmetic
22,1,70.58000183105469,81.25,1.1945205479452057,0.0449399995803833,0.2446,0.8686769456129808,-0.14078397701975506,0.2673334266160919,0.9477336719835748,1,G9G6C 81.25 Comdty,arithmetic
22,2,69.91000366210938,81.25,1.1917808219178083,0.0457000017166137,0.24789999999999998,0.8604308143028846,-0.15032206830275643,0.2706292431727842,0.9469922348104292,2,G9G6C 81.25 Comdty,arithmetic
22,3,69.45999908447266,81.25,1.189041095890411,0.0452400016784668,0.2491,0.8548922964242789,-0.15677978707456022,0.27162651402852345,0.947628983285451,3,G9G6C 81.25 Comdty,arithmetic
22,4,69.23999786376953,81.25,1.180821917808219,0.0459899997711181,0.25170000000000003,0.8521845890925481,-0.15995212175438744,0.2735113911128624,0.947142236885544,4,G9G6C 81.25 Comdty,arithmetic
22,5,70.0999984741211,81.25,1.178082191780822,0.0459100008010864,0.2509,0.8627692119891827,-0.14760804893647686,0.2723255922956528,0.9473508635434195,5,G9G6C 81.25 Comdty,arithmetic
22,6,69.62000274658203,81.25,1.1726027397260277,0.045789999961853,0.2457,0.856861572265625,-0.15447889937550582,0.2660606261120261,0.9477225584650838,6,G9G6C 81.25 Comdty,arithmetic
22,7,70.5999984741211,81.25,1.16986301369863,0.0461899995803833,0.237,0.8689230581430288,-0.1405006983236664,0.2563396879463622,0.9473980259810749,7,G9G6C 81.25 Comdty,arithmetic
22,8,70.98999786376953,81.25,1.1616438356164382,0.0454500007629394,0.237,0.8737230506310096,-0.13499182925054415,0.25543761000044557,0.9485728252034397,8,G9G6C 81.25 Comdty,arithmetic
22,9,73.12999725341797,81.25,1.1534246575342466,0.0457499980926513,0.2253,0.9000615046574519,-0.10529217948451584,0.24196681471775738,0.9485989467286903,9,G9G6C 81.25 Comdty,arithmetic
22,10,73.95999908447266,81.25,1.1506849315068493,0.0459600019454956,0.2211,0.9102769118088943,-0.09400642706960513,0.2371739330545158,0.94848862557687,10,G9G6C 81.25 Comdty,arithmetic
22,11,73.55999755859375,81.25,1.1424657534246576,0.0461800003051757,0.21739999999999998,0.9053538161057693,-0.09942945466304529,0.23237057626198881,0.9486085343050242,11,G9G6C 81.25 Comdty,arithmetic
22,12,73.31999969482422,81.25,1.1369863013698631,0.0469299983978271,0.2227,0.9023999962439904,-0.10269740240058733,0.23746402957598814,0.9480398276679541,12,G9G6C 81.25 Comdty,arithmetic
22,13,75.44000244140625,81.25,1.0986301369863014,0.0459899997711181,0.20739999999999997,0.9284923377403846,-0.07419315052242036,0.21738746898391562,0.9507292096306006,13,G9G6C 81.25 Comdty,arithmetic
22,14,73.16999816894531,81.25,1.084931506849315,0.0452799987792968,0.1934,0.9005538236177885,-0.10474534533857288,0.20144552790352224,0.9520614506177351,14,G9G6C 81.25 Comdty,arithmetic
23,0,70.08000183105469,69.0,2.1945205479452055,0.0438500022888183,0.2482,1.0156522004500679,0.015530968158939683,0.36768135117245204,0.9082553376470491,0,G9G7C 69 Comdty,arithmetic
23,1,70.58000183105469,69.0,2.191780821917808,0.0449399995803833,0.2446,1.0228985772616621,0.02264033959283235,0.3621220864286685,0.90619693481252,1,G9G7C 69 Comdty,arithmetic
23,2,69.91000366210938,69.0,2.1890410958904107,0.0457000017166137,0.24789999999999998,1.0131884588711504,0.013102248309831106,0.36677817412395003,0.9048019655356353,2,G9G7C 69 Comdty,arithmetic
23,3,69.45999908447266,69.0,2.186301369863014,0.0452400016784668,0.2491,1.0066666533981545,0.0066445295380272995,0.3683229166154471,0.9058257886903741,3,G9G7C 69 Comdty,arithmetic
23,4,69.23999786376953,69.0,2.1780821917808217,0.0459899997711181,0.25170000000000003,1.0034782299097034,0.003472194858200009,0.37146709343742595,0.9046836092000594,4,G9G7C 69 Comdty,arithmetic
23,5,70.0999984741211,69.0,2.175342465753425,0.0459100008010864,0.2509,1.0159420068713203,0.015816267676110763,0.3700534694426947,0.9049550777627928,5,G9G7C 69 Comdty,arithmetic
23,6,69.62000274658203,69.0,2.16986301369863,0.045789999961853,0.2457,1.0089855470519136,0.008945417237081747,0.36192727673364933,0.9054184854379133,6,G9G7C 69 Comdty,arithmetic
23,7,70.5999984741211,69.0,2.1671232876712327,0.0461899995803833,0.237,1.0231883836829143,0.022923618288921022,0.34889131251036537,0.9047474601804188,7,G9G7C 69 Comdty,arithmetic
23,8,70.98999786376953,69.0,2.158904109589041,0.0454500007629394,0.237,1.028840548750283,0.028432487362043204,0.3482290696244454,0.9065381239848554,8,G9G7C 69 Comdty,arithmetic
23,9,73.12999725341797,69.0,2.1506849315068495,0.0457499980926513,0.2253,1.0598550326582314,0.05813213712807164,0.3304072648791663,0.9062919071460595,9,G9G7C 69 Comdty,arithmetic
23,10,73.95999908447266,69.0,2.147945205479452,0.0459600019454956,0.2211,1.0718840447025022,0.06941788954298228,0.3240412819971495,0.9059967448534004,10,G9G7C 69 Comdty,arithmetic
23,11,73.55999755859375,69.0,2.1397260273972605,0.0461800003051757,0.21739999999999998,1.0660869211390398,0.06399486194954211,0.31800842394287315,0.9059125066778403,11,G9G7C 69 Comdty,arithmetic
23,12,73.31999969482422,69.0,2.1342465753424658,0.0469299983978271,0.2227,1.0626086912293364,0.06072691421200012,0.32534378407404135,0.9046924852212251,12,G9G7C 69 Comdty,arithmetic
23,13,75.44000244140625,69.0,2.095890410958904,0.0459899997711181,0.20739999999999997,1.0933333687160327,0.08923116609016718,0.30025692833588136,0.9081097846177777,13,G9G7C 69 Comdty,arithmetic
23,14,73.16999816894531,69.0,2.0821917808219177,0.0452799987792968,0.1934,1.0604347560716711,0.05867897127401456,0.27907236553532033,0.9100264251250673,14,G9G7C 69 Comdty,arithmetic
24,0,70.08000183105469,70.0,2.1945205479452055,0.0438500022888183,0.2482,1.0011428833007812,0.0011422307068400424,0.36768135117245204,0.9082553376470491,0,G9G7C 70 Comdty,arithmetic
24,1,70.58000183105469,70.0,2.191780821917808,0.0449399995803833,0.2446,1.0082857404436385,0.008251602140732877,0.3621220864286685,0.90619693481252,1,G9G7C 70 Comdty,arithmetic
24,2,69.91000366210938,70.0,2.1890410958904107,0.0457000017166137,0.24789999999999998,0.9987143380301339,-0.0012864891422685824,0.36677817412395003,0.9048019655356353,2,G9G7C 70 Comdty,arithmetic
24,3,69.45999908447266,70.0,2.186301369863014,0.0452400016784668,0.2491,0.9922857012067522,-0.007744207914072442,0.3683229166154471,0.9058257886903741,3,G9G7C 70 Comdty,arithmetic
24,4,69.23999786376953,70.0,2.1780821917808217,0.0459899997711181,0.25170000000000003,0.989142826625279,-0.010916542593899663,0.37146709343742595,0.9046836092000594,4,G9G7C 70 Comdty,arithmetic
24,5,70.0999984741211,70.0,2.175342465753425,0.0459100008010864,0.2509,1.0014285496303013,0.0014275302240109727,0.3700534694426947,0.9049550777627928,5,G9G7C 70 Comdty,arithmetic
24,6,69.62000274658203,70.0,2.16986301369863,0.045789999961853,0.2457,0.9945714678083147,-0.005443320215017923,0.36192727673364933,0.9054184854379133,6,G9G7C 70 Comdty,arithmetic
24,7,70.5999984741211,70.0,2.1671232876712327,0.0461899995803833,0.237,1.0085714067731584,0.008534880836821395,0.34889131251036537,0.9047474601804188,7,G9G7C 70 Comdty,arithmetic
24,8,70.98999786376953,70.0,2.158904109589041,0.0454500007629394,0.237,1.014142826625279,0.01404374990994367,0.3482290696244454,0.9065381239848554,8,G9G7C 70 Comdty,arithmetic
24,9,73.12999725341797,70.0,2.1506849315068495,0.0457499980926513,0.2253,1.0447142464773995,0.04374339967597199,0.3304072648791663,0.9062919071460595,9,G9G7C 70 Comdty,arithmetic
24,10,73.95999908447266,70.0,2.147945205479452,0.0459600019454956,0.2211,1.0565714154924666,0.055029152090882785,0.3240412819971495,0.9059967448534004,10,G9G7C 70 Comdty,arithmetic
24,11,73.55999755859375,70.0,2.1397260273972605,0.0461800003051757,0.21739999999999998,1.0508571079799107,0.04960612449744256,0.31800842394287315,0.9059125066778403,11,G9G7C 70 Comdty,arithmetic
24,12,73.31999969482422,70.0,2.1342465753424658,0.0469299983978271,0.2227,1.0474285670689174,0.04633817675990057,0.32534378407404135,0.9046924852212251,12,G9G7C 70 Comdty,arithmetic
24,13,75.44000244140625,70.0,2.095890410958904,0.0459899997711181,0.20739999999999997,1.0777143205915178,0.07484242863806748,0.30025692833588136,0.9081097846177777,13,G9G7C 70 Comdty,arithmetic
24,14,73.16999816894531,70.0,2.0821917808219177,0.0452799987792968,0.1934,1.04528568812779,0.04429023382191491,0.27907236553532033,0.9100264251250673,14,G9G7C 70 Comdty,arithmetic
25,0,70.08000183105469,69.5,1.284931506849315,0.0438500022888183,0.2482,1.0083453500871178,0.008310720185452654,0.281346661611614,0.9452136905206265,0,G9H6C 69.5 Comdty,arithmetic
25,1,70.58000183105469,69.5,1.282191780821918,0.0449399995803833,0.2446,1.0155395946914343,0.015420091619345249,0.27697013775040713,0.9440069995447847,1,G9H6C 69.5 Comdty,arithmetic
25,2,69.91000366210938,69.5,1.2794520547945205,0.0457000017166137,0.24789999999999998,1.0058993332677608,0.005882000336344045,0.28040679583541644,0.9432056296555369,2,G9H6C 69.5 Comdty,arithmetic
25,3,69.45999908447266,69.5,1.2767123287671234,0.0452400016784668,0.2491,0.9994244472585994,-0.0005757184354598724,0.28146231388409054,0.9438778967211447,3,G9H6C 69.5 Comdty,arithmetic
25,4,69.23999786376953,69.5,1.2684931506849315,0.0459899997711181,0.25170000000000003,0.9962589620686263,-0.003748053115287125,0.28348316888502556,0.9433310479255468,4,G9H6C 69.5 Comdty,arithmetic
25,5,70.0999984741211,69.5,1.2657534246575342,0.0459100008010864,0.2509,1.0086330715700877,0.00859601970262366,0.2822768204129871,0.9435454527293309,5,G9H6C 69.5 Comdty,arithmetic
25,6,69.62000274658203,69.5,1.2602739726027397,0.045789999961853,0.2457,1.001726658224202,0.0017251692635946517,0.2758275488640117,0.9439255852223789,6,G9H6C 69.5 Comdty,arithmetic
25,7,70.5999984741211,69.5,1.2575342465753423,0.0461899995803833,0.237,1.0158273161744042,0.015703370315434066,0.26577140759662315,0.9435692628504546,7,G9H6C 69.5 Comdty,arithmetic
25,8,70.98999786376953,69.5,1.2493150684931509,0.0454500007629394,0.237,1.0214388181837342,0.021212239388556136,0.26490144975479424,0.9448006077738029,8,G9H6C 69.5 Comdty,arithmetic
25,9,73.12999725341797,69.5,1.2410958904109588,0.0457499980926513,0.2253,1.0522301763081723,0.050911889154584625,0.2509943009231293,0.9448017757342648,9,G9H6C 69.5 Comdty,arithmetic
25,10,73.95999908447266,69.5,1.2383561643835617,0.0459600019454956,0.2211,1.0641726486974483,0.062197641569495296,0.24604329121251187,0.9446745033471393,10,G9H6C 69.5 Comdty,arithmetic
25,11,73.55999755859375,69.5,1.2301369863013698,0.0461800003051757,0.21739999999999998,1.0584172310589028,0.05677461397605507,0.2411216895069478,0.9447757073276618,11,G9H6C 69.5 Comdty,arithmetic
25,12,73.31999969482422,69.5,1.2246575342465753,0.0469299983978271,0.2227,1.05496402438596,0.053506666238513065,0.24644927583915485,0.9441472157383016,12,G9H6C 69.5 Comdty,arithmetic
25,13,75.44000244140625,69.5,1.1863013698630136,0.0459899997711181,0.20739999999999997,1.085467661027428,0.08201091811668006,0.22589481780759987,0.9469035871141707,13,G9H6C 69.5 Comdty,arithmetic
25,14,73.16999816894531,69.5,1.1726027397260277,0.0452799987792968,0.1934,1.052805729049573,0.051458723300527615,0.20942663854320648,0.9482894933390148,14,G9H6C 69.5 Comdty,arithmetic
26,0,70.08000183105469,70.85,1.284931506849315,0.0438500022888183,0.2482,0.9891319947925856,-0.010927493380490266,0.281346661611614,0.9452136905206265,0,G9H6C 70.85 Comdty,arithmetic
26,1,70.58000183105469,70.85,1.282191780821918,0.0449399995803833,0.2446,0.9961891578130514,-0.003818121946597629,0.27697013775040713,0.9440069995447847,1,G9H6C 70.85 Comdty,arithmetic
26,2,69.91000366210938,70.85,1.2794520547945205,0.0457000017166137,0.24789999999999998,0.9867325852097302,-0.013356213229598872,0.28040679583541644,0.9432056296555369,2,G9H6C 70.85 Comdty,arithmetic
26,3,69.45999908447266,70.85,1.2767123287671234,0.0452400016784668,0.2491,0.9803810738810538,-0.0198139320014028,0.28146231388409054,0.9438778967211447,3,G9H6C 70.85 Comdty,arithmetic
26,4,69.23999786376953,70.85,1.2684931506849315,0.0459899997711181,0.25170000000000003,0.9772759049226469,-0.02298626668123001,0.28348316888502556,0.9433310479255468,4,G9H6C 70.85 Comdty,arithmetic
26,5,70.0999984741211,70.85,1.2657534246575342,0.0459100008010864,0.2509,0.989414233932549,-0.010642193863319344,0.2822768204129871,0.9435454527293309,5,G9H6C 70.85 Comdty,arithmetic
26,6,69.62000274658203,70.85,1.2602739726027397,0.045789999961853,0.2457,0.9826394177358085,-0.017513044302348325,0.2758275488640117,0.9439255852223789,6,G9H6C 70.85 Comdty,arithmetic
26,7,70.5999984741211,70.85,1.2575342465753423,0.0461899995803833,0.237,0.9964713969530148,-0.003534843250508896,0.26577140759662315,0.9435692628504546,7,G9H6C 70.85 Comdty,arithmetic
26,8,70.98999786376953,70.85,1.2493150684931509,0.0454500007629394,0.237,1.0019759754942772,0.001974025822613353,0.26490144975479424,0.9448006077738029,8,G9H6C 70.85 Comdty,arithmetic
26,9,73.12999725341797,70.85,1.2410958904109588,0.0457499980926513,0.2253,1.0321806246071696,0.031673675588641564,0.2509943009231293,0.9448017757342648,9,G9H6C 70.85 Comdty,arithmetic
26,10,73.95999908447266,70.85,1.2383561643835617,0.0459600019454956,0.2211,1.0438955410652457,0.04295942800355232,0.24604329121251187,0.9446745033471393,10,G9H6C 70.85 Comdty,arithmetic
26,11,73.55999755859375,70.85,1.2301369863013698,0.0461800003051757,0.21739999999999998,1.0382497891121207,0.037536400410112164,0.2411216895069478,0.9447757073276618,11,G9H6C 70.85 Comdty,arithmetic
26,12,73.31999969482422,70.85,1.2246575342465753,0.0469299983978271,0.2227,1.0348623810137505,0.03426845267257017,0.24644927583915485,0.9441472157383016,12,G9H6C 70.85 Comdty,arithmetic
26,13,75.44000244140625,70.85,1.1863013698630136,0.0459899997711181,0.20739999999999997,1.0647847909866797,0.0627727045507371,0.22589481780759987,0.9469035871141707,13,G9H6C 70.85 Comdty,arithmetic
26,14,73.16999816894531,70.85,1.1726027397260277,0.0452799987792968,0.1934,1.0327452105708583,0.03222050973458454,0.20942663854320648,0.9482894933390148,14,G9H6C 70.85 Comdty,arithmetic
27,0,70.08000183105469,72.2,1.284931506849315,0.0438500022888183,0.2482,0.9706371444744416,-0.029802573142581477,0.281346661611614,0.9452136905206265,0,G9H6C 72.2 Comdty,arithmetic
27,1,70.58000183105469,72.2,1.282191780821918,0.0449399995803833,0.2446,0.9775623522306743,-0.022693201708688795,0.27697013775040713,0.9440069995447847,1,G9H6C 72.2 Comdty,arithmetic
27,2,69.91000366210938,72.2,1.2794520547945205,0.0457000017166137,0.24789999999999998,0.9682825991981907,-0.03223129299169017,0.28040679583541644,0.9432056296555369,2,G9H6C 72.2 Comdty,arithmetic
27,3,69.45999908447266,72.2,1.2767123287671234,0.0452400016784668,0.2491,0.9620498488154107,-0.03868901176349404,0.28146231388409054,0.9438778967211447,3,G9H6C 72.2 Comdty,arithmetic
27,4,69.23999786376953,72.2,1.2684931506849315,0.0459899997711181,0.25170000000000003,0.9590027404954228,-0.04186134644332127,0.28348316888502556,0.9433310479255468,4,G9H6C 72.2 Comdty,arithmetic
27,5,70.0999984741211,72.2,1.2657534246575342,0.0459100008010864,0.2509,0.9709141062897658,-0.029517273625410522,0.2822768204129871,0.9435454527293309,5,G9H6C 72.2 Comdty,arithmetic
27,6,69.62000274658203,72.2,1.2602739726027397,0.045789999961853,0.2457,0.9642659660191417,-0.03638812406443947,0.2758275488640117,0.9439255852223789,6,G9H6C 72.2 Comdty,arithmetic
27,7,70.5999984741211,72.2,1.2575342465753423,0.0461899995803833,0.237,0.9778393140459984,-0.022409923012600145,0.26577140759662315,0.9435692628504546,7,G9H6C 72.2 Comdty,arithmetic
27,8,70.98999786376953,72.2,1.2493150684931509,0.0454500007629394,0.237,0.9832409676422372,-0.016901053939477908,0.26490144975479424,0.9448006077738029,8,G9H6C 72.2 Comdty,arithmetic
27,9,73.12999725341797,72.2,1.2410958904109588,0.0457499980926513,0.2253,1.0128808483852905,0.012798595826550498,0.2509943009231293,0.9448017757342648,9,G9H6C 72.2 Comdty,arithmetic
27,10,73.95999908447266,72.2,1.2383561643835617,0.0459600019454956,0.2211,1.024376718621505,0.02408434824146115,0.24604329121251187,0.9446745033471393,10,G9H6C 72.2 Comdty,arithmetic
27,11,73.55999755859375,72.2,1.2301369863013698,0.0461800003051757,0.21739999999999998,1.0188365312824619,0.01866132064802097,0.2411216895069478,0.9447757073276618,11,G9H6C 72.2 Comdty,arithmetic
27,12,73.31999969482422,72.2,1.2246575342465753,0.0469299983978271,0.2227,1.0155124611471498,0.015393372910478941,0.24644927583915485,0.9441472157383016,12,G9H6C 72.2 Comdty,arithmetic
27,13,75.44000244140625,72.2,1.1863013698630136,0.0459899997711181,0.20739999999999997,1.0448753800748787,0.04389762478864581,0.22589481780759987,0.9469035871141707,13,G9H6C 72.2 Comdty,arithmetic
27,14,73.16999816894531,72.2,1.1726027397260277,0.0452799987792968,0.1934,1.0134348776862232,0.013345429972493474,0.20942663854320648,0.9482894933390148,14,G9H6C 72.2 Comdty,arithmetic
28,0,70.08000183105469,72.75,1.284931506849315,0.0438500022888183,0.2482,0.9632989942413015,-0.03739143329540282,0.281346661611614,0.9452136905206265,0,G9H6C 72.75 Comdty,arithmetic
28,1,70.58000183105469,72.75,1.282191780821918,0.0449399995803833,0.2446,0.9701718464749786,-0.0302820618615101,0.27697013775040713,0.9440069995447847,1,G9H6C 72.75 Comdty,arithmetic
28,2,69.91000366210938,72.75,1.2794520547945205,0.0457000017166137,0.24789999999999998,0.960962249650988,-0.03982015314451143,0.28040679583541644,0.9432056296555369,2,G9H6C 72.75 Comdty,arithmetic
28,3,69.45999908447266,72.75,1.2767123287671234,0.0452400016784668,0.2491,0.9547766197178372,-0.04627787191631528,0.28146231388409054,0.9438778967211447,3,G9H6C 72.75 Comdty,arithmetic
28,4,69.23999786376953,72.75,1.2684931506849315,0.0459899997711181,0.25170000000000003,0.9517525479555949,-0.04945020659614251,0.28348316888502556,0.9433310479255468,4,G9H6C 72.75 Comdty,arithmetic
28,5,70.0999984741211,72.75,1.2657534246575342,0.0459100008010864,0.2509,0.9635738621872315,-0.03710613377823187,0.2822768204129871,0.9435454527293309,5,G9H6C 72.75 Comdty,arithmetic
28,6,69.62000274658203,72.75,1.2602739726027397,0.045789999961853,0.2457,0.956975982770887,-0.04397698421726084,0.2758275488640117,0.9439255852223789,6,G9H6C 72.75 Comdty,arithmetic
28,7,70.5999984741211,72.75,1.2575342465753423,0.0461899995803833,0.237,0.9704467144209085,-0.02999878316542145,0.26577140759662315,0.9435692628504546,7,G9H6C 72.75 Comdty,arithmetic
28,8,70.98999786376953,72.75,1.2493150684931509,0.0454500007629394,0.237,0.9758075307734644,-0.024489914092299173,0.26490144975479424,0.9448006077738029,8,G9H6C 72.75 Comdty,arithmetic
28,9,73.12999725341797,72.75,1.2410958904109588,0.0457499980926513,0.2253,1.0052233299438895,0.0052097356737290205,0.2509943009231293,0.9448017757342648,9,G9H6C 72.75 Comdty,arithmetic
28,10,73.95999908447266,72.75,1.2383561643835617,0.0459600019454956,0.2211,1.01663228982093,0.016495488088639734,0.24604329121251187,0.9446745033471393,10,G9H6C 72.75 Comdty,arithmetic
28,11,73.55999755859375,72.75,1.2301369863013698,0.0461800003051757,0.21739999999999998,1.0111339870597078,0.011072460495199558,0.2411216895069478,0.9447757073276618,11,G9H6C 72.75 Comdty,arithmetic
28,12,73.31999969482422,72.75,1.2246575342465753,0.0469299983978271,0.2227,1.0078350473515356,0.007804512757657627,0.24644927583915485,0.9441472157383016,12,G9H6C 72.75 Comdty,arithmetic
28,13,75.44000244140625,72.75,1.1863013698630136,0.0459899997711181,0.20739999999999997,1.0369759785760309,0.03630876463582451,0.22589481780759987,0.9469035871141707,13,G9H6C 72.75 Comdty,arithmetic
28,14,73.16999816894531,72.75,1.1726027397260277,0.0452799987792968,0.1934,1.005773170707152,0.005756569819672024,0.20942663854320648,0.9482894933390148,14,G9H6C 72.75 Comdty,arithmetic
29,0,70.08000183105469,73.8,1.284931506849315,0.0438500022888183,0.2482,0.9495935207459986,-0.05172125885022759,0.281346661611614,0.9452136905206265,0,G9H6C 73.8 Comdty,arithmetic
29,1,70.58000183105469,73.8,1.282191780821918,0.0449399995803833,0.2446,0.956368588496676,-0.04461188741633498,0.27697013775040713,0.9440069995447847,1,G9H6C 73.8 Comdty,arithmetic
29,2,69.91000366210938,73.8,1.2794520547945205,0.0457000017166137,0.24789999999999998,0.9472900225218073,-0.054149978699336326,0.28040679583541644,0.9432056296555369,2,G9H6C 73.8 Comdty,arithmetic
29,3,69.45999908447266,73.8,1.2767123287671234,0.0452400016784668,0.2491,0.9411923995185997,-0.060607697471140226,0.28146231388409054,0.9438778967211447,3,G9H6C 73.8 Comdty,arithmetic
29,4,69.23999786376953,73.8,1.2684931506849315,0.0459899997711181,0.25170000000000003,0.9382113531676088,-0.06378003215096742,0.28348316888502556,0.9433310479255468,4,G9H6C 73.8 Comdty,arithmetic
29,5,70.0999984741211,73.8,1.2657534246575342,0.0459100008010864,0.2509,0.9498644779691205,-0.051435959333056724,0.2822768204129871,0.9435454527293309,5,G9H6C 73.8 Comdty,arithmetic
29,6,69.62000274658203,73.8,1.2602739726027397,0.045789999961853,0.2457,0.9433604708208948,-0.058306809772085674,0.2758275488640117,0.9439255852223789,6,G9H6C 73.8 Comdty,arithmetic
29,7,70.5999984741211,73.8,1.2575342465753423,0.0461899995803833,0.237,0.956639545719798,-0.044328608720246306,0.26577140759662315,0.9435692628504546,7,G9H6C 73.8 Comdty,arithmetic
29,8,70.98999786376953,73.8,1.2493150684931509,0.0454500007629394,0.237,0.9619240902949802,-0.03881973964712406,0.26490144975479424,0.9448006077738029,8,G9H6C 73.8 Comdty,arithmetic
29,9,73.12999725341797,73.8,1.2410958904109588,0.0457499980926513,0.2253,0.9909213719975335,-0.009120089881095767,0.2509943009231293,0.9448017757342648,9,G9H6C 73.8 Comdty,arithmetic
29,10,73.95999908447266,73.8,1.2383561643835617,0.0459600019454956,0.2211,1.0021680092746972,0.0021656625338148383,0.24604329121251187,0.9446745033471393,10,G9H6C 73.8 Comdty,arithmetic
29,11,73.55999755859375,73.8,1.2301369863013698,0.0461800003051757,0.21739999999999998,0.9967479343982893,-0.0032573650596252127,0.2411216895069478,0.9447757073276618,11,G9H6C 73.8 Comdty,arithmetic
29,12,73.31999969482422,73.8,1.2246575342465753,0.0469299983978271,0.2227,0.9934959308241764,-0.006525312797167239,0.24644927583915485,0.9441472157383016,12,G9H6C 73.8 Comdty,arithmetic
29,13,75.44000244140625,73.8,1.1863013698630136,0.0459899997711181,0.20739999999999997,1.0222222553036078,0.02197893908099972,0.22589481780759987,0.9469035871141707,13,G9H6C 73.8 Comdty,arithmetic
29,14,73.16999816894531,73.8,1.1726027397260277,0.0452799987792968,0.1934,0.9914633898231072,-0.008573255735152822,0.20942663854320648,0.9482894933390148,14,G9H6C 73.8 Comdty,arithmetic
30,0,70.08000183105469,75.25,1.284931506849315,0.0438500022888183,0.2482,0.9312957053960755,-0.07117843087278604,0.281346661611614,0.9452136905206265,0,G9H6C 75.25 Comdty,arithmetic
30,1,70.58000183105469,75.25,1.282191780821918,0.0449399995803833,0.2446,0.9379402236685008,-0.06406905943889335,0.27697013775040713,0.9440069995447847,1,G9H6C 75.25 Comdty,arithmetic
30,2,69.91000366210938,75.25,1.2794520547945205,0.0457000017166137,0.24789999999999998,0.9290365935164037,-0.07360715072189464,0.28040679583541644,0.9432056296555369,2,G9H6C 75.25 Comdty,arithmetic
30,3,69.45999908447266,75.25,1.2767123287671234,0.0452400016784668,0.2491,0.9230564662388393,-0.08006486949369851,0.28146231388409054,0.9438778967211447,3,G9H6C 75.25 Comdty,arithmetic
30,4,69.23999786376953,75.25,1.2684931506849315,0.0459899997711181,0.25170000000000003,0.9201328619770037,-0.08323720417352574,0.28348316888502556,0.9433310479255468,4,G9H6C 75.25 Comdty,arithmetic
30,5,70.0999984741211,75.25,1.2657534246575342,0.0459100008010864,0.2509,0.9315614415165594,-0.07089313135561505,0.2822768204129871,0.9435454527293309,5,G9H6C 75.25 Comdty,arithmetic
30,6,69.62000274658203,75.25,1.2602739726027397,0.045789999961853,0.2457,0.9251827607519206,-0.0777639817946441,0.2758275488640117,0.9439255852223789,6,G9H6C 75.25 Comdty,arithmetic
30,7,70.5999984741211,75.25,1.2575342465753423,0.0461899995803833,0.237,0.9382059597889847,-0.06378578074280457,0.26577140759662315,0.9435692628504546,7,G9H6C 75.25 Comdty,arithmetic
30,8,70.98999786376953,75.25,1.2493150684931509,0.0454500007629394,0.237,0.9433886759304921,-0.058276911669682394,0.26490144975479424,0.9448006077738029,8,G9H6C 75.25 Comdty,arithmetic
30,9,73.12999725341797,75.25,1.2410958904109588,0.0457499980926513,0.2253,0.971827206025488,-0.028577261903654064,0.2509943009231293,0.9448017757342648,9,G9H6C 75.25 Comdty,arithmetic
30,10,73.95999908447266,75.25,1.2383561643835617,0.0459600019454956,0.2211,0.9828571306906665,-0.017291509488743438,0.24604329121251187,0.9446745033471393,10,G9H6C 75.25 Comdty,arithmetic
30,11,73.55999755859375,75.25,1.2301369863013698,0.0461800003051757,0.21739999999999998,0.9775414957952658,-0.022714537082183506,0.2411216895069478,0.9447757073276618,11,G9H6C 75.25 Comdty,arithmetic
30,12,73.31999969482422,75.25,1.2246575342465753,0.0469299983978271,0.2227,0.9743521554129464,-0.025982484819725583,0.24644927583915485,0.9441472157383016,12,G9H6C 75.25 Comdty,arithmetic
30,13,75.44000244140625,75.25,1.1863013698630136,0.0459899997711181,0.20739999999999997,1.0025249493874584,0.0025217670584412946,0.22589481780759987,0.9469035871141707,13,G9H6C 75.25 Comdty,arithmetic
30,14,73.16999816894531,75.25,1.1726027397260277,0.0452799987792968,0.1934,0.9723587796537583,-0.028030427757711158,0.20942663854320648,0.9482894933390148,14,G9H6C 75.25 Comdty,arithmetic
31,0,70.08000183105469,76.0,1.284931506849315,0.0438500022888183,0.2482,0.9221052872507196,-0.08109586753013191,0.281346661611614,0.9452136905206265,0,G9H6C 76 Comdty,arithmetic
31,1,70.58000183105469,76.0,1.282191780821918,0.0449399995803833,0.2446,0.9286842346191406,-0.07398649609623932,0.27697013775040713,0.9440069995447847,1,G9H6C 76 Comdty,arithmetic
31,2,69.91000366210938,76.0,1.2794520547945205,0.0457000017166137,0.24789999999999998,0.9198684692382812,-0.08352458737924062,0.28040679583541644,0.9432056296555369,2,G9H6C 76 Comdty,arithmetic
31,3,69.45999908447266,76.0,1.2767123287671234,0.0452400016784668,0.2491,0.9139473563746402,-0.08998230615104451,0.28146231388409054,0.9438778967211447,3,G9H6C 76 Comdty,arithmetic
31,4,69.23999786376953,76.0,1.2684931506849315,0.0459899997711181,0.25170000000000003,0.9110526034706518,-0.09315464083087167,0.28348316888502556,0.9433310479255468,4,G9H6C 76 Comdty,arithmetic
31,5,70.0999984741211,76.0,1.2657534246575342,0.0459100008010864,0.2509,0.9223684009752775,-0.08081056801296109,0.2822768204129871,0.9435454527293309,5,G9H6C 76 Comdty,arithmetic
31,6,69.62000274658203,76.0,1.2602739726027397,0.045789999961853,0.2457,0.9160526677181846,-0.08768141845199003,0.2758275488640117,0.9439255852223789,6,G9H6C 76 Comdty,arithmetic
31,7,70.5999984741211,76.0,1.2575342465753423,0.0461899995803833,0.237,0.9289473483436986,-0.07370321740015055,0.26577140759662315,0.9435692628504546,7,G9H6C 76 Comdty,arithmetic
31,8,70.98999786376953,76.0,1.2493150684931509,0.0454500007629394,0.237,0.9340789192601254,-0.06819434832702838,0.26490144975479424,0.9448006077738029,8,G9H6C 76 Comdty,arithmetic
31,9,73.12999725341797,76.0,1.2410958904109588,0.0457499980926513,0.2253,0.9622368059660259,-0.03849469856100008,0.2509943009231293,0.9448017757342648,9,G9H6C 76 Comdty,arithmetic
31,10,73.95999908447266,76.0,1.2383561643835617,0.0459600019454956,0.2211,0.9731578826904297,-0.027208946146089368,0.24604329121251187,0.9446745033471393,10,G9H6C 76 Comdty,arithmetic
31,11,73.55999755859375,76.0,1.2301369863013698,0.0461800003051757,0.21739999999999998,0.9678947047183388,-0.03263197373952952,0.2411216895069478,0.9447757073276618,11,G9H6C 76 Comdty,arithmetic
31,12,73.31999969482422,76.0,1.2246575342465753,0.0469299983978271,0.2227,0.9647368380897924,-0.03589992147707149,0.24644927583915485,0.9441472157383016,12,G9H6C 76 Comdty,arithmetic
31,13,75.44000244140625,76.0,1.1863013698630136,0.0459899997711181,0.20739999999999997,0.9926316110711348,-0.007395669598904624,0.22589481780759987,0.9469035871141707,13,G9H6C 76 Comdty,arithmetic
31,14,73.16999816894531,76.0,1.1726027397260277,0.0452799987792968,0.1934,0.962763133801912,-0.03794786441505707,0.20942663854320648,0.9482894933390148,14,G9H6C 76 Comdty,arithmetic
32,0,70.08000183105469,77.25,1.284931506849315,0.0438500022888183,0.2482,0.9071844897223907,-0.09740944302165576,0.281346661611614,0.9452136905206265,0,G9H6C 77.25 Comdty,arithmetic
32,1,70.58000183105469,77.25,1.282191780821918,0.0449399995803833,0.2446,0.9136569816317759,-0.09030007158776308,0.27697013775040713,0.9440069995447847,1,G9H6C 77.25 Comdty,arithmetic
32,2,69.91000366210938,77.25,1.2794520547945205,0.0457000017166137,0.24789999999999998,0.9049838661761731,-0.09983816287076443,0.28040679583541644,0.9432056296555369,2,G9H6C 77.25 Comdty,arithmetic
32,3,69.45999908447266,77.25,1.2767123287671234,0.0452400016784668,0.2491,0.8991585642002933,-0.10629588164256829,0.28146231388409054,0.9438778967211447,3,G9H6C 77.25 Comdty,arithmetic
32,4,69.23999786376953,77.25,1.2684931506849315,0.0459899997711181,0.25170000000000003,0.8963106519581816,-0.1094682163223955,0.28348316888502556,0.9433310479255468,4,G9H6C 77.25 Comdty,arithmetic
32,5,70.0999984741211,77.25,1.2657534246575342,0.0459100008010864,0.2509,0.9074433459433151,-0.09712414350448483,0.2822768204129871,0.9435454527293309,5,G9H6C 77.25 Comdty,arithmetic
32,6,69.62000274658203,77.25,1.2602739726027397,0.045789999961853,0.2457,0.9012298090172431,-0.10399499394351375,0.2758275488640117,0.9439255852223789,6,G9H6C 77.25 Comdty,arithmetic
32,7,70.5999984741211,77.25,1.2575342465753423,0.0461899995803833,0.237,0.9139158378527003,-0.09001679289167434,0.26577140759662315,0.9435692628504546,7,G9H6C 77.25 Comdty,arithmetic
32,8,70.98999786376953,77.25,1.2493150684931509,0.0454500007629394,0.237,0.9189643736410296,-0.08450792381855213,0.26490144975479424,0.9448006077738029,8,G9H6C 77.25 Comdty,arithmetic
32,9,73.12999725341797,77.25,1.2410958904109588,0.0457499980926513,0.2253,0.9466666311122067,-0.05480827405252382,0.2509943009231293,0.9448017757342648,9,G9H6C 77.25 Comdty,arithmetic
32,10,73.95999908447266,77.25,1.2383561643835617,0.0459600019454956,0.2211,0.9574109913847593,-0.04352252163761317,0.24604329121251187,0.9446745033471393,10,G9H6C 77.25 Comdty,arithmetic
32,11,73.55999755859375,77.25,1.2301369863013698,0.0461800003051757,0.21739999999999998,0.9522329781047735,-0.04894554923105328,0.2411216895069478,0.9447757073276618,11,G9H6C 77.25 Comdty,arithmetic
32,12,73.31999969482422,77.25,1.2246575342465753,0.0469299983978271,0.2227,0.9491262096417374,-0.0522134969685953,0.24644927583915485,0.9441472157383016,12,G9H6C 77.25 Comdty,arithmetic
32,13,75.44000244140625,77.25,1.1863013698630136,0.0459899997711181,0.20739999999999997,0.9765696108919902,-0.023709245090428422,0.22589481780759987,0.9469035871141707,13,G9H6C 77.25 Comdty,arithmetic
32,14,73.16999816894531,77.25,1.1726027397260277,0.0452799987792968,0.1934,0.9471844423164442,-0.05426143990658086,0.20942663854320648,0.9482894933390148,14,G9H6C 77.25 Comdty,arithmetic
33,0,70.08000183105469,78.45,1.284931506849315,0.0438500022888183,0.2482,0.8933078627285492,-0.11282400642284249,0.281346661611614,0.9452136905206265,0,G9H6C 78.45 Comdty,arithmetic
33,1,70.58000183105469,78.45,1.282191780821918,0.0449399995803833,0.2446,0.8996813490255536,-0.10571463498894991,0.27697013775040713,0.9440069995447847,1,G9H6C 78.45 Comdty,arithmetic
33,2,69.91000366210938,78.45,1.2794520547945205,0.0457000017166137,0.24789999999999998,0.8911409007279716,-0.1152527262719512,0.28040679583541644,0.9432056296555369,2,G9H6C 78.45 Comdty,arithmetic
33,3,69.45999908447266,78.45,1.2767123287671234,0.0452400016784668,0.2491,0.8854047047096578,-0.12171044504375501,0.28146231388409054,0.9438778967211447,3,G9H6C 78.45 Comdty,arithmetic
33,4,69.23999786376953,78.45,1.2684931506849315,0.0459899997711181,0.25170000000000003,0.8826003551787065,-0.12488277972358233,0.28348316888502556,0.9433310479255468,4,G9H6C 78.45 Comdty,arithmetic
33,5,70.0999984741211,78.45,1.2657534246575342,0.0459100008010864,0.2509,0.8935627593896889,-0.11253870690567158,0.2822768204129871,0.9435454527293309,5,G9H6C 78.45 Comdty,arithmetic
33,6,69.62000274658203,78.45,1.2602739726027397,0.045789999961853,0.2457,0.887444267005507,-0.1194095573447006,0.2758275488640117,0.9439255852223789,6,G9H6C 78.45 Comdty,arithmetic
33,7,70.5999984741211,78.45,1.2575342465753423,0.0461899995803833,0.237,0.8999362456866933,-0.1054313562928612,0.26577140759662315,0.9435692628504546,7,G9H6C 78.45 Comdty,arithmetic
33,8,70.98999786376953,78.45,1.2493150684931509,0.0454500007629394,0.237,0.9049075572182221,-0.09992248721973898,0.26490144975479424,0.9448006077738029,8,G9H6C 78.45 Comdty,arithmetic
33,9,73.12999725341797,78.45,1.2410958904109588,0.0457499980926513,0.2253,0.9321860707892666,-0.07022283745371062,0.2509943009231293,0.9448017757342648,9,G9H6C 78.45 Comdty,arithmetic
33,10,73.95999908447266,78.45,1.2383561643835617,0.0459600019454956,0.2211,0.9427660813826979,-0.05893708503879998,0.24604329121251187,0.9446745033471393,10,G9H6C 78.45 Comdty,arithmetic
33,11,73.55999755859375,78.45,1.2301369863013698,0.0461800003051757,0.21739999999999998,0.9376672728947578,-0.06436011263224004,0.2411216895069478,0.9447757073276618,11,G9H6C 78.45 Comdty,arithmetic
33,12,73.31999969482422,78.45,1.2246575342465753,0.0469299983978271,0.2227,0.9346080267026668,-0.0676280603697821,0.24644927583915485,0.9441472157383016,12,G9H6C 78.45 Comdty,arithmetic
33,13,75.44000244140625,78.45,1.1863013698630136,0.0459899997711181,0.20739999999999997,0.9616316436125717,-0.03912380849161513,0.22589481780759987,0.9469035871141707,13,G9H6C 78.45 Comdty,arithmetic
33,14,73.16999816894531,78.45,1.1726027397260277,0.0452799987792968,0.1934,0.932695961363229,-0.06967600330776763,0.20942663854320648,0.9482894933390148,14,G9H6C 78.45 Comdty,arithmetic
34,0,70.08000183105469,78.94,1.284931506849315,0.0438500022888183,0.2482,0.8877628810622585,-0.11905059747850191,0.281346661611614,0.9452136905206265,0,G9H6C 78.94 Comdty,arithmetic
34,1,70.58000183105469,78.94,1.282191780821918,0.0449399995803833,0.2446,0.8940968055618785,-0.11194122604460924,0.27697013775040713,0.9440069995447847,1,G9H6C 78.94 Comdty,arithmetic
34,2,69.91000366210938,78.94,1.2794520547945205,0.0457000017166137,0.24789999999999998,0.8856093699279121,-0.12147931732761057,0.28040679583541644,0.9432056296555369,2,G9H6C 78.94 Comdty,arithmetic
34,3,69.45999908447266,78.94,1.2767123287671234,0.0452400016784668,0.2491,0.8799087798894434,-0.1279370360994144,0.28146231388409054,0.9438778967211447,3,G9H6C 78.94 Comdty,arithmetic
34,4,69.23999786376953,78.94,1.2684931506849315,0.0459899997711181,0.25170000000000003,0.8771218376459277,-0.13110937077924173,0.28348316888502556,0.9433310479255468,4,G9H6C 78.94 Comdty,arithmetic
34,5,70.0999984741211,78.94,1.2657534246575342,0.0459100008010864,0.2509,0.8880161955171155,-0.11876529796133091,0.2822768204129871,0.9435454527293309,5,G9H6C 78.94 Comdty,arithmetic
34,6,69.62000274658203,78.94,1.2602739726027397,0.045789999961853,0.2457,0.8819356821203703,-0.12563614840035997,0.2758275488640117,0.9439255852223789,6,G9H6C 78.94 Comdty,arithmetic
34,7,70.5999984741211,78.94,1.2575342465753423,0.0461899995803833,0.237,0.8943501200167354,-0.11165794734852057,0.26577140759662315,0.9435692628504546,7,G9H6C 78.94 Comdty,arithmetic
34,8,70.98999786376953,78.94,1.2493150684931509,0.0454500007629394,0.237,0.8992905733945976,-0.10614907827539831,0.26490144975479424,0.9448006077738029,8,G9H6C 78.94 Comdty,arithmetic
34,9,73.12999725341797,78.94,1.2410958904109588,0.0457499980926513,0.2253,0.9263997625211297,-0.07644942850936996,0.2509943009231293,0.9448017757342648,9,G9H6C 78.94 Comdty,arithmetic
34,10,73.95999908447266,78.94,1.2383561643835617,0.0459600019454956,0.2211,0.9369141003860231,-0.06516367609445928,0.24604329121251187,0.9446745033471393,10,G9H6C 78.94 Comdty,arithmetic
34,11,73.55999755859375,78.94,1.2301369863013698,0.0461800003051757,0.21739999999999998,0.9318469414567235,-0.07058670368789943,0.2411216895069478,0.9447757073276618,11,G9H6C 78.94 Comdty,arithmetic
34,12,73.31999969482422,78.94,1.2246575342465753,0.0469299983978271,0.2227,0.9288066847583509,-0.07385465142544144,0.24644927583915485,0.9441472157383016,12,G9H6C 78.94 Comdty,arithmetic
34,13,75.44000244140625,78.94,1.1863013698630136,0.0459899997711181,0.20739999999999997,0.955662559430026,-0.045350399547274566,0.22589481780759987,0.9469035871141707,13,G9H6C 78.94 Comdty,arithmetic
34,14,73.16999816894531,78.94,1.1726027397260277,0.0452799987792968,0.1934,0.9269064880788613,-0.07590259436342706,0.20942663854320648,0.9482894933390148,14,G9H6C 78.94 Comdty,arithmetic
35,0,70.08000183105469,69.0,2.2849315068493152,0.0438500022888183,0.2482,1.0156522004500679,0.015530968158939683,0.3751788693410118,0.9046616688045073,0,G9H7C 69 Comdty,arithmetic
35,1,70.58000183105469,69.0,2.282191780821918,0.0449399995803833,0.2446,1.0228985772616621,0.02264033959283235,0.36951538155465125,0.9025224644996873,1,G9H7C 69 Comdty,arithmetic
35,2,69.91000366210938,69.0,2.2794520547945205,0.0457000017166137,0.24789999999999998,1.0131884588711504,0.013102248309831106,0.37427580893063994,0.9010712345754468,2,G9H7C 69 Comdty,arithmetic
35,3,69.45999908447266,69.0,2.276712328767123,0.0452400016784668,0.2491,1.0066666533981545,0.0066445295380272995,0.37586146934340886,0.9021283541204171,3,G9H7C 69 Comdty,arithmetic
35,4,69.23999786376953,69.0,2.2684931506849315,0.0459899997711181,0.25170000000000003,1.0034782299097034,0.003472194858200009,0.379098400209096,0.90092974446484,4,G9H7C 69 Comdty,arithmetic
35,5,70.0999984741211,69.0,2.265753424657534,0.0459100008010864,0.2509,1.0159420068713203,0.015816267676110763,0.377665213307323,0.9012066048135229,5,G9H7C 69 Comdty,arithmetic
35,6,69.62000274658203,69.0,2.26027397260274,0.045789999961853,0.2457,1.0089855470519136,0.008945417237081747,0.36939047999688457,0.9016778755804549,6,G9H7C 69 Comdty,arithmetic
35,7,70.5999984741211,69.0,2.2575342465753425,0.0461899995803833,0.237,1.0231883836829143,0.022923618288921022,0.356094708042524,0.9009770387326563,7,G9H7C 69 Comdty,arithmetic
35,8,70.98999786376953,69.0,2.249315068493151,0.0454500007629394,0.237,1.028840548750283,0.028432487362043204,0.35544588629240287,0.9028206404645185,8,G9H7C 69 Comdty,arithmetic
35,9,73.12999725341797,69.0,2.241095890410959,0.0457499980926513,0.2253,1.0598550326582314,0.05813213712807164,0.33728063848357853,0.9025509530354646,9,G9H7C 69 Comdty,arithmetic
35,10,73.95999908447266,69.0,2.2383561643835614,0.0459600019454956,0.2211,1.0718840447025022,0.06941788954298228,0.33079073619236216,0.902239878426312,10,G9H7C 69 Comdty,arithmetic
35,11,73.55999755859375,69.0,2.23013698630137,0.0461800003051757,0.21739999999999998,1.0660869211390398,0.06399486194954211,0.3246574027350754,0.902138045617246,11,G9H7C 69 Comdty,arithmetic
35,12,73.31999969482422,69.0,2.2246575342465755,0.0469299983978271,0.2227,1.0626086912293364,0.06072691421200012,0.33216341695262563,0.9008620195834969,12,G9H7C 69 Comdty,arithmetic
35,13,75.44000244140625,69.0,2.186301369863014,0.0459899997711181,0.20739999999999997,1.0933333687160327,0.08923116609016718,0.3066646844883329,0.9043417034217466,13,G9H7C 69 Comdty,arithmetic
35,14,73.16999816894531,69.0,2.1726027397260275,0.0452799987792968,0.1934,1.0604347560716711,0.05867897127401456,0.28506679380718275,0.9063085668581957,14,G9H7C 69 Comdty,arithmetic
36,0,70.08000183105469,75.0,2.2849315068493152,0.0438500022888183,0.2482,0.9344000244140624,-0.06785064078011138,0.3751788693410118,0.9046616688045073,0,G9H7C 75 Comdty,arithmetic
36,1,70.58000183105469,75.0,2.282191780821918,0.0449399995803833,0.2446,0.9410666910807292,-0.06074126934621869,0.36951538155465125,0.9025224644996873,1,G9H7C 75 Comdty,arithmetic
36,2,69.91000366210938,75.0,2.2794520547945205,0.0457000017166137,0.24789999999999998,0.9321333821614584,-0.07027936062921995,0.37427580893063994,0.9010712345754468,2,G9H7C 75 Comdty,arithmetic
36,3,69.45999908447266,75.0,2.276712328767123,0.0452400016784668,0.2491,0.9261333211263021,-0.07673707940102387,0.37586146934340886,0.9021283541204171,3,G9H7C 75 Comdty,arithmetic
36,4,69.23999786376953,75.0,2.2684931506849315,0.0459899997711181,0.25170000000000003,0.9231999715169271,-0.07990941408085103,0.379098400209096,0.90092974446484,4,G9H7C 75 Comdty,arithmetic
36,5,70.0999984741211,75.0,2.265753424657534,0.0459100008010864,0.2509,0.9346666463216146,-0.06756534126294042,0.377665213307323,0.9012066048135229,5,G9H7C 75 Comdty,arithmetic
36,6,69.62000274658203,75.0,2.26027397260274,0.045789999961853,0.2457,0.9282667032877604,-0.0744361917019694,0.36939047999688457,0.9016778755804549,6,G9H7C 75 Comdty,arithmetic
36,7,70.5999984741211,75.0,2.2575342465753425,0.0461899995803833,0.237,0.9413333129882813,-0.060457990650129925,0.356094708042524,0.9009770387326563,7,G9H7C 75 Comdty,arithmetic
36,8,70.98999786376953,75.0,2.249315068493151,0.0454500007629394,0.237,0.9465333048502604,-0.05494912157700774,0.35544588629240287,0.9028206404645185,8,G9H7C 75 Comdty,arithmetic
36,9,73.12999725341797,75.0,2.241095890410959,0.0457499980926513,0.2253,0.9750666300455729,-0.025249471810979432,0.33728063848357853,0.9025509530354646,9,G9H7C 75 Comdty,arithmetic
36,10,73.95999908447266,75.0,2.2383561643835614,0.0459600019454956,0.2211,0.986133321126302,-0.013963719396068783,0.33079073619236216,0.902239878426312,10,G9H7C 75 Comdty,arithmetic
36,11,73.55999755859375,75.0,2.23013698630137,0.0461800003051757,0.21739999999999998,0.9807999674479166,-0.01938674698950892,0.3246574027350754,0.902138045617246,11,G9H7C 75 Comdty,arithmetic
36,12,73.31999969482422,75.0,2.2246575342465755,0.0469299983978271,0.2227,0.9775999959309896,-0.0226546947270509,0.33216341695262563,0.9008620195834969,12,G9H7C 75 Comdty,arithmetic
36,13,75.44000244140625,75.0,2.186301369863014,0.0459899997711181,0.20739999999999997,1.00586669921875,0.005849557151115972,0.3066646844883329,0.9043417034217466,13,G9H7C 75 Comdty,arithmetic
36,14,73.16999816894531,75.0,2.1726027397260275,0.0452799987792968,0.1934,0.9755999755859375,-0.024702637665036484,0.28506679380718275,0.9063085668581957,14,G9H7C 75 Comdty,arithmetic
37,0,70.08000183105469,69.5,1.367123287671233,0.0438500022888183,0.2482,1.0083453500871178,0.008310720185452654,0.29020548581996175,0.941813168225891,0,G9J6C 69.5 Comdty,arithmetic
37,1,70.58000183105469,69.5,1.3643835616438356,0.0449399995803833,0.2446,1.0155395946914343,0.015420091619345249,0.28570950703635833,0.9405265540317306,1,G9J6C 69.5 Comdty,arithmetic
37,2,69.91000366210938,69.5,1.3616438356164384,0.0457000017166137,0.24789999999999998,1.0058993332677608,0.005882000336344045,0.2892732593032844,0.9396694395435046,2,G9J6C 69.5 Comdty,arithmetic
37,3,69.45999908447266,69.5,1.358904109589041,0.0452400016784668,0.2491,0.9994244472585994,-0.0005757184354598724,0.29038095790242296,0.9403747394250085,3,G9J6C 69.5 Comdty,arithmetic
37,4,69.23999786376953,69.5,1.3506849315068492,0.0459899997711181,0.25170000000000003,0.9962589620686263,-0.003748053115287125,0.2925231510332319,0.9397719874441829,4,G9J6C 69.5 Comdty,arithmetic
37,5,70.0999984741211,69.5,1.347945205479452,0.0459100008010864,0.2509,1.0086330715700877,0.00859601970262366,0.2912975154726658,0.9399917639955039,5,G9J6C 69.5 Comdty,arithmetic
37,6,69.62000274658203,69.5,1.3424657534246576,0.045789999961853,0.2457,1.001726658224202,0.0017251692635946517,0.28467987356144253,0.9403797397874873,6,G9J6C 69.5 Comdty,arithmetic
37,7,70.5999984741211,69.5,1.3397260273972602,0.0461899995803833,0.237,1.0158273161744042,0.015703370315434066,0.27431928702312697,0.9399938515504009,7,G9J6C 69.5 Comdty,arithmetic
37,8,70.98999786376953,69.5,1.3315068493150686,0.0454500007629394,0.237,1.0214388181837342,0.021212239388556136,0.2734765222449234,0.9412777790983591,8,G9J6C 69.5 Comdty,arithmetic
37,9,73.12999725341797,69.5,1.3232876712328767,0.0457499980926513,0.2253,1.0522301763081723,0.050911889154584625,0.2591721460490522,0.9412557335788688,9,G9J6C 69.5 Comdty,arithmetic
37,10,73.95999908447266,69.5,1.3205479452054794,0.0459600019454956,0.2211,1.0641726486974483,0.062197641569495296,0.25407727882760067,0.9411126945709366,10,G9J6C 69.5 Comdty,arithmetic
37,11,73.55999755859375,69.5,1.3123287671232875,0.0461800003051757,0.21739999999999998,1.0584172310589028,0.05677461397605507,0.24904674172059313,0.9411964980485544,11,G9J6C 69.5 Comdty,arithmetic
37,12,73.31999969482422,69.5,1.3068493150684932,0.0469299983978271,0.2227,1.05496402438596,0.053506666238513065,0.2545850953357704,0.9405124090188163,12,G9J6C 69.5 Comdty,arithmetic
37,13,75.44000244140625,69.5,1.2684931506849315,0.0459899997711181,0.20739999999999997,1.085467661027428,0.08201091811668006,0.23358923014205119,0.9433310479255468,13,G9J6C 69.5 Comdty,arithmetic
37,14,73.16999816894531,69.5,1.2547945205479452,0.0452799987792968,0.1934,1.052805729049573,0.051458723300527615,0.21664205994447686,0.9447668567519807,14,G9J6C 69.5 Comdty,arithmetic
38,0,70.08000183105469,70.85,1.367123287671233,0.0438500022888183,0.2482,0.9891319947925856,-0.010927493380490266,0.29020548581996175,0.941813168225891,0,G9J6C 70.85 Comdty,arithmetic
38,1,70.58000183105469,70.85,1.3643835616438356,0.0449399995803833,0.2446,0.9961891578130514,-0.003818121946597629,0.28570950703635833,0.9405265540317306,1,G9J6C 70.85 Comdty,arithmetic
38,2,69.91000366210938,70.85,1.3616438356164384,0.0457000017166137,0.24789999999999998,0.9867325852097302,-0.013356213229598872,0.2892732593032844,0.9396694395435046,2,G9J6C 70.85 Comdty,arithmetic
38,3,69.45999908447266,70.85,1.358904109589041,0.0452400016784668,0.2491,0.9803810738810538,-0.0198139320014028,0.29038095790242296,0.9403747394250085,3,G9J6C 70.85 Comdty,arithmetic
38,4,69.23999786376953,70.85,1.3506849315068492,0.0459899997711181,0.25170000000000003,0.9772759049226469,-0.02298626668123001,0.2925231510332319,0.9397719874441829,4,G9J6C 70.85 Comdty,arithmetic
38,5,70.0999984741211,70.85,1.347945205479452,0.0459100008010864,0.2509,0.989414233932549,-0.010642193863319344,0.2912975154726658,0.9399917639955039,5,G9J6C 70.85 Comdty,arithmetic
38,6,69.62000274658203,70.85,1.3424657534246576,0.045789999961853,0.2457,0.9826394177358085,-0.017513044302348325,0.28467987356144253,0.9403797397874873,6,G9J6C 70.85 Comdty,arithmetic
38,7,70.5999984741211,70.85,1.3397260273972602,0.0461899995803833,0.237,0.9964713969530148,-0.003534843250508896,0.27431928702312697,0.9399938515504009,7,G9J6C 70.85 Comdty,arithmetic
38,8,70.98999786376953,70.85,1.3315068493150686,0.0454500007629394,0.237,1.0019759754942772,0.001974025822613353,0.2734765222449234,0.9412777790983591,8,G9J6C 70.85 Comdty,arithmetic
38,9,73.12999725341797,70.85,1.3232876712328767,0.0457499980926513,0.2253,1.0321806246071696,0.031673675588641564,0.2591721460490522,0.9412557335788688,9,G9J6C 70.85 Comdty,arithmetic
38,10,73.95999908447266,70.85,1.3205479452054794,0.0459600019454956,0.2211,1.0438955410652457,0.04295942800355232,0.25407727882760067,0.9411126945709366,10,G9J6C 70.85 Comdty,arithmetic
38,11,73.55999755859375,70.85,1.3123287671232875,0.0461800003051757,0.21739999999999998,1.0382497891121207,0.037536400410112164,0.24904674172059313,0.9411964980485544,11,G9J6C 70.85 Comdty,arithmetic
38,12,73.31999969482422,70.85,1.3068493150684932,0.0469299983978271,0.2227,1.0348623810137505,0.03426845267257017,0.2545850953357704,0.9405124090188163,12,G9J6C 70.85 Comdty,arithmetic
38,13,75.44000244140625,70.85,1.2684931506849315,0.0459899997711181,0.20739999999999997,1.0647847909866797,0.0627727045507371,0.23358923014205119,0.9433310479255468,13,G9J6C 70.85 Comdty,arithmetic
38,14,73.16999816894531,70.85,1.2547945205479452,0.0452799987792968,0.1934,1.0327452105708583,0.03222050973458454,0.21664205994447686,0.9447668567519807,14,G9J6C 70.85 Comdty,arithmetic
39,0,70.08000183105469,74.4,1.367123287671233,0.0438500022888183,0.2482,0.9419355084819178,-0.059818469082847145,0.29020548581996175,0.941813168225891,0,G9J6C 74.4 Comdty,arithmetic
39,1,70.58000183105469,74.4,1.3643835616438356,0.0449399995803833,0.2446,0.9486559385894446,-0.05270909764895451,0.28570950703635833,0.9405265540317306,1,G9J6C 74.4 Comdty,arithmetic
39,2,69.91000366210938,74.4,1.3616438356164384,0.0457000017166137,0.24789999999999998,0.9396505868563088,-0.06224718893195577,0.2892732593032844,0.9396694395435046,2,G9J6C 74.4 Comdty,arithmetic
39,3,69.45999908447266,74.4,1.358904109589041,0.0452400016784668,0.2491,0.9336021382321593,-0.06870490770375964,0.29038095790242296,0.9403747394250085,3,G9J6C 74.4 Comdty,arithmetic
39,4,69.23999786376953,74.4,1.3506849315068492,0.0459899997711181,0.25170000000000003,0.9306451325775474,-0.07187724238358684,0.2925231510332319,0.9397719874441829,4,G9J6C 74.4 Comdty,arithmetic
39,5,70.0999984741211,74.4,1.347945205479452,0.0459100008010864,0.2509,0.9422042805661437,-0.05953316956567618,0.2912975154726658,0.9399917639955039,5,G9J6C 74.4 Comdty,arithmetic
39,6,69.62000274658203,74.4,1.3424657534246576,0.045789999961853,0.2457,0.9357527250884681,-0.06640402000470522,0.28467987356144253,0.9403797397874873,6,G9J6C 74.4 Comdty,arithmetic
39,7,70.5999984741211,74.4,1.3397260273972602,0.0461899995803833,0.237,0.9489247106736706,-0.052425818952865744,0.27431928702312697,0.9399938515504009,7,G9J6C 74.4 Comdty,arithmetic
39,8,70.98999786376953,74.4,1.3315068493150686,0.0454500007629394,0.237,0.9541666379538914,-0.0469169498797436,0.2734765222449234,0.9412777790983591,8,G9J6C 74.4 Comdty,arithmetic
39,9,73.12999725341797,74.4,1.3232876712328767,0.0457499980926513,0.2253,0.9829300706104565,-0.0172173001137153,0.2591721460490522,0.9412557335788688,9,G9J6C 74.4 Comdty,arithmetic
39,10,73.95999908447266,74.4,1.3205479452054794,0.0459600019454956,0.2211,0.9940860091999012,-0.005931547698804567,0.25407727882760067,0.9411126945709366,10,G9J6C 74.4 Comdty,arithmetic
39,11,73.55999755859375,74.4,1.3123287671232875,0.0461800003051757,0.21739999999999998,0.9887096446047546,-0.011354575292244706,0.24904674172059313,0.9411964980485544,11,G9J6C 74.4 Comdty,arithmetic
39,12,73.31999969482422,74.4,1.3068493150684932,0.0469299983978271,0.2227,0.9854838668659168,-0.014622523029786718,0.2545850953357704,0.9405124090188163,12,G9J6C 74.4 Comdty,arithmetic
39,13,75.44000244140625,74.4,1.2684931506849315,0.0459899997711181,0.20739999999999997,1.013978527438256,0.013881728848380251,0.23358923014205119,0.9433310479255468,13,G9J6C 74.4 Comdty,arithmetic
39,14,73.16999816894531,74.4,1.2547945205479452,0.0452799987792968,0.1934,0.9834677173245336,-0.01667046596777233,0.21664205994447686,0.9447668567519807,14,G9J6C 74.4 Comdty,arithmetic
40,0,70.08000183105469,75.0,1.367123287671233,0.0438500022888183,0.2482,0.9344000244140624,-0.06785064078011138,0.29020548581996175,0.941813168225891,0,G9J6C 75 Comdty,arithmetic
40,1,70.58000183105469,75.0,1.3643835616438356,0.0449399995803833,0.2446,0.9410666910807292,-0.06074126934621869,0.28570950703635833,0.9405265540317306,1,G9J6C 75 Comdty,arithmetic
40,2,69.91000366210938,75.0,1.3616438356164384,0.0457000017166137,0.24789999999999998,0.9321333821614584,-0.07027936062921995,0.2892732593032844,0.9396694395435046,2,G9J6C 75 Comdty,arithmetic
40,3,69.45999908447266,75.0,1.358904109589041,0.0452400016784668,0.2491,0.9261333211263021,-0.07673707940102387,0.29038095790242296,0.9403747394250085,3,G9J6C 75 Comdty,arithmetic
40,4,69.23999786376953,75.0,1.3506849315068492,0.0459899997711181,0.25170000000000003,0.9231999715169271,-0.07990941408085103,0.2925231510332319,0.9397719874441829,4,G9J6C 75 Comdty,arithmetic
40,5,70.0999984741211,75.0,1.347945205479452,0.0459100008010864,0.2509,0.9346666463216146,-0.06756534126294042,0.2912975154726658,0.9399917639955039,5,G9J6C 75 Comdty,arithmetic
40,6,69.62000274658203,75.0,1.3424657534246576,0.045789999961853,0.2457,0.9282667032877604,-0.0744361917019694,0.28467987356144253,0.9403797397874873,6,G9J6C 75 Comdty,arithmetic
40,7,70.5999984741211,75.0,1.3397260273972602,0.0461899995803833,0.237,0.9413333129882813,-0.060457990650129925,0.27431928702312697,0.9399938515504009,7,G9J6C 75 Comdty,arithmetic
40,8,70.98999786376953,75.0,1.3315068493150686,0.0454500007629394,0.237,0.9465333048502604,-0.05494912157700774,0.2734765222449234,0.9412777790983591,8,G9J6C 75 Comdty,arithmetic
40,9,73.12999725341797,75.0,1.3232876712328767,0.0457499980926513,0.2253,0.9750666300455729,-0.025249471810979432,0.2591721460490522,0.9412557335788688,9,G9J6C 75 Comdty,arithmetic
40,10,73.95999908447266,75.0,1.3205479452054794,0.0459600019454956,0.2211,0.986133321126302,-0.013963719396068783,0.25407727882760067,0.9411126945709366,10,G9J6C 75 Comdty,arithmetic
40,11,73.55999755859375,75.0,1.3123287671232875,0.0461800003051757,0.21739999999999998,0.9807999674479166,-0.01938674698950892,0.24904674172059313,0.9411964980485544,11,G9J6C 75 Comdty,arithmetic
40,12,73.31999969482422,75.0,1.3068493150684932,0.0469299983978271,0.2227,0.9775999959309896,-0.0226546947270509,0.2545850953357704,0.9405124090188163,12,G9J6C 75 Comdty,arithmetic
40,13,75.44000244140625,75.0,1.2684931506849315,0.0459899997711181,0.20739999999999997,1.00586669921875,0.005849557151115972,0.23358923014205119,0.9433310479255468,13,G9J6C 75 Comdty,arithmetic
40,14,73.16999816894531,75.0,1.2547945205479452,0.0452799987792968,0.1934,0.9755999755859375,-0.024702637665036484,0.21664205994447686,0.9447668567519807,14,G9J6C 75 Comdty,arithmetic
41,0,70.08000183105469,75.55,1.367123287671233,0.0438500022888183,0.2482,0.9275976417082024,-0.07515721596254944,0.29020548581996175,0.941813168225891,0,G9J6C 75.55 Comdty,arithmetic
41,1,70.58000183105469,75.55,1.3643835616438356,0.0449399995803833,0.2446,0.9342157753945028,-0.06804784452865678,0.28570950703635833,0.9405265540317306,1,G9J6C 75.55 Comdty,arithmetic
41,2,69.91000366210938,75.55,1.3616438356164384,0.0457000017166137,0.24789999999999998,0.9253475004911896,-0.07758593581165808,0.2892732593032844,0.9396694395435046,2,G9J6C 75.55 Comdty,arithmetic
41,3,69.45999908447266,75.55,1.358904109589041,0.0452400016784668,0.2491,0.9193911195826957,-0.08404365458346193,0.29038095790242296,0.9403747394250085,3,G9J6C 75.55 Comdty,arithmetic
41,4,69.23999786376953,75.55,1.3506849315068492,0.0459899997711181,0.25170000000000003,0.9164791246031705,-0.0872159892632892,0.2925231510332319,0.9397719874441829,4,G9J6C 75.55 Comdty,arithmetic
41,5,70.0999984741211,75.55,1.347945205479452,0.0459100008010864,0.2509,0.9278623226223838,-0.07487191644537852,0.2912975154726658,0.9399917639955039,5,G9J6C 75.55 Comdty,arithmetic
41,6,69.62000274658203,75.55,1.3424657534246576,0.045789999961853,0.2457,0.9215089708349706,-0.08174276688440751,0.28467987356144253,0.9403797397874873,6,G9J6C 75.55 Comdty,arithmetic
41,7,70.5999984741211,75.55,1.3397260273972602,0.0461899995803833,0.237,0.9344804563086843,-0.06776456583256805,0.27431928702312697,0.9399938515504009,7,G9J6C 75.55 Comdty,arithmetic
41,8,70.98999786376953,75.55,1.3315068493150686,0.0454500007629394,0.237,0.9396425925052222,-0.062255696759445825,0.2734765222449234,0.9412777790983591,8,G9J6C 75.55 Comdty,arithmetic
41,9,73.12999725341797,75.55,1.3232876712328767,0.0457499980926513,0.2253,0.9679681966038116,-0.03255604699341759,0.2591721460490522,0.9412557335788688,9,G9J6C 75.55 Comdty,arithmetic
41,10,73.95999908447266,75.55,1.3205479452054794,0.0459600019454956,0.2211,0.9789543227593999,-0.021270294578506817,0.25407727882760067,0.9411126945709366,10,G9J6C 75.55 Comdty,arithmetic
41,11,73.55999755859375,75.55,1.3123287671232875,0.0461800003051757,0.21739999999999998,0.9736597956134183,-0.026693322171946983,0.24904674172059313,0.9411964980485544,11,G9J6C 75.55 Comdty,arithmetic
41,12,73.31999969482422,75.55,1.3068493150684932,0.0469299983978271,0.2227,0.9704831197197117,-0.02996126990948903,0.2545850953357704,0.9405124090188163,12,G9J6C 75.55 Comdty,arithmetic
41,13,75.44000244140625,75.55,1.2684931506849315,0.0459899997711181,0.20739999999999997,0.9985440429041198,-0.0014570180313220882,0.23358923014205119,0.9433310479255468,13,G9J6C 75.55 Comdty,arithmetic
41,14,73.16999816894531,75.55,1.2547945205479452,0.0452799987792968,0.1934,0.9684976594168804,-0.03200921284747459,0.21664205994447686,0.9447668567519807,14,G9J6C 75.55 Comdty,arithmetic
42,0,70.08000183105469,76.55,1.367123287671233,0.0438500022888183,0.2482,0.9154801022998653,-0.0883066493474936,0.29020548581996175,0.941813168225891,0,G9J6C 76.55 Comdty,arithmetic
42,1,70.58000183105469,76.55,1.3643835616438356,0.0449399995803833,0.2446,0.9220117809412761,-0.08119727791360101,0.28570950703635833,0.9405265540317306,1,G9J6C 76.55 Comdty,arithmetic
42,2,69.91000366210938,76.55,1.3616438356164384,0.0457000017166137,0.24789999999999998,0.9132593554815073,-0.0907353691966022,0.2892732593032844,0.9396694395435046,2,G9J6C 76.55 Comdty,arithmetic
42,3,69.45999908447266,76.55,1.358904109589041,0.0452400016784668,0.2491,0.9073807849049335,-0.09719308796840617,0.29038095790242296,0.9403747394250085,3,G9J6C 76.55 Comdty,arithmetic
42,4,69.23999786376953,76.55,1.3506849315068492,0.0459899997711181,0.25170000000000003,0.9045068303562317,-0.1003654226482333,0.2925231510332319,0.9397719874441829,4,G9J6C 76.55 Comdty,arithmetic
42,5,70.0999984741211,76.55,1.347945205479452,0.0459100008010864,0.2509,0.9157413255926988,-0.0880213498303227,0.2912975154726658,0.9399917639955039,5,G9J6C 76.55 Comdty,arithmetic
42,6,69.62000274658203,76.55,1.3424657534246576,0.045789999961853,0.2457,0.9094709699096282,-0.09489220026935162,0.28467987356144253,0.9403797397874873,6,G9J6C 76.55 Comdty,arithmetic
42,7,70.5999984741211,76.55,1.3397260273972602,0.0461899995803833,0.237,0.9222730042341097,-0.08091399921751218,0.27431928702312697,0.9399938515504009,7,G9J6C 76.55 Comdty,arithmetic
42,8,70.98999786376953,76.55,1.3315068493150686,0.0454500007629394,0.237,0.9273677056011697,-0.07540513014438999,0.2734765222449234,0.9412777790983591,8,G9J6C 76.55 Comdty,arithmetic
42,9,73.12999725341797,76.55,1.3232876712328767,0.0457499980926513,0.2253,0.9553232822131675,-0.045705480378361675,0.2591721460490522,0.9412557335788688,9,G9J6C 76.55 Comdty,arithmetic
42,10,73.95999908447266,76.55,1.3205479452054794,0.0459600019454956,0.2211,0.9661658926776311,-0.034419727963451004,0.25407727882760067,0.9411126945709366,10,G9J6C 76.55 Comdty,arithmetic
42,11,73.55999755859375,76.55,1.3123287671232875,0.0461800003051757,0.21739999999999998,0.9609405298314011,-0.03984275555689115,0.24904674172059313,0.9411964980485544,11,G9J6C 76.55 Comdty,arithmetic
42,12,73.31999969482422,76.55,1.3068493150684932,0.0469299983978271,0.2227,0.9578053519898657,-0.04311070329443318,0.2545850953357704,0.9405124090188163,12,G9J6C 76.55 Comdty,arithmetic
42,13,75.44000244140625,76.55,1.2684931506849315,0.0459899997711181,0.20739999999999997,0.9854997053090301,-0.014606451416266245,0.23358923014205119,0.9433310479255468,13,G9J6C 76.55 Comdty,arithmetic
42,14,73.16999816894531,76.55,1.2547945205479452,0.0452799987792968,0.1934,0.9558458284643412,-0.045158646232418706,0.21664205994447686,0.9447668567519807,14,G9J6C 76.55 Comdty,arithmetic
43,0,70.08000183105469,76.6,1.367123287671233,0.0438500022888183,0.2482,0.9148825304315235,-0.08895960399034636,0.29020548581996175,0.941813168225891,0,G9J6C 76.6 Comdty,arithmetic
43,1,70.58000183105469,76.6,1.3643835616438356,0.0449399995803833,0.2446,0.9214099455751266,-0.08185023255645375,0.28570950703635833,0.9405265540317306,1,G9J6C 76.6 Comdty,arithmetic
43,2,69.91000366210938,76.6,1.3616438356164384,0.0457000017166137,0.24789999999999998,0.9126632331868065,-0.09138832383945508,0.2892732593032844,0.9396694395435046,2,G9J6C 76.6 Comdty,arithmetic
43,3,69.45999908447266,76.6,1.358904109589041,0.0452400016784668,0.2491,0.9067884997972933,-0.09784604261125893,0.29038095790242296,0.9403747394250085,3,G9J6C 76.6 Comdty,arithmetic
43,4,69.23999786376953,76.6,1.3506849315068492,0.0459899997711181,0.25170000000000003,0.9039164211980357,-0.10101837729108616,0.2925231510332319,0.9397719874441829,4,G9J6C 76.6 Comdty,arithmetic
43,5,70.0999984741211,76.6,1.347945205479452,0.0459100008010864,0.2509,0.9151435832130692,-0.08867430447317547,0.2912975154726658,0.9399917639955039,5,G9J6C 76.6 Comdty,arithmetic
43,6,69.62000274658203,76.6,1.3424657534246576,0.045789999961853,0.2457,0.9088773204514626,-0.09554515491220446,0.28467987356144253,0.9403797397874873,6,G9J6C 76.6 Comdty,arithmetic
43,7,70.5999984741211,76.6,1.3397260273972602,0.0461899995803833,0.237,0.9216709983566723,-0.08156695386036504,0.27431928702312697,0.9399938515504009,7,G9J6C 76.6 Comdty,arithmetic
43,8,70.98999786376953,76.6,1.3315068493150686,0.0454500007629394,0.237,0.9267623742006467,-0.07605808478724288,0.2734765222449234,0.9412777790983591,8,G9J6C 76.6 Comdty,arithmetic
43,9,73.12999725341797,76.6,1.3232876712328767,0.0457499980926513,0.2253,0.9546997030472321,-0.04635843502121451,0.2591721460490522,0.9412557335788688,9,G9J6C 76.6 Comdty,arithmetic
43,10,73.95999908447266,76.6,1.3205479452054794,0.0459600019454956,0.2211,0.9655352360897215,-0.03507268260630379,0.25407727882760067,0.9411126945709366,10,G9J6C 76.6 Comdty,arithmetic
43,11,73.55999755859375,76.6,1.3123287671232875,0.0461800003051757,0.21739999999999998,0.9603132840547488,-0.040495710199743955,0.24904674172059313,0.9411964980485544,11,G9J6C 76.6 Comdty,arithmetic
43,12,73.31999969482422,76.6,1.3068493150684932,0.0469299983978271,0.2227,0.9571801526739455,-0.04376365793728594,0.2545850953357704,0.9405124090188163,12,G9J6C 76.6 Comdty,arithmetic
43,13,75.44000244140625,76.6,1.2684931506849315,0.0459899997711181,0.20739999999999997,0.984856428738985,-0.015259406059119077,0.23358923014205119,0.9433310479255468,13,G9J6C 76.6 Comdty,arithmetic
43,14,73.16999816894531,76.6,1.2547945205479452,0.0452799987792968,0.1934,0.9552219082107744,-0.04581160087527159,0.21664205994447686,0.9447668567519807,14,G9J6C 76.6 Comdty,arithmetic
44,0,70.08000183105469,77.0,1.367123287671233,0.0438500022888183,0.2482,0.9101298939098011,-0.09416794909748472,0.29020548581996175,0.941813168225891,0,G9J6C 77 Comdty,arithmetic
44,1,70.58000183105469,77.0,1.3643835616438356,0.0449399995803833,0.2446,0.9166234004033076,-0.08705857766359214,0.28570950703635833,0.9405265540317306,1,G9J6C 77 Comdty,arithmetic
44,2,69.91000366210938,77.0,1.3616438356164384,0.0457000017166137,0.24789999999999998,0.90792212548194,-0.09659666894659337,0.2892732593032844,0.9396694395435046,2,G9J6C 77 Comdty,arithmetic
44,3,69.45999908447266,77.0,1.358904109589041,0.0452400016784668,0.2491,0.9020779101879566,-0.10305438771839726,0.29038095790242296,0.9403747394250085,3,G9J6C 77 Comdty,arithmetic
44,4,69.23999786376953,77.0,1.3506849315068492,0.0459899997711181,0.25170000000000003,0.8992207514775263,-0.10622672239822452,0.2925231510332319,0.9397719874441829,4,G9J6C 77 Comdty,arithmetic
44,5,70.0999984741211,77.0,1.347945205479452,0.0459100008010864,0.2509,0.9103895905730012,-0.09388264958031385,0.2912975154726658,0.9399917639955039,5,G9J6C 77 Comdty,arithmetic
44,6,69.62000274658203,77.0,1.3424657534246576,0.045789999961853,0.2457,0.9041558798257406,-0.10075350001934281,0.28467987356144253,0.9403797397874873,6,G9J6C 77 Comdty,arithmetic
44,7,70.5999984741211,77.0,1.3397260273972602,0.0461899995803833,0.237,0.9168830970665077,-0.08677529896750334,0.27431928702312697,0.9399938515504009,7,G9J6C 77 Comdty,arithmetic
44,8,70.98999786376953,77.0,1.3315068493150686,0.0454500007629394,0.237,0.9219480242047992,-0.08126642989438111,0.2734765222449234,0.9412777790983591,8,G9J6C 77 Comdty,arithmetic
44,9,73.12999725341797,77.0,1.3232876712328767,0.0457499980926513,0.2253,0.9497402240703632,-0.05156678012835289,0.2591721460490522,0.9412557335788688,9,G9J6C 77 Comdty,arithmetic
44,10,73.95999908447266,77.0,1.3205479452054794,0.0459600019454956,0.2211,0.960519468629515,-0.04028102771344218,0.25407727882760067,0.9411126945709366,10,G9J6C 77 Comdty,arithmetic
44,11,73.55999755859375,77.0,1.3123287671232875,0.0461800003051757,0.21739999999999998,0.9553246436181007,-0.045704055306882305,0.24904674172059313,0.9411964980485544,11,G9J6C 77 Comdty,arithmetic
44,12,73.31999969482422,77.0,1.3068493150684932,0.0469299983978271,0.2227,0.9522077882444704,-0.04897200304442427,0.2545850953357704,0.9405124090188163,12,G9J6C 77 Comdty,arithmetic
44,13,75.44000244140625,77.0,1.2684931506849315,0.0459899997711181,0.20739999999999997,0.9797402914468344,-0.0204677511662574,0.23358923014205119,0.9433310479255468,13,G9J6C 77 Comdty,arithmetic
44,14,73.16999816894531,77.0,1.2547945205479452,0.0452799987792968,0.1934,0.9502597164798092,-0.05101994598240989,0.21664205994447686,0.9447668567519807,14,G9J6C 77 Comdty,arithmetic
45,0,70.08000183105469,78.0,1.367123287671233,0.0438500022888183,0.2482,0.8984615619365985,-0.10707135393339262,0.29020548581996175,0.941813168225891,0,G9J6C 78 Comdty,arithmetic
45,1,70.58000183105469,78.0,1.3643835616438356,0.0449399995803833,0.2446,0.9048718183468549,-0.09996198249950003,0.28570950703635833,0.9405265540317306,1,G9J6C 78 Comdty,arithmetic
45,2,69.91000366210938,78.0,1.3616438356164384,0.0457000017166137,0.24789999999999998,0.8962820982321714,-0.10950007378250133,0.2892732593032844,0.9396694395435046,2,G9J6C 78 Comdty,arithmetic
45,3,69.45999908447266,78.0,1.358904109589041,0.0452400016784668,0.2491,0.8905128087752905,-0.11595779255430512,0.29038095790242296,0.9403747394250085,3,G9J6C 78 Comdty,arithmetic
45,4,69.23999786376953,78.0,1.3506849315068492,0.0459899997711181,0.25170000000000003,0.8876922803047376,-0.11913012723413237,0.2925231510332319,0.9397719874441829,4,G9J6C 78 Comdty,arithmetic
45,5,70.0999984741211,78.0,1.347945205479452,0.0459100008010864,0.2509,0.8987179291553986,-0.10678605441622173,0.2912975154726658,0.9399917639955039,5,G9J6C 78 Comdty,arithmetic
45,6,69.62000274658203,78.0,1.3424657534246576,0.045789999961853,0.2457,0.8925641377766927,-0.11365690485525065,0.28467987356144253,0.9403797397874873,6,G9J6C 78 Comdty,arithmetic
45,7,70.5999984741211,78.0,1.3397260273972602,0.0461899995803833,0.237,0.905128185565655,-0.0996787038034113,0.27431928702312697,0.9399938515504009,7,G9J6C 78 Comdty,arithmetic
45,8,70.98999786376953,78.0,1.3315068493150686,0.0454500007629394,0.237,0.910128177740635,-0.09416983473028903,0.2734765222449234,0.9412777790983591,8,G9J6C 78 Comdty,arithmetic
45,9,73.12999725341797,78.0,1.3232876712328767,0.0457499980926513,0.2253,0.9375640673515124,-0.06447018496426073,0.2591721460490522,0.9412557335788688,9,G9J6C 78 Comdty,arithmetic
45,10,73.95999908447266,78.0,1.3205479452054794,0.0459600019454956,0.2211,0.9482051164675982,-0.053184432549349986,0.25407727882760067,0.9411126945709366,10,G9J6C 78 Comdty,arithmetic
45,11,73.55999755859375,78.0,1.3123287671232875,0.0461800003051757,0.21739999999999998,0.943076891776843,-0.058607460142790196,0.24904674172059313,0.9411964980485544,11,G9J6C 78 Comdty,arithmetic
45,12,73.31999969482422,78.0,1.3068493150684932,0.0469299983978271,0.2227,0.93999999608749,-0.06187540788033219,0.2545850953357704,0.9405124090188163,12,G9J6C 78 Comdty,arithmetic
45,13,75.44000244140625,78.0,1.2684931506849315,0.0459899997711181,0.20739999999999997,0.9671795184795673,-0.033371156002165274,0.23358923014205119,0.9433310479255468,13,G9J6C 78 Comdty,arithmetic
45,14,73.16999816894531,78.0,1.2547945205479452,0.0452799987792968,0.1934,0.938076899601863,-0.06392335081831771,0.21664205994447686,0.9447668567519807,14,G9J6C 78 Comdty,arithmetic
46,0,70.08000183105469,80.0,1.367123287671233,0.0438500022888183,0.2482,0.8760000228881836,-0.13238916191768252,0.29020548581996175,0.941813168225891,0,G9J6C 80 Comdty,arithmetic
46,1,70.58000183105469,80.0,1.3643835616438356,0.0449399995803833,0.2446,0.8822500228881835,-0.1252797904837899,0.28570950703635833,0.9405265540317306,1,G9J6C 80 Comdty,arithmetic
46,2,69.91000366210938,80.0,1.3616438356164384,0.0457000017166137,0.24789999999999998,0.8738750457763672,-0.13481788176679113,0.2892732593032844,0.9396694395435046,2,G9J6C 80 Comdty,arithmetic
46,3,69.45999908447266,80.0,1.358904109589041,0.0452400016784668,0.2491,0.8682499885559082,-0.14127560053859506,0.29038095790242296,0.9403747394250085,3,G9J6C 80 Comdty,arithmetic
46,4,69.23999786376953,80.0,1.3506849315068492,0.0459899997711181,0.25170000000000003,0.8654999732971191,-0.14444793521842222,0.2925231510332319,0.9397719874441829,4,G9J6C 80 Comdty,arithmetic
46,5,70.0999984741211,80.0,1.347945205479452,0.0459100008010864,0.2509,0.8762499809265136,-0.1321038624005116,0.2912975154726658,0.9399917639955039,5,G9J6C 80 Comdty,arithmetic
46,6,69.62000274658203,80.0,1.3424657534246576,0.045789999961853,0.2457,0.8702500343322754,-0.1389747128395405,0.28467987356144253,0.9403797397874873,6,G9J6C 80 Comdty,arithmetic
46,7,70.5999984741211,80.0,1.3397260273972602,0.0461899995803833,0.237,0.8824999809265137,-0.12499651178770108,0.27431928702312697,0.9399938515504009,7,G9J6C 80 Comdty,arithmetic
46,8,70.98999786376953,80.0,1.3315068493150686,0.0454500007629394,0.237,0.8873749732971191,-0.11948764271457896,0.2734765222449234,0.9412777790983591,8,G9J6C 80 Comdty,arithmetic
46,9,73.12999725341797,80.0,1.3232876712328767,0.0457499980926513,0.2253,0.9141249656677246,-0.08978799294855061,0.2591721460490522,0.9412557335788688,9,G9J6C 80 Comdty,arithmetic
46,10,73.95999908447266,80.0,1.3205479452054794,0.0459600019454956,0.2211,0.9244999885559082,-0.0785022405336399,0.25407727882760067,0.9411126945709366,10,G9J6C 80 Comdty,arithmetic
46,11,73.55999755859375,80.0,1.3123287671232875,0.0461800003051757,0.21739999999999998,0.9194999694824219,-0.0839252681270801,0.24904674172059313,0.9411964980485544,11,G9J6C 80 Comdty,arithmetic
46,12,73.31999969482422,80.0,1.3068493150684932,0.0469299983978271,0.2227,0.9164999961853028,-0.08719321586462203,0.2545850953357704,0.9405124090188163,12,G9J6C 80 Comdty,arithmetic
46,13,75.44000244140625,80.0,1.2684931506849315,0.0459899997711181,0.20739999999999997,0.9430000305175781,-0.05868896398645518,0.23358923014205119,0.9433310479255468,13,G9J6C 80 Comdty,arithmetic
46,14,73.16999816894531,80.0,1.2547945205479452,0.0452799987792968,0.1934,0.9146249771118165,-0.08924115880260758,0.21664205994447686,0.9447668567519807,14,G9J6C 80 Comdty,arithmetic
47,0,70.08000183105469,81.25,1.367123287671233,0.0438500022888183,0.2482,0.8625230994591346,-0.1478933484536477,0.29020548581996175,0.941813168225891,0,G9J6C 81.25 Comdty,arithmetic
47,1,70.58000183105469,81.25,1.3643835616438356,0.0449399995803833,0.2446,0.8686769456129808,-0.14078397701975506,0.28570950703635833,0.9405265540317306,1,G9J6C 81.25 Comdty,arithmetic
47,2,69.91000366210938,81.25,1.3616438356164384,0.0457000017166137,0.24789999999999998,0.8604308143028846,-0.15032206830275643,0.2892732593032844,0.9396694395435046,2,G9J6C 81.25 Comdty,arithmetic
47,3,69.45999908447266,81.25,1.358904109589041,0.0452400016784668,0.2491,0.8548922964242789,-0.15677978707456022,0.29038095790242296,0.9403747394250085,3,G9J6C 81.25 Comdty,arithmetic
47,4,69.23999786376953,81.25,1.3506849315068492,0.0459899997711181,0.25170000000000003,0.8521845890925481,-0.15995212175438744,0.2925231510332319,0.9397719874441829,4,G9J6C 81.25 Comdty,arithmetic
47,5,70.0999984741211,81.25,1.347945205479452,0.0459100008010864,0.2509,0.8627692119891827,-0.14760804893647686,0.2912975154726658,0.9399917639955039,5,G9J6C 81.25 Comdty,arithmetic
47,6,69.62000274658203,81.25,1.3424657534246576,0.045789999961853,0.2457,0.856861572265625,-0.15447889937550582,0.28467987356144253,0.9403797397874873,6,G9J6C 81.25 Comdty,arithmetic
47,7,70.5999984741211,81.25,1.3397260273972602,0.0461899995803833,0.237,0.8689230581430288,-0.1405006983236664,0.27431928702312697,0.9399938515504009,7,G9J6C 81.25 Comdty,arithmetic
47,8,70.98999786376953,81.25,1.3315068493150686,0.0454500007629394,0.237,0.8737230506310096,-0.13499182925054415,0.2734765222449234,0.9412777790983591,8,G9J6C 81.25 Comdty,arithmetic
47,9,73.12999725341797,81.25,1.3232876712328767,0.0457499980926513,0.2253,0.9000615046574519,-0.10529217948451584,0.2591721460490522,0.9412557335788688,9,G9J6C 81.25 Comdty,arithmetic
47,10,73.95999908447266,81.25,1.3205479452054794,0.0459600019454956,0.2211,0.9102769118088943,-0.09400642706960513,0.25407727882760067,0.9411126945709366,10,G9J6C 81.25 Comdty,arithmetic
47,11,73.55999755859375,81.25,1.3123287671232875,0.0461800003051757,0.21739999999999998,0.9053538161057693,-0.09942945466304529,0.24904674172059313,0.9411964980485544,11,G9J6C 81.25 Comdty,arithmetic
47,12,73.31999969482422,81.25,1.3068493150684932,0.0469299983978271,0.2227,0.9023999962439904,-0.10269740240058733,0.2545850953357704,0.9405124090188163,12,G9J6C 81.25 Comdty,arithmetic
47,13,75.44000244140625,81.25,1.2684931506849315,0.0459899997711181,0.20739999999999997,0.9284923377403846,-0.07419315052242036,0.23358923014205119,0.9433310479255468,13,G9J6C 81.25 Comdty,arithmetic
47,14,73.16999816894531,81.25,1.2547945205479452,0.0452799987792968,0.1934,0.9005538236177885,-0.10474534533857288,0.21664205994447686,0.9447668567519807,14,G9J6C 81.25 Comdty,arithmetic
48,0,70.08000183105469,70.85,1.4465753424657537,0.0438500022888183,0.2482,0.9891319947925856,-0.010927493380490266,0.2985192255115238,0.9385376260427613,0,G9K6C 70.85 Comdty,arithmetic
48,1,70.58000183105469,70.85,1.443835616438356,0.0449399995803833,0.2446,0.9961891578130514,-0.003818121946597629,0.2939106532767893,0.9371743214013268,1,G9K6C 70.85 Comdty,arithmetic
48,2,69.91000366210938,70.85,1.441095890410959,0.0457000017166137,0.24789999999999998,0.9867325852097302,-0.013356213229598872,0.2975931748186274,0.9362637250435463,2,G9K6C 70.85 Comdty,arithmetic
48,3,69.45999908447266,70.85,1.4383561643835616,0.0452400016784668,0.2491,0.9803810738810538,-0.0198139320014028,0.29874933484192584,0.9370007134815166,3,G9K6C 70.85 Comdty,arithmetic
48,4,69.23999786376953,70.85,1.4301369863013698,0.0459899997711181,0.25170000000000003,0.9772759049226469,-0.02298626668123001,0.3010038391417661,0.936344326768936,4,G9K6C 70.85 Comdty,arithmetic
48,5,70.0999984741211,70.85,1.4273972602739726,0.0459100008010864,0.2509,0.989414233932549,-0.010642193863319344,0.29975959321767737,0.9365692546147321,5,G9K6C 70.85 Comdty,arithmetic
48,6,69.62000274658203,70.85,1.421917808219178,0.045789999961853,0.2457,0.9826394177358085,-0.017513044302348325,0.2929829875373336,0.9369647510599761,6,G9K6C 70.85 Comdty,arithmetic
48,7,70.5999984741211,70.85,1.4191780821917808,0.0461899995803833,0.237,0.9964713969530148,-0.003534843250508896,0.28233634852535394,0.9365504993866763,7,G9K6C 70.85 Comdty,arithmetic
48,8,70.98999786376953,70.85,1.4109589041095891,0.0454500007629394,0.237,1.0019759754942772,0.001974025822613353,0.2815175850367637,0.9378848644785575,8,G9K6C 70.85 Comdty,arithmetic
48,9,73.12999725341797,70.85,1.4027397260273973,0.0457499980926513,0.2253,1.0321806246071696,0.031673675588641564,0.26683926761203275,0.937840544349058,9,G9K6C 70.85 Comdty,arithmetic
48,10,73.95999908447266,70.85,1.4,0.0459600019454956,0.2211,1.0438955410652457,0.04295942800355232,0.261609048008665,0.9376823787504476,10,G9K6C 70.85 Comdty,arithmetic
48,11,73.55999755859375,70.85,1.3917808219178085,0.0461800003051757,0.21739999999999998,1.0382497891121207,0.037536400410112164,0.25647495581226665,0.9377494853997369,11,G9K6C 70.85 Comdty,arithmetic
48,12,73.31999969482422,70.85,1.3863013698630138,0.0469299983978271,0.2227,1.0348623810137505,0.03426845267257017,0.2622098748440902,0.9370120645871481,12,G9K6C 70.85 Comdty,arithmetic
48,13,75.44000244140625,70.85,1.347945205479452,0.0459899997711181,0.20739999999999997,1.0647847909866797,0.0627727045507371,0.24079356201287713,0.9398904061742348,13,G9K6C 70.85 Comdty,arithmetic
48,14,73.16999816894531,70.85,1.3342465753424655,0.0452799987792968,0.1934,1.0327452105708583,0.03222050973458454,0.2233955501696854,0.941374080519792,14,G9K6C 70.85 Comdty,arithmetic
49,0,70.08000183105469,72.67,1.4465753424657537,0.0438500022888183,0.2482,0.9643594582503741,-0.03629117187234547,0.2985192255115238,0.9385376260427613,0,G9K6C 72.67 Comdty,arithmetic
49,1,70.58000183105469,72.67,1.443835616438356,0.0449399995803833,0.2446,0.9712398765798085,-0.029181800438452844,0.2939106532767893,0.9371743214013268,1,G9K6C 72.67 Comdty,arithmetic
49,2,69.91000366210938,72.67,1.441095890410959,0.0457000017166137,0.24789999999999998,0.9620201412152108,-0.03871989172145411,0.2975931748186274,0.9362637250435463,2,G9K6C 72.67 Comdty,arithmetic
49,3,69.45999908447266,72.67,1.4383561643835616,0.0452400016784668,0.2491,0.9558277017266087,-0.045177610493257976,0.29874933484192584,0.9370007134815166,3,G9K6C 72.67 Comdty,arithmetic
49,4,69.23999786376953,72.67,1.4301369863013698,0.0459899997711181,0.25170000000000003,0.9528003008637612,-0.048349945173085204,0.3010038391417661,0.936344326768936,4,G9K6C 72.67 Comdty,arithmetic
49,5,70.0999984741211,72.67,1.4273972602739726,0.0459100008010864,0.2509,0.9646346287893366,-0.03600587235517454,0.29975959321767737,0.9365692546147321,5,G9K6C 72.67 Comdty,arithmetic
49,6,69.62000274658203,72.67,1.421917808219178,0.045789999961853,0.2457,0.9580294859857167,-0.04287672279420346,0.2929829875373336,0.9369647510599761,6,G9K6C 72.67 Comdty,arithmetic
49,7,70.5999984741211,72.67,1.4191780821917808,0.0461899995803833,0.237,0.971515047118771,-0.028898521742364097,0.28233634852535394,0.9365504993866763,7,G9K6C 72.67 Comdty,arithmetic
49,8,70.98999786376953,72.67,1.4109589041095891,0.0454500007629394,0.237,0.9768817650167817,-0.023389652669241916,0.2815175850367637,0.9378848644785575,8,G9K6C 72.67 Comdty,arithmetic
49,9,73.12999725341797,72.67,1.4027397260273973,0.0457499980926513,0.2253,1.0063299470678129,0.006309997096786372,0.26683926761203275,0.937840544349058,9,G9K6C 72.67 Comdty,arithmetic
49,10,73.95999908447266,72.67,1.4,0.0459600019454956,0.2211,1.0177514666915186,0.017595749511697203,0.261609048008665,0.9376823787504476,10,G9K6C 72.67 Comdty,arithmetic
49,11,73.55999755859375,72.67,1.3917808219178085,0.0461800003051757,0.21739999999999998,1.0122471110306006,0.012172721918256971,0.25647495581226665,0.9377494853997369,11,G9K6C 72.67 Comdty,arithmetic
49,12,73.31999969482422,72.67,1.3863013698630138,0.0469299983978271,0.2227,1.0089445396287906,0.008904774180714958,0.2622098748440902,0.9370120645871481,12,G9K6C 72.67 Comdty,arithmetic
49,13,75.44000244140625,72.67,1.347945205479452,0.0459899997711181,0.20739999999999997,1.0381175511408594,0.03740902605888194,0.24079356201287713,0.9398904061742348,13,G9K6C 72.67 Comdty,arithmetic
49,14,73.16999816894531,72.67,1.3342465753424655,0.0452799987792968,0.1934,1.00688039313259,0.006856831242729528,0.2233955501696854,0.941374080519792,14,G9K6C 72.67 Comdty,arithmetic
50,0,70.08000183105469,74.4,1.4465753424657537,0.0438500022888183,0.2482,0.9419355084819178,-0.059818469082847145,0.2985192255115238,0.9385376260427613,0,G9K6C 74.4 Comdty,arithmetic
50,1,70.58000183105469,74.4,1.443835616438356,0.0449399995803833,0.2446,0.9486559385894446,-0.05270909764895451,0.2939106532767893,0.9371743214013268,1,G9K6C 74.4 Comdty,arithmetic
50,2,69.91000366210938,74.4,1.441095890410959,0.0457000017166137,0.24789999999999998,0.9396505868563088,-0.06224718893195577,0.2975931748186274,0.9362637250435463,2,G9K6C 74.4 Comdty,arithmetic
50,3,69.45999908447266,74.4,1.4383561643835616,0.0452400016784668,0.2491,0.9336021382321593,-0.06870490770375964,0.29874933484192584,0.9370007134815166,3,G9K6C 74.4 Comdty,arithmetic
50,4,69.23999786376953,74.4,1.4301369863013698,0.0459899997711181,0.25170000000000003,0.9306451325775474,-0.07187724238358684,0.3010038391417661,0.936344326768936,4,G9K6C 74.4 Comdty,arithmetic
50,5,70.0999984741211,74.4,1.4273972602739726,0.0459100008010864,0.2509,0.9422042805661437,-0.05953316956567618,0.29975959321767737,0.9365692546147321,5,G9K6C 74.4 Comdty,arithmetic
50,6,69.62000274658203,74.4,1.421917808219178,0.045789999961853,0.2457,0.9357527250884681,-0.06640402000470522,0.2929829875373336,0.9369647510599761,6,G9K6C 74.4 Comdty,arithmetic
50,7,70.5999984741211,74.4,1.4191780821917808,0.0461899995803833,0.237,0.9489247106736706,-0.052425818952865744,0.28233634852535394,0.9365504993866763,7,G9K6C 74.4 Comdty,arithmetic
50,8,70.98999786376953,74.4,1.4109589041095891,0.0454500007629394,0.237,0.9541666379538914,-0.0469169498797436,0.2815175850367637,0.9378848644785575,8,G9K6C 74.4 Comdty,arithmetic
50,9,73.12999725341797,74.4,1.4027397260273973,0.0457499980926513,0.2253,0.9829300706104565,-0.0172173001137153,0.26683926761203275,0.937840544349058,9,G9K6C 74.4 Comdty,arithmetic
50,10,73.95999908447266,74.4,1.4,0.0459600019454956,0.2211,0.9940860091999012,-0.005931547698804567,0.261609048008665,0.9376823787504476,10,G9K6C 74.4 Comdty,arithmetic
50,11,73.55999755859375,74.4,1.3917808219178085,0.0461800003051757,0.21739999999999998,0.9887096446047546,-0.011354575292244706,0.25647495581226665,0.9377494853997369,11,G9K6C 74.4 Comdty,arithmetic
50,12,73.31999969482422,74.4,1.3863013698630138,0.0469299983978271,0.2227,0.9854838668659168,-0.014622523029786718,0.2622098748440902,0.9370120645871481,12,G9K6C 74.4 Comdty,arithmetic
50,13,75.44000244140625,74.4,1.347945205479452,0.0459899997711181,0.20739999999999997,1.013978527438256,0.013881728848380251,0.24079356201287713,0.9398904061742348,13,G9K6C 74.4 Comdty,arithmetic
50,14,73.16999816894531,74.4,1.3342465753424655,0.0452799987792968,0.1934,0.9834677173245336,-0.01667046596777233,0.2233955501696854,0.941374080519792,14,G9K6C 74.4 Comdty,arithmetic
51,0,70.08000183105469,75.75,1.4465753424657537,0.0438500022888183,0.2482,0.9251485390238242,-0.07780097163327945,0.2985192255115238,0.9385376260427613,0,G9K6C 75.75 Comdty,arithmetic
51,1,70.58000183105469,75.75,1.443835616438356,0.0449399995803833,0.2446,0.9317491990898309,-0.07069160019938672,0.2939106532767893,0.9371743214013268,1,G9K6C 75.75 Comdty,arithmetic
51,2,69.91000366210938,75.75,1.441095890410959,0.0457000017166137,0.24789999999999998,0.9229043387737211,-0.08022969148238805,0.2975931748186274,0.9362637250435463,2,G9K6C 75.75 Comdty,arithmetic
51,3,69.45999908447266,75.75,1.4383561643835616,0.0452400016784668,0.2491,0.9169636842834674,-0.08668741025419192,0.29874933484192584,0.9370007134815166,3,G9K6C 75.75 Comdty,arithmetic
51,4,69.23999786376953,75.75,1.4301369863013698,0.0459899997711181,0.25170000000000003,0.9140593777395317,-0.0898597449340192,0.3010038391417661,0.936344326768936,4,G9K6C 75.75 Comdty,arithmetic
51,5,70.0999984741211,75.75,1.4273972602739726,0.0459100008010864,0.2509,0.9254125211105095,-0.07751567211610845,0.29975959321767737,0.9365692546147321,5,G9K6C 75.75 Comdty,arithmetic
51,6,69.62000274658203,75.75,1.421917808219178,0.045789999961853,0.2457,0.9190759438492677,-0.08438652255513748,0.2929829875373336,0.9369647510599761,6,G9K6C 75.75 Comdty,arithmetic
51,7,70.5999984741211,75.75,1.4191780821917808,0.0461899995803833,0.237,0.9320131811765161,-0.07040832150329802,0.28233634852535394,0.9365504993866763,7,G9K6C 75.75 Comdty,arithmetic
51,8,70.98999786376953,75.75,1.4109589041095891,0.0454500007629394,0.237,0.9371616879705549,-0.06489945243017582,0.2815175850367637,0.9378848644785575,8,G9K6C 75.75 Comdty,arithmetic
51,9,73.12999725341797,75.75,1.4027397260273973,0.0457499980926513,0.2253,0.9654125049956167,-0.035199802664147566,0.26683926761203275,0.937840544349058,9,G9K6C 75.75 Comdty,arithmetic
51,10,73.95999908447266,75.75,1.4,0.0459600019454956,0.2211,0.9763696248775268,-0.023914050249236866,0.261609048008665,0.9376823787504476,10,G9K6C 75.75 Comdty,arithmetic
51,11,73.55999755859375,75.75,1.3917808219178085,0.0461800003051757,0.21739999999999998,0.9710890766811056,-0.02933707784267703,0.25647495581226665,0.9377494853997369,11,G9K6C 75.75 Comdty,arithmetic
51,12,73.31999969482422,75.75,1.3863013698630138,0.0469299983978271,0.2227,0.9679207880504848,-0.03260502558021894,0.2622098748440902,0.9370120645871481,12,G9K6C 75.75 Comdty,arithmetic
51,13,75.44000244140625,75.75,1.347945205479452,0.0459899997711181,0.20739999999999997,0.9959076229888614,-0.004100773702052057,0.24079356201287713,0.9398904061742348,13,G9K6C 75.75 Comdty,arithmetic
51,14,73.16999816894531,75.75,1.3342465753424655,0.0452799987792968,0.1934,0.9659405698870668,-0.03465296851820459,0.2233955501696854,0.941374080519792,14,G9K6C 75.75 Comdty,arithmetic
52,0,70.08000183105469,76.55,1.4465753424657537,0.0438500022888183,0.2482,0.9154801022998653,-0.0883066493474936,0.2985192255115238,0.9385376260427613,0,G9K6C 76.55 Comdty,arithmetic
52,1,70.58000183105469,76.55,1.443835616438356,0.0449399995803833,0.2446,0.9220117809412761,-0.08119727791360101,0.2939106532767893,0.9371743214013268,1,G9K6C 76.55 Comdty,arithmetic
52,2,69.91000366210938,76.55,1.441095890410959,0.0457000017166137,0.24789999999999998,0.9132593554815073,-0.0907353691966022,0.2975931748186274,0.9362637250435463,2,G9K6C 76.55 Comdty,arithmetic
52,3,69.45999908447266,76.55,1.4383561643835616,0.0452400016784668,0.2491,0.9073807849049335,-0.09719308796840617,0.29874933484192584,0.9370007134815166,3,G9K6C 76.55 Comdty,arithmetic
52,4,69.23999786376953,76.55,1.4301369863013698,0.0459899997711181,0.25170000000000003,0.9045068303562317,-0.1003654226482333,0.3010038391417661,0.936344326768936,4,G9K6C 76.55 Comdty,arithmetic
52,5,70.0999984741211,76.55,1.4273972602739726,0.0459100008010864,0.2509,0.9157413255926988,-0.0880213498303227,0.29975959321767737,0.9365692546147321,5,G9K6C 76.55 Comdty,arithmetic
52,6,69.62000274658203,76.55,1.421917808219178,0.045789999961853,0.2457,0.9094709699096282,-0.09489220026935162,0.2929829875373336,0.9369647510599761,6,G9K6C 76.55 Comdty,arithmetic
52,7,70.5999984741211,76.55,1.4191780821917808,0.0461899995803833,0.237,0.9222730042341097,-0.08091399921751218,0.28233634852535394,0.9365504993866763,7,G9K6C 76.55 Comdty,arithmetic
52,8,70.98999786376953,76.55,1.4109589041095891,0.0454500007629394,0.237,0.9273677056011697,-0.07540513014438999,0.2815175850367637,0.9378848644785575,8,G9K6C 76.55 Comdty,arithmetic
52,9,73.12999725341797,76.55,1.4027397260273973,0.0457499980926513,0.2253,0.9553232822131675,-0.045705480378361675,0.26683926761203275,0.937840544349058,9,G9K6C 76.55 Comdty,arithmetic
52,10,73.95999908447266,76.55,1.4,0.0459600019454956,0.2211,0.9661658926776311,-0.034419727963451004,0.261609048008665,0.9376823787504476,10,G9K6C 76.55 Comdty,arithmetic
52,11,73.55999755859375,76.55,1.3917808219178085,0.0461800003051757,0.21739999999999998,0.9609405298314011,-0.03984275555689115,0.25647495581226665,0.9377494853997369,11,G9K6C 76.55 Comdty,arithmetic
52,12,73.31999969482422,76.55,1.3863013698630138,0.0469299983978271,0.2227,0.9578053519898657,-0.04311070329443318,0.2622098748440902,0.9370120645871481,12,G9K6C 76.55 Comdty,arithmetic
52,13,75.44000244140625,76.55,1.347945205479452,0.0459899997711181,0.20739999999999997,0.9854997053090301,-0.014606451416266245,0.24079356201287713,0.9398904061742348,13,G9K6C 76.55 Comdty,arithmetic
52,14,73.16999816894531,76.55,1.3342465753424655,0.0452799987792968,0.1934,0.9558458284643412,-0.045158646232418706,0.2233955501696854,0.941374080519792,14,G9K6C 76.55 Comdty,arithmetic
53,0,70.08000183105469,76.6,1.4465753424657537,0.0438500022888183,0.2482,0.9148825304315235,-0.08895960399034636,0.2985192255115238,0.9385376260427613,0,G9K6C 76.6 Comdty,arithmetic
53,1,70.58000183105469,76.6,1.443835616438356,0.0449399995803833,0.2446,0.9214099455751266,-0.08185023255645375,0.2939106532767893,0.9371743214013268,1,G9K6C 76.6 Comdty,arithmetic
53,2,69.91000366210938,76.6,1.441095890410959,0.0457000017166137,0.24789999999999998,0.9126632331868065,-0.09138832383945508,0.2975931748186274,0.9362637250435463,2,G9K6C 76.6 Comdty,arithmetic
53,3,69.45999908447266,76.6,1.4383561643835616,0.0452400016784668,0.2491,0.9067884997972933,-0.09784604261125893,0.29874933484192584,0.9370007134815166,3,G9K6C 76.6 Comdty,arithmetic
53,4,69.23999786376953,76.6,1.4301369863013698,0.0459899997711181,0.25170000000000003,0.9039164211980357,-0.10101837729108616,0.3010038391417661,0.936344326768936,4,G9K6C 76.6 Comdty,arithmetic
53,5,70.0999984741211,76.6,1.4273972602739726,0.0459100008010864,0.2509,0.9151435832130692,-0.08867430447317547,0.29975959321767737,0.9365692546147321,5,G9K6C 76.6 Comdty,arithmetic
53,6,69.62000274658203,76.6,1.421917808219178,0.045789999961853,0.2457,0.9088773204514626,-0.09554515491220446,0.2929829875373336,0.9369647510599761,6,G9K6C 76.6 Comdty,arithmetic
53,7,70.5999984741211,76.6,1.4191780821917808,0.0461899995803833,0.237,0.9216709983566723,-0.08156695386036504,0.28233634852535394,0.9365504993866763,7,G9K6C 76.6 Comdty,arithmetic
53,8,70.98999786376953,76.6,1.4109589041095891,0.0454500007629394,0.237,0.9267623742006467,-0.07605808478724288,0.2815175850367637,0.9378848644785575,8,G9K6C 76.6 Comdty,arithmetic
53,9,73.12999725341797,76.6,1.4027397260273973,0.0457499980926513,0.2253,0.9546997030472321,-0.04635843502121451,0.26683926761203275,0.937840544349058,9,G9K6C 76.6 Comdty,arithmetic
53,10,73.95999908447266,76.6,1.4,0.0459600019454956,0.2211,0.9655352360897215,-0.03507268260630379,0.261609048008665,0.9376823787504476,10,G9K6C 76.6 Comdty,arithmetic
53,11,73.55999755859375,76.6,1.3917808219178085,0.0461800003051757,0.21739999999999998,0.9603132840547488,-0.040495710199743955,0.25647495581226665,0.9377494853997369,11,G9K6C 76.6 Comdty,arithmetic
53,12,73.31999969482422,76.6,1.3863013698630138,0.0469299983978271,0.2227,0.9571801526739455,-0.04376365793728594,0.2622098748440902,0.9370120645871481,12,G9K6C 76.6 Comdty,arithmetic
53,13,75.44000244140625,76.6,1.347945205479452,0.0459899997711181,0.20739999999999997,0.984856428738985,-0.015259406059119077,0.24079356201287713,0.9398904061742348,13,G9K6C 76.6 Comdty,arithmetic
53,14,73.16999816894531,76.6,1.3342465753424655,0.0452799987792968,0.1934,0.9552219082107744,-0.04581160087527159,0.2233955501696854,0.941374080519792,14,G9K6C 76.6 Comdty,arithmetic
54,0,70.08000183105469,78.0,1.4465753424657537,0.0438500022888183,0.2482,0.8984615619365985,-0.10707135393339262,0.2985192255115238,0.9385376260427613,0,G9K6C 78 Comdty,arithmetic
54,1,70.58000183105469,78.0,1.443835616438356,0.0449399995803833,0.2446,0.9048718183468549,-0.09996198249950003,0.2939106532767893,0.9371743214013268,1,G9K6C 78 Comdty,arithmetic
54,2,69.91000366210938,78.0,1.441095890410959,0.0457000017166137,0.24789999999999998,0.8962820982321714,-0.10950007378250133,0.2975931748186274,0.9362637250435463,2,G9K6C 78 Comdty,arithmetic
54,3,69.45999908447266,78.0,1.4383561643835616,0.0452400016784668,0.2491,0.8905128087752905,-0.11595779255430512,0.29874933484192584,0.9370007134815166,3,G9K6C 78 Comdty,arithmetic
54,4,69.23999786376953,78.0,1.4301369863013698,0.0459899997711181,0.25170000000000003,0.8876922803047376,-0.11913012723413237,0.3010038391417661,0.936344326768936,4,G9K6C 78 Comdty,arithmetic
54,5,70.0999984741211,78.0,1.4273972602739726,0.0459100008010864,0.2509,0.8987179291553986,-0.10678605441622173,0.29975959321767737,0.9365692546147321,5,G9K6C 78 Comdty,arithmetic
54,6,69.62000274658203,78.0,1.421917808219178,0.045789999961853,0.2457,0.8925641377766927,-0.11365690485525065,0.2929829875373336,0.9369647510599761,6,G9K6C 78 Comdty,arithmetic
54,7,70.5999984741211,78.0,1.4191780821917808,0.0461899995803833,0.237,0.905128185565655,-0.0996787038034113,0.28233634852535394,0.9365504993866763,7,G9K6C 78 Comdty,arithmetic
54,8,70.98999786376953,78.0,1.4109589041095891,0.0454500007629394,0.237,0.910128177740635,-0.09416983473028903,0.2815175850367637,0.9378848644785575,8,G9K6C 78 Comdty,arithmetic
54,9,73.12999725341797,78.0,1.4027397260273973,0.0457499980926513,0.2253,0.9375640673515124,-0.06447018496426073,0.26683926761203275,0.937840544349058,9,G9K6C 78 Comdty,arithmetic
54,10,73.95999908447266,78.0,1.4,0.0459600019454956,0.2211,0.9482051164675982,-0.053184432549349986,0.261609048008665,0.9376823787504476,10,G9K6C 78 Comdty,arithmetic
54,11,73.55999755859375,78.0,1.3917808219178085,0.0461800003051757,0.21739999999999998,0.943076891776843,-0.058607460142790196,0.25647495581226665,0.9377494853997369,11,G9K6C 78 Comdty,arithmetic
54,12,73.31999969482422,78.0,1.3863013698630138,0.0469299983978271,0.2227,0.93999999608749,-0.06187540788033219,0.2622098748440902,0.9370120645871481,12,G9K6C 78 Comdty,arithmetic
54,13,75.44000244140625,78.0,1.347945205479452,0.0459899997711181,0.20739999999999997,0.9671795184795673,-0.033371156002165274,0.24079356201287713,0.9398904061742348,13,G9K6C 78 Comdty,arithmetic
54,14,73.16999816894531,78.0,1.3342465753424655,0.0452799987792968,0.1934,0.938076899601863,-0.06392335081831771,0.2233955501696854,0.941374080519792,14,G9K6C 78 Comdty,arithmetic
55,0,70.08000183105469,78.94,1.4465753424657537,0.0438500022888183,0.2482,0.8877628810622585,-0.11905059747850191,0.2985192255115238,0.9385376260427613,0,G9K6C 78.94 Comdty,arithmetic
55,1,70.58000183105469,78.94,1.443835616438356,0.0449399995803833,0.2446,0.8940968055618785,-0.11194122604460924,0.2939106532767893,0.9371743214013268,1,G9K6C 78.94 Comdty,arithmetic
55,2,69.91000366210938,78.94,1.441095890410959,0.0457000017166137,0.24789999999999998,0.8856093699279121,-0.12147931732761057,0.2975931748186274,0.9362637250435463,2,G9K6C 78.94 Comdty,arithmetic
55,3,69.45999908447266,78.94,1.4383561643835616,0.0452400016784668,0.2491,0.8799087798894434,-0.1279370360994144,0.29874933484192584,0.9370007134815166,3,G9K6C 78.94 Comdty,arithmetic
55,4,69.23999786376953,78.94,1.4301369863013698,0.0459899997711181,0.25170000000000003,0.8771218376459277,-0.13110937077924173,0.3010038391417661,0.936344326768936,4,G9K6C 78.94 Comdty,arithmetic
55,5,70.0999984741211,78.94,1.4273972602739726,0.0459100008010864,0.2509,0.8880161955171155,-0.11876529796133091,0.29975959321767737,0.9365692546147321,5,G9K6C 78.94 Comdty,arithmetic
55,6,69.62000274658203,78.94,1.421917808219178,0.045789999961853,0.2457,0.8819356821203703,-0.12563614840035997,0.2929829875373336,0.9369647510599761,6,G9K6C 78.94 Comdty,arithmetic
55,7,70.5999984741211,78.94,1.4191780821917808,0.0461899995803833,0.237,0.8943501200167354,-0.11165794734852057,0.28233634852535394,0.9365504993866763,7,G9K6C 78.94 Comdty,arithmetic
55,8,70.98999786376953,78.94,1.4109589041095891,0.0454500007629394,0.237,0.8992905733945976,-0.10614907827539831,0.2815175850367637,0.9378848644785575,8,G9K6C 78.94 Comdty,arithmetic
55,9,73.12999725341797,78.94,1.4027397260273973,0.0457499980926513,0.2253,0.9263997625211297,-0.07644942850936996,0.26683926761203275,0.937840544349058,9,G9K6C 78.94 Comdty,arithmetic
55,10,73.95999908447266,78.94,1.4,0.0459600019454956,0.2211,0.9369141003860231,-0.06516367609445928,0.261609048008665,0.9376823787504476,10,G9K6C 78.94 Comdty,arithmetic
55,11,73.55999755859375,78.94,1.3917808219178085,0.0461800003051757,0.21739999999999998,0.9318469414567235,-0.07058670368789943,0.25647495581226665,0.9377494853997369,11,G9K6C 78.94 Comdty,arithmetic
55,12,73.31999969482422,78.94,1.3863013698630138,0.0469299983978271,0.2227,0.9288066847583509,-0.07385465142544144,0.2622098748440902,0.9370120645871481,12,G9K6C 78.94 Comdty,arithmetic
55,13,75.44000244140625,78.94,1.347945205479452,0.0459899997711181,0.20739999999999997,0.955662559430026,-0.045350399547274566,0.24079356201287713,0.9398904061742348,13,G9K6C 78.94 Comdty,arithmetic
55,14,73.16999816894531,78.94,1.3342465753424655,0.0452799987792968,0.1934,0.9269064880788613,-0.07590259436342706,0.2233955501696854,0.941374080519792,14,G9K6C 78.94 Comdty,arithmetic
56,0,70.08000183105469,70.0,2.4438356164383563,0.0438500022888183,0.2482,1.0011428833007812,0.0011422307068400424,0.3880054020242502,0.898379946303952,0,G9K7C 70 Comdty,arithmetic
56,1,70.58000183105469,70.0,2.441095890410959,0.0449399995803833,0.2446,1.0082857404436385,0.008251602140732877,0.38216320676216303,0.8961003734956505,1,G9K7C 70 Comdty,arithmetic
56,2,69.91000366210938,70.0,2.4383561643835616,0.0457000017166137,0.24789999999999998,0.9987143380301339,-0.0012864891422685824,0.3871017171907854,0.8945514308770411,2,G9K7C 70 Comdty,arithmetic
56,3,69.45999908447266,70.0,2.4356164383561643,0.0452400016784668,0.2491,0.9922857012067522,-0.007744207914072442,0.3887569585863577,0.8956663686564019,3,G9K7C 70 Comdty,arithmetic
56,4,69.23999786376953,70.0,2.4273972602739726,0.0459899997711181,0.25170000000000003,0.989142826625279,-0.010916542593899663,0.3921512866438645,0.8943697493428189,4,G9K7C 70 Comdty,arithmetic
56,5,70.0999984741211,70.0,2.4246575342465753,0.0459100008010864,0.2509,1.0014285496303013,0.0014275302240109727,0.3906842148761896,0.8946559667132983,5,G9K7C 70 Comdty,arithmetic
56,6,69.62000274658203,70.0,2.419178082191781,0.045789999961853,0.2457,0.9945714678083147,-0.005443320215017923,0.3821545863430318,0.8951408808791058,6,G9K7C 70 Comdty,arithmetic
56,7,70.5999984741211,70.0,2.4164383561643836,0.0461899995803833,0.237,1.0085714067731584,0.008534880836821395,0.3684140687153481,0.8943882744249297,7,G9K7C 70 Comdty,arithmetic
56,8,70.98999786376953,70.0,2.408219178082192,0.0454500007629394,0.237,1.014142826625279,0.01404374990994367,0.3677869804842181,0.8963237855520836,8,G9K7C 70 Comdty,arithmetic
56,9,73.12999725341797,70.0,2.4,0.0457499980926513,0.2253,1.0447142464773995,0.04374339967597199,0.34903325916021244,0.8960133241430884,9,G9K7C 70 Comdty,arithmetic
56,10,73.95999908447266,70.0,2.3972602739726026,0.0459600019454956,0.2211,1.0565714154924666,0.055029152090882785,0.3423310852344674,0.8956746132170126,10,G9K7C 70 Comdty,arithmetic
56,11,73.55999755859375,70.0,2.389041095890411,0.0461800003051757,0.21739999999999998,1.0508571079799107,0.04960612449744256,0.3360248144783439,0.8955422139193704,11,G9K7C 70 Comdty,arithmetic
56,12,73.31999969482422,70.0,2.3835616438356166,0.0469299983978271,0.2227,1.0474285670689174,0.04633817675990057,0.3438218011687219,0.8941689459174528,12,G9K7C 70 Comdty,arithmetic
56,13,75.44000244140625,70.0,2.345205479452055,0.0459899997711181,0.20739999999999997,1.0777143205915178,0.07484242863806748,0.3176136817728655,0.897756864593264,13,G9K7C 70 Comdty,arithmetic
56,14,73.16999816894531,70.0,2.331506849315069,0.0452799987792968,0.1934,1.04528568812779,0.04429023382191491,0.2953077315763458,0.8998109193949391,14,G9K7C 70 Comdty,arithmetic
57,0,70.08000183105469,71.1,2.4438356164383563,0.0438500022888183,0.2482,0.9856540341920491,-0.01444986405299601,0.3880054020242502,0.898379946303952,0,G9K7C 71.1 Comdty,arithmetic
57,1,70.58000183105469,71.1,2.441095890410959,0.0449399995803833,0.2446,0.9926863829965499,-0.007340492619103311,0.38216320676216303,0.8961003734956505,1,G9K7C 71.1 Comdty,arithmetic
57,2,69.91000366210938,71.1,2.4383561643835616,0.0457000017166137,0.24789999999999998,0.9832630613517493,-0.01687858390210468,0.3871017171907854,0.8945514308770411,2,G9K7C 71.1 Comdty,arithmetic
57,3,69.45999908447266,71.1,2.4356164383561643,0.0452400016784668,0.2491,0.9769338830446225,-0.02333630267390858,0.3887569585863577,0.8956663686564019,3,G9K7C 71.1 Comdty,arithmetic
57,4,69.23999786376953,71.1,2.4273972602739726,0.0459899997711181,0.25170000000000003,0.9738396324018219,-0.026508637353735712,0.3921512866438645,0.8943697493428189,4,G9K7C 71.1 Comdty,arithmetic
57,5,70.0999984741211,71.1,2.4246575342465753,0.0459100008010864,0.2509,0.9859352809299733,-0.014164564535825047,0.3906842148761896,0.8946559667132983,5,G9K7C 71.1 Comdty,arithmetic
57,6,69.62000274658203,71.1,2.419178082191781,0.045789999961853,0.2457,0.9791842861685237,-0.021035414974854064,0.3821545863430318,0.8951408808791058,6,G9K7C 71.1 Comdty,arithmetic
57,7,70.5999984741211,71.1,2.4164383561643836,0.0461899995803833,0.237,0.9929676297344739,-0.0070572139230146505,0.3684140687153481,0.8943882744249297,7,G9K7C 71.1 Comdty,arithmetic
57,8,70.98999786376953,71.1,2.408219178082192,0.0454500007629394,0.237,0.9984528532175744,-0.0015483448498924118,0.3677869804842181,0.8963237855520836,8,G9K7C 71.1 Comdty,arithmetic
57,9,73.12999725341797,71.1,2.4,0.0457499980926513,0.2253,1.0285512975164273,0.02815130491613595,0.34903325916021244,0.8960133241430884,9,G9K7C 71.1 Comdty,arithmetic
57,10,73.95999908447266,71.1,2.3972602739726026,0.0459600019454956,0.2211,1.0402250222851288,0.03943705733104655,0.3423310852344674,0.8956746132170126,10,G9K7C 71.1 Comdty,arithmetic
57,11,73.55999755859375,71.1,2.389041095890411,0.0461800003051757,0.21739999999999998,1.0345991217805028,0.03401402973760638,0.3360248144783439,0.8955422139193704,11,G9K7C 71.1 Comdty,arithmetic
57,12,73.31999969482422,71.1,2.3835616438356166,0.0469299983978271,0.2227,1.031223624399778,0.030746082000064425,0.3438218011687219,0.8941689459174528,12,G9K7C 71.1 Comdty,arithmetic
57,13,75.44000244140625,71.1,2.345205479452055,0.0459899997711181,0.20739999999999997,1.0610408219607068,0.05925033387823135,0.3176136817728655,0.897756864593264,13,G9K7C 71.1 Comdty,arithmetic
57,14,73.16999816894531,71.1,2.331506849315069,0.0452799987792968,0.1934,1.0291138982974024,0.028698139062078774,0.2953077315763458,0.8998109193949391,14,G9K7C 71.1 Comdty,arithmetic
58,0,70.08000183105469,75.0,2.4438356164383563,0.0438500022888183,0.2482,0.9344000244140624,-0.06785064078011138,0.3880054020242502,0.898379946303952,0,G9K7C 75 Comdty,arithmetic
58,1,70.58000183105469,75.0,2.441095890410959,0.0449399995803833,0.2446,0.9410666910807292,-0.06074126934621869,0.38216320676216303,0.8961003734956505,1,G9K7C 75 Comdty,arithmetic
58,2,69.91000366210938,75.0,2.4383561643835616,0.0457000017166137,0.24789999999999998,0.9321333821614584,-0.07027936062921995,0.3871017171907854,0.8945514308770411,2,G9K7C 75 Comdty,arithmetic
58,3,69.45999908447266,75.0,2.4356164383561643,0.0452400016784668,0.2491,0.9261333211263021,-0.07673707940102387,0.3887569585863577,0.8956663686564019,3,G9K7C 75 Comdty,arithmetic
58,4,69.23999786376953,75.0,2.4273972602739726,0.0459899997711181,0.25170000000000003,0.9231999715169271,-0.07990941408085103,0.3921512866438645,0.8943697493428189,4,G9K7C 75 Comdty,arithmetic
58,5,70.0999984741211,75.0,2.4246575342465753,0.0459100008010864,0.2509,0.9346666463216146,-0.06756534126294042,0.3906842148761896,0.8946559667132983,5,G9K7C 75 Comdty,arithmetic
58,6,69.62000274658203,75.0,2.419178082191781,0.045789999961853,0.2457,0.9282667032877604,-0.0744361917019694,0.3821545863430318,0.8951408808791058,6,G9K7C 75 Comdty,arithmetic
58,7,70.5999984741211,75.0,2.4164383561643836,0.0461899995803833,0.237,0.9413333129882813,-0.060457990650129925,0.3684140687153481,0.8943882744249297,7,G9K7C 75 Comdty,arithmetic
58,8,70.98999786376953,75.0,2.408219178082192,0.0454500007629394,0.237,0.9465333048502604,-0.05494912157700774,0.3677869804842181,0.8963237855520836,8,G9K7C 75 Comdty,arithmetic
58,9,73.12999725341797,75.0,2.4,0.0457499980926513,0.2253,0.9750666300455729,-0.025249471810979432,0.34903325916021244,0.8960133241430884,9,G9K7C 75 Comdty,arithmetic
58,10,73.95999908447266,75.0,2.3972602739726026,0.0459600019454956,0.2211,0.986133321126302,-0.013963719396068783,0.3423310852344674,0.8956746132170126,10,G9K7C 75 Comdty,arithmetic
58,11,73.55999755859375,75.0,2.389041095890411,0.0461800003051757,0.21739999999999998,0.9807999674479166,-0.01938674698950892,0.3360248144783439,0.8955422139193704,11,G9K7C 75 Comdty,arithmetic
58,12,73.31999969482422,75.0,2.3835616438356166,0.0469299983978271,0.2227,0.9775999959309896,-0.0226546947270509,0.3438218011687219,0.8941689459174528,12,G9K7C 75 Comdty,arithmetic
58,13,75.44000244140625,75.0,2.345205479452055,0.0459899997711181,0.20739999999999997,1.00586669921875,0.005849557151115972,0.3176136817728655,0.897756864593264,13,G9K7C 75 Comdty,arithmetic
58,14,73.16999816894531,75.0,2.331506849315069,0.0452799987792968,0.1934,0.9755999755859375,-0.024702637665036484,0.2953077315763458,0.8998109193949391,14,G9K7C 75 Comdty,arithmetic
59,0,70.08000183105469,70.85,1.5342465753424657,0.0438500022888183,0.2482,0.9891319947925856,-0.010927493380490266,0.30743220390843895,0.9349364538121409,0,G9M6C 70.85 Comdty,arithmetic
59,1,70.58000183105469,70.85,1.5315068493150683,0.0449399995803833,0.2446,0.9961891578130514,-0.003818121946597629,0.30270244189429185,0.9334891703750914,1,G9M6C 70.85 Comdty,arithmetic
59,2,69.91000366210938,70.85,1.5287671232876712,0.0457000017166137,0.24789999999999998,0.9867325852097302,-0.013356213229598872,0.3065117968187213,0.9325200184773588,2,G9M6C 70.85 Comdty,arithmetic
59,3,69.45999908447266,70.85,1.526027397260274,0.0452400016784668,0.2491,0.9803810738810538,-0.0198139320014028,0.30771941128598274,0.933291697770642,3,G9M6C 70.85 Comdty,arithmetic
59,4,69.23999786376953,70.85,1.5178082191780822,0.0459899997711181,0.25170000000000003,0.9772759049226469,-0.02298626668123001,0.31009278796948014,0.9325765873292164,4,G9M6C 70.85 Comdty,arithmetic
59,5,70.0999984741211,70.85,1.515068493150685,0.0459100008010864,0.2509,0.989414233932549,-0.010642193863319344,0.3088280894758686,0.9328071524128899,5,G9M6C 70.85 Comdty,arithmetic
59,6,69.62000274658203,70.85,1.5095890410958903,0.045789999961853,0.2457,0.9826394177358085,-0.017513044302348325,0.30188012675813364,0.9332108780964643,6,G9M6C 70.85 Comdty,arithmetic
59,7,70.5999984741211,70.85,1.5068493150684932,0.0461899995803833,0.237,0.9964713969530148,-0.003534843250508896,0.2909264841469098,0.9327655748632138,7,G9M6C 70.85 Comdty,arithmetic
59,8,70.98999786376953,70.85,1.498630136986301,0.0454500007629394,0.237,1.0019759754942772,0.001974025822613353,0.29013196336216307,0.9341551501764219,8,G9M6C 70.85 Comdty,arithmetic
59,9,73.12999725341797,70.85,1.4904109589041097,0.0457499980926513,0.2253,1.0321806246071696,0.031673675588641564,0.2750516213567172,0.934086438438779,9,G9M6C 70.85 Comdty,arithmetic
59,10,73.95999908447266,70.85,1.4876712328767123,0.0459600019454956,0.2211,1.0438955410652457,0.04295942800355232,0.2696759548608978,0.9339117112814059,10,G9M6C 70.85 Comdty,arithmetic
59,11,73.55999755859375,70.85,1.4794520547945205,0.0461800003051757,0.21739999999999998,1.0382497891121207,0.037536400410112164,0.2644295509152868,0.9339605341140719,11,G9M6C 70.85 Comdty,arithmetic
59,12,73.31999969482422,70.85,1.473972602739726,0.0469299983978271,0.2227,1.0348623810137505,0.03426845267257017,0.27037399779736865,0.9331647321920393,12,G9M6C 70.85 Comdty,arithmetic
59,13,75.44000244140625,70.85,1.4356164383561645,0.0459899997711181,0.20739999999999997,1.0647847909866797,0.0627727045507371,0.24850089848518694,0.9361083977280721,13,G9M6C 70.85 Comdty,arithmetic
59,14,73.16999816894531,70.85,1.421917808219178,0.0452799987792968,0.1934,1.0327452105708583,0.03222050973458454,0.23061827346243513,0.9376444653644769,14,G9M6C 70.85 Comdty,arithmetic
60,0,70.08000183105469,71.1,1.5342465753424657,0.0438500022888183,0.2482,0.9856540341920491,-0.01444986405299601,0.30743220390843895,0.9349364538121409,0,G9M6C 71.1 Comdty,arithmetic
60,1,70.58000183105469,71.1,1.5315068493150683,0.0449399995803833,0.2446,0.9926863829965499,-0.007340492619103311,0.30270244189429185,0.9334891703750914,1,G9M6C 71.1 Comdty,arithmetic
60,2,69.91000366210938,71.1,1.5287671232876712,0.0457000017166137,0.24789999999999998,0.9832630613517493,-0.01687858390210468,0.3065117968187213,0.9325200184773588,2,G9M6C 71.1 Comdty,arithmetic
60,3,69.45999908447266,71.1,1.526027397260274,0.0452400016784668,0.2491,0.9769338830446225,-0.02333630267390858,0.30771941128598274,0.933291697770642,3,G9M6C 71.1 Comdty,arithmetic
60,4,69.23999786376953,71.1,1.5178082191780822,0.0459899997711181,0.25170000000000003,0.9738396324018219,-0.026508637353735712,0.31009278796948014,0.9325765873292164,4,G9M6C 71.1 Comdty,arithmetic
60,5,70.0999984741211,71.1,1.515068493150685,0.0459100008010864,0.2509,0.9859352809299733,-0.014164564535825047,0.3088280894758686,0.9328071524128899,5,G9M6C 71.1 Comdty,arithmetic
60,6,69.62000274658203,71.1,1.5095890410958903,0.045789999961853,0.2457,0.9791842861685237,-0.021035414974854064,0.30188012675813364,0.9332108780964643,6,G9M6C 71.1 Comdty,arithmetic
60,7,70.5999984741211,71.1,1.5068493150684932,0.0461899995803833,0.237,0.9929676297344739,-0.0070572139230146505,0.2909264841469098,0.9327655748632138,7,G9M6C 71.1 Comdty,arithmetic
60,8,70.98999786376953,71.1,1.498630136986301,0.0454500007629394,0.237,0.9984528532175744,-0.0015483448498924118,0.29013196336216307,0.9341551501764219,8,G9M6C 71.1 Comdty,arithmetic
60,9,73.12999725341797,71.1,1.4904109589041097,0.0457499980926513,0.2253,1.0285512975164273,0.02815130491613595,0.2750516213567172,0.934086438438779,9,G9M6C 71.1 Comdty,arithmetic
60,10,73.95999908447266,71.1,1.4876712328767123,0.0459600019454956,0.2211,1.0402250222851288,0.03943705733104655,0.2696759548608978,0.9339117112814059,10,G9M6C 71.1 Comdty,arithmetic
60,11,73.55999755859375,71.1,1.4794520547945205,0.0461800003051757,0.21739999999999998,1.0345991217805028,0.03401402973760638,0.2644295509152868,0.9339605341140719,11,G9M6C 71.1 Comdty,arithmetic
60,12,73.31999969482422,71.1,1.473972602739726,0.0469299983978271,0.2227,1.031223624399778,0.030746082000064425,0.27037399779736865,0.9331647321920393,12,G9M6C 71.1 Comdty,arithmetic
60,13,75.44000244140625,71.1,1.4356164383561645,0.0459899997711181,0.20739999999999997,1.0610408219607068,0.05925033387823135,0.24850089848518694,0.9361083977280721,13,G9M6C 71.1 Comdty,arithmetic
60,14,73.16999816894531,71.1,1.421917808219178,0.0452799987792968,0.1934,1.0291138982974024,0.028698139062078774,0.23061827346243513,0.9376444653644769,14,G9M6C 71.1 Comdty,arithmetic
61,0,70.08000183105469,71.85,1.5342465753424657,0.0438500022888183,0.2482,0.9753653699520486,-0.02494313976883476,0.30743220390843895,0.9349364538121409,0,G9M6C 71.85 Comdty,arithmetic
61,1,70.58000183105469,71.85,1.5315068493150683,0.0449399995803833,0.2446,0.982324312192828,-0.017833768334942105,0.30270244189429185,0.9334891703750914,1,G9M6C 71.85 Comdty,arithmetic
61,2,69.91000366210938,71.85,1.5287671232876712,0.0457000017166137,0.24789999999999998,0.9729993550745912,-0.027371859617943403,0.3065117968187213,0.9325200184773588,2,G9M6C 71.85 Comdty,arithmetic
61,3,69.45999908447266,71.85,1.526027397260274,0.0452400016784668,0.2491,0.9667362433468707,-0.0338295783897473,0.30771941128598274,0.933291697770642,3,G9M6C 71.85 Comdty,arithmetic
61,4,69.23999786376953,71.85,1.5178082191780822,0.0459899997711181,0.25170000000000003,0.9636742917713227,-0.0370019130695745,0.31009278796948014,0.9325765873292164,4,G9M6C 71.85 Comdty,arithmetic
61,5,70.0999984741211,71.85,1.515068493150685,0.0459100008010864,0.2509,0.9756436809202659,-0.024657840251663756,0.3088280894758686,0.9328071524128899,5,G9M6C 71.85 Comdty,arithmetic
61,6,69.62000274658203,71.85,1.5095890410958903,0.045789999961853,0.2457,0.9689631558327354,-0.031528690690692765,0.30188012675813364,0.9332108780964643,6,G9M6C 71.85 Comdty,arithmetic
61,7,70.5999984741211,71.85,1.5068493150684932,0.0461899995803833,0.237,0.9826026231610452,-0.017550489638853403,0.2909264841469098,0.9327655748632138,7,G9M6C 71.85 Comdty,arithmetic
61,8,70.98999786376953,71.85,1.498630136986301,0.0454500007629394,0.237,0.9880305896140507,-0.012041620565731128,0.29013196336216307,0.9341551501764219,8,G9M6C 71.85 Comdty,arithmetic
61,9,73.12999725341797,71.85,1.4904109589041097,0.0457499980926513,0.2253,1.017814853909784,0.01765802920029722,0.2750516213567172,0.934086438438779,9,G9M6C 71.85 Comdty,arithmetic
61,10,73.95999908447266,71.85,1.4876712328767123,0.0459600019454956,0.2211,1.0293667235138853,0.028943781615207772,0.2696759548608978,0.9339117112814059,10,G9M6C 71.85 Comdty,arithmetic
61,11,73.55999755859375,71.85,1.4794520547945205,0.0461800003051757,0.21739999999999998,1.0237995484842555,0.023520754021767693,0.2644295509152868,0.9339605341140719,11,G9M6C 71.85 Comdty,arithmetic
61,12,73.31999969482422,71.85,1.473972602739726,0.0469299983978271,0.2227,1.0204592859404902,0.020252806284225638,0.27037399779736865,0.9331647321920393,12,G9M6C 71.85 Comdty,arithmetic
61,13,75.44000244140625,71.85,1.4356164383561645,0.0459899997711181,0.20739999999999997,1.0499652392680063,0.04875705816239262,0.24850089848518694,0.9361083977280721,13,G9M6C 71.85 Comdty,arithmetic
61,14,73.16999816894531,71.85,1.421917808219178,0.0452799987792968,0.1934,1.01837158203125,0.01820486334624005,0.23061827346243513,0.9376444653644769,14,G9M6C 71.85 Comdty,arithmetic
62,0,70.08000183105469,72.2,1.5342465753424657,0.0438500022888183,0.2482,0.9706371444744416,-0.029802573142581477,0.30743220390843895,0.9349364538121409,0,G9M6C 72.2 Comdty,arithmetic
62,1,70.58000183105469,72.2,1.5315068493150683,0.0449399995803833,0.2446,0.9775623522306743,-0.022693201708688795,0.30270244189429185,0.9334891703750914,1,G9M6C 72.2 Comdty,arithmetic
62,2,69.91000366210938,72.2,1.5287671232876712,0.0457000017166137,0.24789999999999998,0.9682825991981907,-0.03223129299169017,0.3065117968187213,0.9325200184773588,2,G9M6C 72.2 Comdty,arithmetic
62,3,69.45999908447266,72.2,1.526027397260274,0.0452400016784668,0.2491,0.9620498488154107,-0.03868901176349404,0.30771941128598274,0.933291697770642,3,G9M6C 72.2 Comdty,arithmetic
62,4,69.23999786376953,72.2,1.5178082191780822,0.0459899997711181,0.25170000000000003,0.9590027404954228,-0.04186134644332127,0.31009278796948014,0.9325765873292164,4,G9M6C 72.2 Comdty,arithmetic
62,5,70.0999984741211,72.2,1.515068493150685,0.0459100008010864,0.2509,0.9709141062897658,-0.029517273625410522,0.3088280894758686,0.9328071524128899,5,G9M6C 72.2 Comdty,arithmetic
62,6,69.62000274658203,72.2,1.5095890410958903,0.045789999961853,0.2457,0.9642659660191417,-0.03638812406443947,0.30188012675813364,0.9332108780964643,6,G9M6C 72.2 Comdty,arithmetic
62,7,70.5999984741211,72.2,1.5068493150684932,0.0461899995803833,0.237,0.9778393140459984,-0.022409923012600145,0.2909264841469098,0.9327655748632138,7,G9M6C 72.2 Comdty,arithmetic
62,8,70.98999786376953,72.2,1.498630136986301,0.0454500007629394,0.237,0.9832409676422372,-0.016901053939477908,0.29013196336216307,0.9341551501764219,8,G9M6C 72.2 Comdty,arithmetic
62,9,73.12999725341797,72.2,1.4904109589041097,0.0457499980926513,0.2253,1.0128808483852905,0.012798595826550498,0.2750516213567172,0.934086438438779,9,G9M6C 72.2 Comdty,arithmetic
62,10,73.95999908447266,72.2,1.4876712328767123,0.0459600019454956,0.2211,1.024376718621505,0.02408434824146115,0.2696759548608978,0.9339117112814059,10,G9M6C 72.2 Comdty,arithmetic
62,11,73.55999755859375,72.2,1.4794520547945205,0.0461800003051757,0.21739999999999998,1.0188365312824619,0.01866132064802097,0.2644295509152868,0.9339605341140719,11,G9M6C 72.2 Comdty,arithmetic
62,12,73.31999969482422,72.2,1.473972602739726,0.0469299983978271,0.2227,1.0155124611471498,0.015393372910478941,0.27037399779736865,0.9331647321920393,12,G9M6C 72.2 Comdty,arithmetic
62,13,75.44000244140625,72.2,1.4356164383561645,0.0459899997711181,0.20739999999999997,1.0448753800748787,0.04389762478864581,0.24850089848518694,0.9361083977280721,13,G9M6C 72.2 Comdty,arithmetic
62,14,73.16999816894531,72.2,1.421917808219178,0.0452799987792968,0.1934,1.0134348776862232,0.013345429972493474,0.23061827346243513,0.9376444653644769,14,G9M6C 72.2 Comdty,arithmetic
63,0,70.08000183105469,72.67,1.5342465753424657,0.0438500022888183,0.2482,0.9643594582503741,-0.03629117187234547,0.30743220390843895,0.9349364538121409,0,G9M6C 72.67 Comdty,arithmetic
63,1,70.58000183105469,72.67,1.5315068493150683,0.0449399995803833,0.2446,0.9712398765798085,-0.029181800438452844,0.30270244189429185,0.9334891703750914,1,G9M6C 72.67 Comdty,arithmetic
63,2,69.91000366210938,72.67,1.5287671232876712,0.0457000017166137,0.24789999999999998,0.9620201412152108,-0.03871989172145411,0.3065117968187213,0.9325200184773588,2,G9M6C 72.67 Comdty,arithmetic
63,3,69.45999908447266,72.67,1.526027397260274,0.0452400016784668,0.2491,0.9558277017266087,-0.045177610493257976,0.30771941128598274,0.933291697770642,3,G9M6C 72.67 Comdty,arithmetic
63,4,69.23999786376953,72.67,1.5178082191780822,0.0459899997711181,0.25170000000000003,0.9528003008637612,-0.048349945173085204,0.31009278796948014,0.9325765873292164,4,G9M6C 72.67 Comdty,arithmetic
63,5,70.0999984741211,72.67,1.515068493150685,0.0459100008010864,0.2509,0.9646346287893366,-0.03600587235517454,0.3088280894758686,0.9328071524128899,5,G9M6C 72.67 Comdty,arithmetic
63,6,69.62000274658203,72.67,1.5095890410958903,0.045789999961853,0.2457,0.9580294859857167,-0.04287672279420346,0.30188012675813364,0.9332108780964643,6,G9M6C 72.67 Comdty,arithmetic
63,7,70.5999984741211,72.67,1.5068493150684932,0.0461899995803833,0.237,0.971515047118771,-0.028898521742364097,0.2909264841469098,0.9327655748632138,7,G9M6C 72.67 Comdty,arithmetic
63,8,70.98999786376953,72.67,1.498630136986301,0.0454500007629394,0.237,0.9768817650167817,-0.023389652669241916,0.29013196336216307,0.9341551501764219,8,G9M6C 72.67 Comdty,arithmetic
63,9,73.12999725341797,72.67,1.4904109589041097,0.0457499980926513,0.2253,1.0063299470678129,0.006309997096786372,0.2750516213567172,0.934086438438779,9,G9M6C 72.67 Comdty,arithmetic
63,10,73.95999908447266,72.67,1.4876712328767123,0.0459600019454956,0.2211,1.0177514666915186,0.017595749511697203,0.2696759548608978,0.9339117112814059,10,G9M6C 72.67 Comdty,arithmetic
63,11,73.55999755859375,72.67,1.4794520547945205,0.0461800003051757,0.21739999999999998,1.0122471110306006,0.012172721918256971,0.2644295509152868,0.9339605341140719,11,G9M6C 72.67 Comdty,arithmetic
63,12,73.31999969482422,72.67,1.473972602739726,0.0469299983978271,0.2227,1.0089445396287906,0.008904774180714958,0.27037399779736865,0.9331647321920393,12,G9M6C 72.67 Comdty,arithmetic
63,13,75.44000244140625,72.67,1.4356164383561645,0.0459899997711181,0.20739999999999997,1.0381175511408594,0.03740902605888194,0.24850089848518694,0.9361083977280721,13,G9M6C 72.67 Comdty,arithmetic
63,14,73.16999816894531,72.67,1.421917808219178,0.0452799987792968,0.1934,1.00688039313259,0.006856831242729528,0.23061827346243513,0.9376444653644769,14,G9M6C 72.67 Comdty,arithmetic
64,0,70.08000183105469,74.4,1.5342465753424657,0.0438500022888183,0.2482,0.9419355084819178,-0.059818469082847145,0.30743220390843895,0.9349364538121409,0,G9M6C 74.4 Comdty,arithmetic
64,1,70.58000183105469,74.4,1.5315068493150683,0.0449399995803833,0.2446,0.9486559385894446,-0.05270909764895451,0.30270244189429185,0.9334891703750914,1,G9M6C 74.4 Comdty,arithmetic
64,2,69.91000366210938,74.4,1.5287671232876712,0.0457000017166137,0.24789999999999998,0.9396505868563088,-0.06224718893195577,0.3065117968187213,0.9325200184773588,2,G9M6C 74.4 Comdty,arithmetic
64,3,69.45999908447266,74.4,1.526027397260274,0.0452400016784668,0.2491,0.9336021382321593,-0.06870490770375964,0.30771941128598274,0.933291697770642,3,G9M6C 74.4 Comdty,arithmetic
64,4,69.23999786376953,74.4,1.5178082191780822,0.0459899997711181,0.25170000000000003,0.9306451325775474,-0.07187724238358684,0.31009278796948014,0.9325765873292164,4,G9M6C 74.4 Comdty,arithmetic
64,5,70.0999984741211,74.4,1.515068493150685,0.0459100008010864,0.2509,0.9422042805661437,-0.05953316956567618,0.3088280894758686,0.9328071524128899,5,G9M6C 74.4 Comdty,arithmetic
64,6,69.62000274658203,74.4,1.5095890410958903,0.045789999961853,0.2457,0.9357527250884681,-0.06640402000470522,0.30188012675813364,0.9332108780964643,6,G9M6C 74.4 Comdty,arithmetic
64,7,70.5999984741211,74.4,1.5068493150684932,0.0461899995803833,0.237,0.9489247106736706,-0.052425818952865744,0.2909264841469098,0.9327655748632138,7,G9M6C 74.4 Comdty,arithmetic
64,8,70.98999786376953,74.4,1.498630136986301,0.0454500007629394,0.237,0.9541666379538914,-0.0469169498797436,0.29013196336216307,0.9341551501764219,8,G9M6C 74.4 Comdty,arithmetic
64,9,73.12999725341797,74.4,1.4904109589041097,0.0457499980926513,0.2253,0.9829300706104565,-0.0172173001137153,0.2750516213567172,0.934086438438779,9,G9M6C 74.4 Comdty,arithmetic
64,10,73.95999908447266,74.4,1.4876712328767123,0.0459600019454956,0.2211,0.9940860091999012,-0.005931547698804567,0.2696759548608978,0.9339117112814059,10,G9M6C 74.4 Comdty,arithmetic
64,11,73.55999755859375,74.4,1.4794520547945205,0.0461800003051757,0.21739999999999998,0.9887096446047546,-0.011354575292244706,0.2644295509152868,0.9339605341140719,11,G9M6C 74.4 Comdty,arithmetic
64,12,73.31999969482422,74.4,1.473972602739726,0.0469299983978271,0.2227,0.9854838668659168,-0.014622523029786718,0.27037399779736865,0.9331647321920393,12,G9M6C 74.4 Comdty,arithmetic
64,13,75.44000244140625,74.4,1.4356164383561645,0.0459899997711181,0.20739999999999997,1.013978527438256,0.013881728848380251,0.24850089848518694,0.9361083977280721,13,G9M6C 74.4 Comdty,arithmetic
64,14,73.16999816894531,74.4,1.421917808219178,0.0452799987792968,0.1934,0.9834677173245336,-0.01667046596777233,0.23061827346243513,0.9376444653644769,14,G9M6C 74.4 Comdty,arithmetic
65,0,70.08000183105469,75.0,1.5342465753424657,0.0438500022888183,0.2482,0.9344000244140624,-0.06785064078011138,0.30743220390843895,0.9349364538121409,0,G9M6C 75 Comdty,arithmetic
65,1,70.58000183105469,75.0,1.5315068493150683,0.0449399995803833,0.2446,0.9410666910807292,-0.06074126934621869,0.30270244189429185,0.9334891703750914,1,G9M6C 75 Comdty,arithmetic
65,2,69.91000366210938,75.0,1.5287671232876712,0.0457000017166137,0.24789999999999998,0.9321333821614584,-0.07027936062921995,0.3065117968187213,0.9325200184773588,2,G9M6C 75 Comdty,arithmetic
65,3,69.45999908447266,75.0,1.526027397260274,0.0452400016784668,0.2491,0.9261333211263021,-0.07673707940102387,0.30771941128598274,0.933291697770642,3,G9M6C 75 Comdty,arithmetic
65,4,69.23999786376953,75.0,1.5178082191780822,0.0459899997711181,0.25170000000000003,0.9231999715169271,-0.07990941408085103,0.31009278796948014,0.9325765873292164,4,G9M6C 75 Comdty,arithmetic
65,5,70.0999984741211,75.0,1.515068493150685,0.0459100008010864,0.2509,0.9346666463216146,-0.06756534126294042,0.3088280894758686,0.9328071524128899,5,G9M6C 75 Comdty,arithmetic
65,6,69.62000274658203,75.0,1.5095890410958903,0.045789999961853,0.2457,0.9282667032877604,-0.0744361917019694,0.30188012675813364,0.9332108780964643,6,G9M6C 75 Comdty,arithmetic
65,7,70.5999984741211,75.0,1.5068493150684932,0.0461899995803833,0.237,0.9413333129882813,-0.060457990650129925,0.2909264841469098,0.9327655748632138,7,G9M6C 75 Comdty,arithmetic
65,8,70.98999786376953,75.0,1.498630136986301,0.0454500007629394,0.237,0.9465333048502604,-0.05494912157700774,0.29013196336216307,0.9341551501764219,8,G9M6C 75 Comdty,arithmetic
65,9,73.12999725341797,75.0,1.4904109589041097,0.0457499980926513,0.2253,0.9750666300455729,-0.025249471810979432,0.2750516213567172,0.934086438438779,9,G9M6C 75 Comdty,arithmetic
65,10,73.95999908447266,75.0,1.4876712328767123,0.0459600019454956,0.2211,0.986133321126302,-0.013963719396068783,0.2696759548608978,0.9339117112814059,10,G9M6C 75 Comdty,arithmetic
65,11,73.55999755859375,75.0,1.4794520547945205,0.0461800003051757,0.21739999999999998,0.9807999674479166,-0.01938674698950892,0.2644295509152868,0.9339605341140719,11,G9M6C 75 Comdty,arithmetic
65,12,73.31999969482422,75.0,1.473972602739726,0.0469299983978271,0.2227,0.9775999959309896,-0.0226546947270509,0.27037399779736865,0.9331647321920393,12,G9M6C 75 Comdty,arithmetic
65,13,75.44000244140625,75.0,1.4356164383561645,0.0459899997711181,0.20739999999999997,1.00586669921875,0.005849557151115972,0.24850089848518694,0.9361083977280721,13,G9M6C 75 Comdty,arithmetic
65,14,73.16999816894531,75.0,1.421917808219178,0.0452799987792968,0.1934,0.9755999755859375,-0.024702637665036484,0.23061827346243513,0.9376444653644769,14,G9M6C 75 Comdty,arithmetic
66,0,70.08000183105469,75.75,1.5342465753424657,0.0438500022888183,0.2482,0.9251485390238242,-0.07780097163327945,0.30743220390843895,0.9349364538121409,0,G9M6C 75.75 Comdty,arithmetic
66,1,70.58000183105469,75.75,1.5315068493150683,0.0449399995803833,0.2446,0.9317491990898309,-0.07069160019938672,0.30270244189429185,0.9334891703750914,1,G9M6C 75.75 Comdty,arithmetic
66,2,69.91000366210938,75.75,1.5287671232876712,0.0457000017166137,0.24789999999999998,0.9229043387737211,-0.08022969148238805,0.3065117968187213,0.9325200184773588,2,G9M6C 75.75 Comdty,arithmetic
66,3,69.45999908447266,75.75,1.526027397260274,0.0452400016784668,0.2491,0.9169636842834674,-0.08668741025419192,0.30771941128598274,0.933291697770642,3,G9M6C 75.75 Comdty,arithmetic
66,4,69.23999786376953,75.75,1.5178082191780822,0.0459899997711181,0.25170000000000003,0.9140593777395317,-0.0898597449340192,0.31009278796948014,0.9325765873292164,4,G9M6C 75.75 Comdty,arithmetic
66,5,70.0999984741211,75.75,1.515068493150685,0.0459100008010864,0.2509,0.9254125211105095,-0.07751567211610845,0.3088280894758686,0.9328071524128899,5,G9M6C 75.75 Comdty,arithmetic
66,6,69.62000274658203,75.75,1.5095890410958903,0.045789999961853,0.2457,0.9190759438492677,-0.08438652255513748,0.30188012675813364,0.9332108780964643,6,G9M6C 75.75 Comdty,arithmetic
66,7,70.5999984741211,75.75,1.5068493150684932,0.0461899995803833,0.237,0.9320131811765161,-0.07040832150329802,0.2909264841469098,0.9327655748632138,7,G9M6C 75.75 Comdty,arithmetic
66,8,70.98999786376953,75.75,1.498630136986301,0.0454500007629394,0.237,0.9371616879705549,-0.06489945243017582,0.29013196336216307,0.9341551501764219,8,G9M6C 75.75 Comdty,arithmetic
66,9,73.12999725341797,75.75,1.4904109589041097,0.0457499980926513,0.2253,0.9654125049956167,-0.035199802664147566,0.2750516213567172,0.934086438438779,9,G9M6C 75.75 Comdty,arithmetic
66,10,73.95999908447266,75.75,1.4876712328767123,0.0459600019454956,0.2211,0.9763696248775268,-0.023914050249236866,0.2696759548608978,0.9339117112814059,10,G9M6C 75.75 Comdty,arithmetic
66,11,73.55999755859375,75.75,1.4794520547945205,0.0461800003051757,0.21739999999999998,0.9710890766811056,-0.02933707784267703,0.2644295509152868,0.9339605341140719,11,G9M6C 75.75 Comdty,arithmetic
66,12,73.31999969482422,75.75,1.473972602739726,0.0469299983978271,0.2227,0.9679207880504848,-0.03260502558021894,0.27037399779736865,0.9331647321920393,12,G9M6C 75.75 Comdty,arithmetic
66,13,75.44000244140625,75.75,1.4356164383561645,0.0459899997711181,0.20739999999999997,0.9959076229888614,-0.004100773702052057,0.24850089848518694,0.9361083977280721,13,G9M6C 75.75 Comdty,arithmetic
66,14,73.16999816894531,75.75,1.421917808219178,0.0452799987792968,0.1934,0.9659405698870668,-0.03465296851820459,0.23061827346243513,0.9376444653644769,14,G9M6C 75.75 Comdty,arithmetic
67,0,70.08000183105469,76.6,1.5342465753424657,0.0438500022888183,0.2482,0.9148825304315235,-0.08895960399034636,0.30743220390843895,0.9349364538121409,0,G9M6C 76.6 Comdty,arithmetic
67,1,70.58000183105469,76.6,1.5315068493150683,0.0449399995803833,0.2446,0.9214099455751266,-0.08185023255645375,0.30270244189429185,0.9334891703750914,1,G9M6C 76.6 Comdty,arithmetic
67,2,69.91000366210938,76.6,1.5287671232876712,0.0457000017166137,0.24789999999999998,0.9126632331868065,-0.09138832383945508,0.3065117968187213,0.9325200184773588,2,G9M6C 76.6 Comdty,arithmetic
67,3,69.45999908447266,76.6,1.526027397260274,0.0452400016784668,0.2491,0.9067884997972933,-0.09784604261125893,0.30771941128598274,0.933291697770642,3,G9M6C 76.6 Comdty,arithmetic
67,4,69.23999786376953,76.6,1.5178082191780822,0.0459899997711181,0.25170000000000003,0.9039164211980357,-0.10101837729108616,0.31009278796948014,0.9325765873292164,4,G9M6C 76.6 Comdty,arithmetic
67,5,70.0999984741211,76.6,1.515068493150685,0.0459100008010864,0.2509,0.9151435832130692,-0.08867430447317547,0.3088280894758686,0.9328071524128899,5,G9M6C 76.6 Comdty,arithmetic
67,6,69.62000274658203,76.6,1.5095890410958903,0.045789999961853,0.2457,0.9088773204514626,-0.09554515491220446,0.30188012675813364,0.9332108780964643,6,G9M6C 76.6 Comdty,arithmetic
67,7,70.5999984741211,76.6,1.5068493150684932,0.0461899995803833,0.237,0.9216709983566723,-0.08156695386036504,0.2909264841469098,0.9327655748632138,7,G9M6C 76.6 Comdty,arithmetic
67,8,70.98999786376953,76.6,1.498630136986301,0.0454500007629394,0.237,0.9267623742006467,-0.07605808478724288,0.29013196336216307,0.9341551501764219,8,G9M6C 76.6 Comdty,arithmetic
67,9,73.12999725341797,76.6,1.4904109589041097,0.0457499980926513,0.2253,0.9546997030472321,-0.04635843502121451,0.2750516213567172,0.934086438438779,9,G9M6C 76.6 Comdty,arithmetic
67,10,73.95999908447266,76.6,1.4876712328767123,0.0459600019454956,0.2211,0.9655352360897215,-0.03507268260630379,0.2696759548608978,0.9339117112814059,10,G9M6C 76.6 Comdty,arithmetic
67,11,73.55999755859375,76.6,1.4794520547945205,0.0461800003051757,0.21739999999999998,0.9603132840547488,-0.040495710199743955,0.2644295509152868,0.9339605341140719,11,G9M6C 76.6 Comdty,arithmetic
67,12,73.31999969482422,76.6,1.473972602739726,0.0469299983978271,0.2227,0.9571801526739455,-0.04376365793728594,0.27037399779736865,0.9331647321920393,12,G9M6C 76.6 Comdty,arithmetic
67,13,75.44000244140625,76.6,1.4356164383561645,0.0459899997711181,0.20739999999999997,0.984856428738985,-0.015259406059119077,0.24850089848518694,0.9361083977280721,13,G9M6C 76.6 Comdty,arithmetic
67,14,73.16999816894531,76.6,1.421917808219178,0.0452799987792968,0.1934,0.9552219082107744,-0.04581160087527159,0.23061827346243513,0.9376444653644769,14,G9M6C 76.6 Comdty,arithmetic
68,0,70.08000183105469,77.4,1.5342465753424657,0.0438500022888183,0.2482,0.9054263802461845,-0.09934930783948243,0.30743220390843895,0.9349364538121409,0,G9M6C 77.4 Comdty,arithmetic
68,1,70.58000183105469,77.4,1.5315068493150683,0.0449399995803833,0.2446,0.911886328566598,-0.0922399364055897,0.30270244189429185,0.9334891703750914,1,G9M6C 77.4 Comdty,arithmetic
68,2,69.91000366210938,77.4,1.5287671232876712,0.0457000017166137,0.24789999999999998,0.9032300214742812,-0.1017780276885911,0.3065117968187213,0.9325200184773588,2,G9M6C 77.4 Comdty,arithmetic
68,3,69.45999908447266,77.4,1.526027397260274,0.0452400016784668,0.2491,0.897416008843316,-0.10823574646039485,0.30771941128598274,0.933291697770642,3,G9M6C 77.4 Comdty,arithmetic
68,4,69.23999786376953,77.4,1.5178082191780822,0.0459899997711181,0.25170000000000003,0.8945736158109758,-0.11140808114022209,0.31009278796948014,0.9325765873292164,4,G9M6C 77.4 Comdty,arithmetic
68,5,70.0999984741211,77.4,1.515068493150685,0.0459100008010864,0.2509,0.905684734807766,-0.09906400832231145,0.3088280894758686,0.9328071524128899,5,G9M6C 77.4 Comdty,arithmetic
68,6,69.62000274658203,77.4,1.5095890410958903,0.045789999961853,0.2457,0.8994832396199228,-0.10593485876134041,0.30188012675813364,0.9332108780964643,6,G9M6C 77.4 Comdty,arithmetic
68,7,70.5999984741211,77.4,1.5068493150684932,0.0461899995803833,0.237,0.9121446831281794,-0.09195665770950104,0.2909264841469098,0.9327655748632138,7,G9M6C 77.4 Comdty,arithmetic
68,8,70.98999786376953,77.4,1.498630136986301,0.0454500007629394,0.237,0.9171834349324228,-0.08644778863637881,0.29013196336216307,0.9341551501764219,8,G9M6C 77.4 Comdty,arithmetic
68,9,73.12999725341797,77.4,1.4904109589041097,0.0457499980926513,0.2253,0.9448320058581132,-0.056748138870350504,0.2750516213567172,0.934086438438779,9,G9M6C 77.4 Comdty,arithmetic
68,10,73.95999908447266,77.4,1.4876712328767123,0.0459600019454956,0.2211,0.9555555437270369,-0.04546238645543974,0.2696759548608978,0.9339117112814059,10,G9M6C 77.4 Comdty,arithmetic
68,11,73.55999755859375,77.4,1.4794520547945205,0.0461800003051757,0.21739999999999998,0.9503875653565084,-0.05088541404887992,0.2644295509152868,0.9339605341140719,11,G9M6C 77.4 Comdty,arithmetic
68,12,73.31999969482422,77.4,1.473972602739726,0.0469299983978271,0.2227,0.9472868177625867,-0.054153361786421966,0.27037399779736865,0.9331647321920393,12,G9M6C 77.4 Comdty,arithmetic
68,13,75.44000244140625,77.4,1.4356164383561645,0.0459899997711181,0.20739999999999997,0.9746770341266957,-0.025649109908254985,0.24850089848518694,0.9361083977280721,13,G9M6C 77.4 Comdty,arithmetic
68,14,73.16999816894531,77.4,1.421917808219178,0.0452799987792968,0.1934,0.945348813552265,-0.0562013047244075,0.23061827346243513,0.9376444653644769,14,G9M6C 77.4 Comdty,arithmetic
69,0,70.08000183105469,78.27,1.5342465753424657,0.0438500022888183,0.2482,0.8953622311365107,-0.11052691506054756,0.30743220390843895,0.9349364538121409,0,G9M6C 78.27 Comdty,arithmetic
69,1,70.58000183105469,78.27,1.5315068493150683,0.0449399995803833,0.2446,0.9017503747419789,-0.10341754362665494,0.30270244189429185,0.9334891703750914,1,G9M6C 78.27 Comdty,arithmetic
69,2,69.91000366210938,78.27,1.5287671232876712,0.0457000017166137,0.24789999999999998,0.893190285704732,-0.1129556349096563,0.3065117968187213,0.9325200184773588,2,G9M6C 78.27 Comdty,arithmetic
69,3,69.45999908447266,78.27,1.526027397260274,0.0452400016784668,0.2491,0.8874408979746091,-0.11941335368146017,0.30771941128598274,0.933291697770642,3,G9M6C 78.27 Comdty,arithmetic
69,4,69.23999786376953,78.27,1.5178082191780822,0.0459899997711181,0.25170000000000003,0.8846300991921494,-0.12258568836128733,0.31009278796948014,0.9325765873292164,4,G9M6C 78.27 Comdty,arithmetic
69,5,70.0999984741211,78.27,1.515068493150685,0.0459100008010864,0.2509,0.8956177139915816,-0.1102416155433767,0.3088280894758686,0.9328071524128899,5,G9M6C 78.27 Comdty,arithmetic
69,6,69.62000274658203,78.27,1.5095890410958903,0.045789999961853,0.2457,0.8894851507165202,-0.11711246598240557,0.30188012675813364,0.9332108780964643,6,G9M6C 78.27 Comdty,arithmetic
69,7,70.5999984741211,78.27,1.5068493150684932,0.0461899995803833,0.237,0.9020058575970499,-0.10313426493056627,0.2909264841469098,0.9327655748632138,7,G9M6C 78.27 Comdty,arithmetic
69,8,70.98999786376953,78.27,1.498630136986301,0.0454500007629394,0.237,0.9069886018112883,-0.09762539585744405,0.29013196336216307,0.9341551501764219,8,G9M6C 78.27 Comdty,arithmetic
69,9,73.12999725341797,78.27,1.4904109589041097,0.0457499980926513,0.2253,0.9343298486446655,-0.06792574609141575,0.2750516213567172,0.934086438438779,9,G9M6C 78.27 Comdty,arithmetic
69,10,73.95999908447266,78.27,1.4876712328767123,0.0459600019454956,0.2211,0.9449341904238234,-0.05663999367650499,0.2696759548608978,0.9339117112814059,10,G9M6C 78.27 Comdty,arithmetic
69,11,73.55999755859375,78.27,1.4794520547945205,0.0461800003051757,0.21739999999999998,0.9398236560443817,-0.06206302126994516,0.2644295509152868,0.9339605341140719,11,G9M6C 78.27 Comdty,arithmetic
69,12,73.31999969482422,78.27,1.473972602739726,0.0469299983978271,0.2227,0.9367573744068509,-0.06533096900748717,0.27037399779736865,0.9331647321920393,12,G9M6C 78.27 Comdty,arithmetic
69,13,75.44000244140625,78.27,1.4356164383561645,0.0459899997711181,0.20739999999999997,0.9638431383851572,-0.036826717129320195,0.24850089848518694,0.9361083977280721,13,G9M6C 78.27 Comdty,arithmetic
69,14,73.16999816894531,78.27,1.421917808219178,0.0452799987792968,0.1934,0.9348409118301433,-0.06737891194547274,0.23061827346243513,0.9376444653644769,14,G9M6C 78.27 Comdty,arithmetic
70,0,70.08000183105469,69.0,2.5342465753424657,0.0438500022888183,0.2482,1.0156522004500679,0.015530968158939683,0.39511745089276934,0.8948253511499498,0,G9M7C 69 Comdty,arithmetic
70,1,70.58000183105469,69.0,2.5315068493150683,0.0449399995803833,0.2446,1.0228985772616621,0.02264033959283235,0.38917596062548254,0.8924668429756988,1,G9M7C 69 Comdty,arithmetic
70,2,69.91000366210938,69.0,2.5287671232876714,0.0457000017166137,0.24789999999999998,1.0131884588711504,0.013102248309831106,0.39421300281578875,0.8908629655047559,2,G9M7C 69 Comdty,arithmetic
70,3,69.45999908447266,69.0,2.526027397260274,0.0452400016784668,0.2491,1.0066666533981545,0.0066445295380272995,0.395906612829581,0.8920104031981807,3,G9M7C 69 Comdty,arithmetic
70,4,69.23999786376953,69.0,2.5178082191780824,0.0459899997711181,0.25170000000000003,1.0034782299097034,0.003472194858200009,0.39938756509271167,0.890658680602142,4,G9M7C 69 Comdty,arithmetic
70,5,70.0999984741211,69.0,2.515068493150685,0.0459100008010864,0.2509,1.0159420068713203,0.015816267676110763,0.3979014939018388,0.8909501543779297,5,G9M7C 69 Comdty,arithmetic
70,6,69.62000274658203,69.0,2.5095890410958903,0.045789999961853,0.2457,1.0089855470519136,0.008945417237081747,0.38923013877590057,0.891442731507646,6,G9M7C 69 Comdty,arithmetic
70,7,70.5999984741211,69.0,2.506849315068493,0.0461899995803833,0.237,1.0231883836829143,0.022923618288921022,0.37524288024968866,0.8906610235831903,7,G9M7C 69 Comdty,arithmetic
70,8,70.98999786376953,69.0,2.4986301369863013,0.0454500007629394,0.237,1.028840548750283,0.028432487362043204,0.374627222935525,0.8926481884497475,8,G9M7C 69 Comdty,arithmetic
70,9,73.12999725341797,69.0,2.4904109589041097,0.0457499980926513,0.2253,1.0598550326582314,0.05813213712807164,0.3555467401214064,0.8923147975407091,9,G9M7C 69 Comdty,arithmetic
70,10,73.95999908447266,69.0,2.4876712328767123,0.0459600019454956,0.2211,1.0718840447025022,0.06941788954298228,0.3487267277255028,0.8919605492282563,10,G9M7C 69 Comdty,arithmetic
70,11,73.55999755859375,69.0,2.4794520547945207,0.0461800003051757,0.21739999999999998,1.0660869211390398,0.06399486194954211,0.3423240385910114,0.8918109604157037,11,G9M7C 69 Comdty,arithmetic
70,12,73.31999969482422,69.0,2.473972602739726,0.0469299983978271,0.2227,1.0626086912293364,0.06072691421200012,0.3502818703343516,0.8903830369178628,12,G9M7C 69 Comdty,arithmetic
70,13,75.44000244140625,69.0,2.4356164383561643,0.0459899997711181,0.20739999999999997,1.0933333687160327,0.08923116609016718,0.32367801369253546,0.8940317414667628,13,G9M7C 69 Comdty,arithmetic
70,14,73.16999816894531,69.0,2.421917808219178,0.0452799987792968,0.1934,1.0604347560716711,0.05867897127401456,0.3009789827459627,0.8961347959627717,14,G9M7C 69 Comdty,arithmetic
71,0,70.08000183105469,70.0,2.5342465753424657,0.0438500022888183,0.2482,1.0011428833007812,0.0011422307068400424,0.39511745089276934,0.8948253511499498,0,G9M7C 70 Comdty,arithmetic
71,1,70.58000183105469,70.0,2.5315068493150683,0.0449399995803833,0.2446,1.0082857404436385,0.008251602140732877,0.38917596062548254,0.8924668429756988,1,G9M7C 70 Comdty,arithmetic
71,2,69.91000366210938,70.0,2.5287671232876714,0.0457000017166137,0.24789999999999998,0.9987143380301339,-0.0012864891422685824,0.39421300281578875,0.8908629655047559,2,G9M7C 70 Comdty,arithmetic
71,3,69.45999908447266,70.0,2.526027397260274,0.0452400016784668,0.2491,0.9922857012067522,-0.007744207914072442,0.395906612829581,0.8920104031981807,3,G9M7C 70 Comdty,arithmetic
71,4,69.23999786376953,70.0,2.5178082191780824,0.0459899997711181,0.25170000000000003,0.989142826625279,-0.010916542593899663,0.39938756509271167,0.890658680602142,4,G9M7C 70 Comdty,arithmetic
71,5,70.0999984741211,70.0,2.515068493150685,0.0459100008010864,0.2509,1.0014285496303013,0.0014275302240109727,0.3979014939018388,0.8909501543779297,5,G9M7C 70 Comdty,arithmetic
71,6,69.62000274658203,70.0,2.5095890410958903,0.045789999961853,0.2457,0.9945714678083147,-0.005443320215017923,0.38923013877590057,0.891442731507646,6,G9M7C 70 Comdty,arithmetic
71,7,70.5999984741211,70.0,2.506849315068493,0.0461899995803833,0.237,1.0085714067731584,0.008534880836821395,0.37524288024968866,0.8906610235831903,7,G9M7C 70 Comdty,arithmetic
71,8,70.98999786376953,70.0,2.4986301369863013,0.0454500007629394,0.237,1.014142826625279,0.01404374990994367,0.374627222935525,0.8926481884497475,8,G9M7C 70 Comdty,arithmetic
71,9,73.12999725341797,70.0,2.4904109589041097,0.0457499980926513,0.2253,1.0447142464773995,0.04374339967597199,0.3555467401214064,0.8923147975407091,9,G9M7C 70 Comdty,arithmetic
71,10,73.95999908447266,70.0,2.4876712328767123,0.0459600019454956,0.2211,1.0565714154924666,0.055029152090882785,0.3487267277255028,0.8919605492282563,10,G9M7C 70 Comdty,arithmetic
71,11,73.55999755859375,70.0,2.4794520547945207,0.0461800003051757,0.21739999999999998,1.0508571079799107,0.04960612449744256,0.3423240385910114,0.8918109604157037,11,G9M7C 70 Comdty,arithmetic
71,12,73.31999969482422,70.0,2.473972602739726,0.0469299983978271,0.2227,1.0474285670689174,0.04633817675990057,0.3502818703343516,0.8903830369178628,12,G9M7C 70 Comdty,arithmetic
71,13,75.44000244140625,70.0,2.4356164383561643,0.0459899997711181,0.20739999999999997,1.0777143205915178,0.07484242863806748,0.32367801369253546,0.8940317414667628,13,G9M7C 70 Comdty,arithmetic
71,14,73.16999816894531,70.0,2.421917808219178,0.0452799987792968,0.1934,1.04528568812779,0.04429023382191491,0.3009789827459627,0.8961347959627717,14,G9M7C 70 Comdty,arithmetic
72,0,70.08000183105469,71.1,2.5342465753424657,0.0438500022888183,0.2482,0.9856540341920491,-0.01444986405299601,0.39511745089276934,0.8948253511499498,0,G9M7C 71.1 Comdty,arithmetic
72,1,70.58000183105469,71.1,2.5315068493150683,0.0449399995803833,0.2446,0.9926863829965499,-0.007340492619103311,0.38917596062548254,0.8924668429756988,1,G9M7C 71.1 Comdty,arithmetic
72,2,69.91000366210938,71.1,2.5287671232876714,0.0457000017166137,0.24789999999999998,0.9832630613517493,-0.01687858390210468,0.39421300281578875,0.8908629655047559,2,G9M7C 71.1 Comdty,arithmetic
72,3,69.45999908447266,71.1,2.526027397260274,0.0452400016784668,0.2491,0.9769338830446225,-0.02333630267390858,0.395906612829581,0.8920104031981807,3,G9M7C 71.1 Comdty,arithmetic
72,4,69.23999786376953,71.1,2.5178082191780824,0.0459899997711181,0.25170000000000003,0.9738396324018219,-0.026508637353735712,0.39938756509271167,0.890658680602142,4,G9M7C 71.1 Comdty,arithmetic
72,5,70.0999984741211,71.1,2.515068493150685,0.0459100008010864,0.2509,0.9859352809299733,-0.014164564535825047,0.3979014939018388,0.8909501543779297,5,G9M7C 71.1 Comdty,arithmetic
72,6,69.62000274658203,71.1,2.5095890410958903,0.045789999961853,0.2457,0.9791842861685237,-0.021035414974854064,0.38923013877590057,0.891442731507646,6,G9M7C 71.1 Comdty,arithmetic
72,7,70.5999984741211,71.1,2.506849315068493,0.0461899995803833,0.237,0.9929676297344739,-0.0070572139230146505,0.37524288024968866,0.8906610235831903,7,G9M7C 71.1 Comdty,arithmetic
72,8,70.98999786376953,71.1,2.4986301369863013,0.0454500007629394,0.237,0.9984528532175744,-0.0015483448498924118,0.374627222935525,0.8926481884497475,8,G9M7C 71.1 Comdty,arithmetic
72,9,73.12999725341797,71.1,2.4904109589041097,0.0457499980926513,0.2253,1.0285512975164273,0.02815130491613595,0.3555467401214064,0.8923147975407091,9,G9M7C 71.1 Comdty,arithmetic
72,10,73.95999908447266,71.1,2.4876712328767123,0.0459600019454956,0.2211,1.0402250222851288,0.03943705733104655,0.3487267277255028,0.8919605492282563,10,G9M7C 71.1 Comdty,arithmetic
72,11,73.55999755859375,71.1,2.4794520547945207,0.0461800003051757,0.21739999999999998,1.0345991217805028,0.03401402973760638,0.3423240385910114,0.8918109604157037,11,G9M7C 71.1 Comdty,arithmetic
72,12,73.31999969482422,71.1,2.473972602739726,0.0469299983978271,0.2227,1.031223624399778,0.030746082000064425,0.3502818703343516,0.8903830369178628,12,G9M7C 71.1 Comdty,arithmetic
72,13,75.44000244140625,71.1,2.4356164383561643,0.0459899997711181,0.20739999999999997,1.0610408219607068,0.05925033387823135,0.32367801369253546,0.8940317414667628,13,G9M7C 71.1 Comdty,arithmetic
72,14,73.16999816894531,71.1,2.421917808219178,0.0452799987792968,0.1934,1.0291138982974024,0.028698139062078774,0.3009789827459627,0.8961347959627717,14,G9M7C 71.1 Comdty,arithmetic
73,0,70.08000183105469,71.07,1.6191780821917807,0.0438500022888183,0.2482,0.9860700975243379,-0.014027834082604522,0.3158268766270534,0.9314609954933855,0,G9N6C 71.07 Comdty,arithmetic
73,1,70.58000183105469,71.07,1.6164383561643836,0.0449399995803833,0.2446,0.9931054148171478,-0.006918462648711975,0.31098255423913396,0.9299329994355935,1,G9N6C 71.07 Comdty,arithmetic
73,2,69.91000366210938,71.07,1.6136986301369862,0.0457000017166137,0.24789999999999998,0.983678115408884,-0.016456553931713223,0.3149109353974179,0.9289075783884635,2,G9N6C 71.07 Comdty,arithmetic
73,3,69.45999908447266,71.07,1.610958904109589,0.0452400016784668,0.2491,0.9773462654351015,-0.022914272703517088,0.3161665777350799,0.9297125900775022,3,G9N6C 71.07 Comdty,arithmetic
73,4,69.23999786376953,71.07,1.6027397260273972,0.0459899997711181,0.25170000000000003,0.9742507086501975,-0.026086607383344364,0.31865058223961223,0.9289410480276921,4,G9N6C 71.07 Comdty,arithmetic
73,5,70.0999984741211,71.07,1.6,0.0459100008010864,0.2509,0.9863514629818644,-0.013742534565433631,0.31736618597449856,0.9291770274903894,5,G9N6C 71.07 Comdty,arithmetic
73,6,69.62000274658203,71.07,1.5945205479452054,0.045789999961853,0.2457,0.9795976184970034,-0.020613385004462675,0.3102560196892635,0.9295886562114541,6,G9N6C 71.07 Comdty,arithmetic
73,7,70.5999984741211,71.07,1.5917808219178082,0.0461899995803833,0.237,0.9933867802746743,-0.006635183952623164,0.299012937824271,0.9291135164949978,7,G9N6C 71.07 Comdty,arithmetic
73,8,70.98999786376953,71.07,1.5835616438356164,0.0454500007629394,0.237,0.9988743191750322,-0.0011263148795009788,0.29823996038861517,0.9305561340864038,8,G9N6C 71.07 Comdty,arithmetic
73,9,73.12999725341797,71.07,1.5753424657534247,0.0457499980926513,0.2253,1.0289854686002249,0.02857333488652741,0.28277999459379327,0.9304639792708642,9,G9N6C 71.07 Comdty,arithmetic
73,10,73.95999908447266,71.07,1.5726027397260274,0.0459600019454956,0.2211,1.0406641210703906,0.039859087301438,0.2772670466861906,0.9302733372680596,10,G9N6C 71.07 Comdty,arithmetic
73,11,73.55999755859375,71.07,1.5643835616438355,0.0461800003051757,0.21739999999999998,1.0350358457660582,0.034436059707997874,0.2719137451875462,0.9303045871843203,11,G9N6C 71.07 Comdty,arithmetic
73,12,73.31999969482422,71.07,1.558904109589041,0.0469299983978271,0.2227,1.0316589235236278,0.031168111970455856,0.278054493575019,0.9294526937950106,12,G9N6C 71.07 Comdty,arithmetic
73,13,75.44000244140625,71.07,1.5205479452054795,0.0459899997711181,0.20739999999999997,1.061488707491294,0.05967236384862287,0.2557459773515643,0.9324590900822797,13,G9N6C 71.07 Comdty,arithmetic
73,14,73.16999816894531,71.07,1.5068493150684932,0.0452799987792968,0.1934,1.0295483068657003,0.029120169032470316,0.23740583136714077,0.934045492144238,14,G9N6C 71.07 Comdty,arithmetic
74,0,70.08000183105469,71.1,1.6191780821917807,0.0438500022888183,0.2482,0.9856540341920491,-0.01444986405299601,0.3158268766270534,0.9314609954933855,0,G9N6C 71.1 Comdty,arithmetic
74,1,70.58000183105469,71.1,1.6164383561643836,0.0449399995803833,0.2446,0.9926863829965499,-0.007340492619103311,0.31098255423913396,0.9299329994355935,1,G9N6C 71.1 Comdty,arithmetic
74,2,69.91000366210938,71.1,1.6136986301369862,0.0457000017166137,0.24789999999999998,0.9832630613517493,-0.01687858390210468,0.3149109353974179,0.9289075783884635,2,G9N6C 71.1 Comdty,arithmetic
74,3,69.45999908447266,71.1,1.610958904109589,0.0452400016784668,0.2491,0.9769338830446225,-0.02333630267390858,0.3161665777350799,0.9297125900775022,3,G9N6C 71.1 Comdty,arithmetic
74,4,69.23999786376953,71.1,1.6027397260273972,0.0459899997711181,0.25170000000000003,0.9738396324018219,-0.026508637353735712,0.31865058223961223,0.9289410480276921,4,G9N6C 71.1 Comdty,arithmetic
74,5,70.0999984741211,71.1,1.6,0.0459100008010864,0.2509,0.9859352809299733,-0.014164564535825047,0.31736618597449856,0.9291770274903894,5,G9N6C 71.1 Comdty,arithmetic
74,6,69.62000274658203,71.1,1.5945205479452054,0.045789999961853,0.2457,0.9791842861685237,-0.021035414974854064,0.3102560196892635,0.9295886562114541,6,G9N6C 71.1 Comdty,arithmetic
74,7,70.5999984741211,71.1,1.5917808219178082,0.0461899995803833,0.237,0.9929676297344739,-0.0070572139230146505,0.299012937824271,0.9291135164949978,7,G9N6C 71.1 Comdty,arithmetic
74,8,70.98999786376953,71.1,1.5835616438356164,0.0454500007629394,0.237,0.9984528532175744,-0.0015483448498924118,0.29823996038861517,0.9305561340864038,8,G9N6C 71.1 Comdty,arithmetic
74,9,73.12999725341797,71.1,1.5753424657534247,0.0457499980926513,0.2253,1.0285512975164273,0.02815130491613595,0.28277999459379327,0.9304639792708642,9,G9N6C 71.1 Comdty,arithmetic
74,10,73.95999908447266,71.1,1.5726027397260274,0.0459600019454956,0.2211,1.0402250222851288,0.03943705733104655,0.2772670466861906,0.9302733372680596,10,G9N6C 71.1 Comdty,arithmetic
74,11,73.55999755859375,71.1,1.5643835616438355,0.0461800003051757,0.21739999999999998,1.0345991217805028,0.03401402973760638,0.2719137451875462,0.9303045871843203,11,G9N6C 71.1 Comdty,arithmetic
74,12,73.31999969482422,71.1,1.558904109589041,0.0469299983978271,0.2227,1.031223624399778,0.030746082000064425,0.278054493575019,0.9294526937950106,12,G9N6C 71.1 Comdty,arithmetic
74,13,75.44000244140625,71.1,1.5205479452054795,0.0459899997711181,0.20739999999999997,1.0610408219607068,0.05925033387823135,0.2557459773515643,0.9324590900822797,13,G9N6C 71.1 Comdty,arithmetic
74,14,73.16999816894531,71.1,1.5068493150684932,0.0452799987792968,0.1934,1.0291138982974024,0.028698139062078774,0.23740583136714077,0.934045492144238,14,G9N6C 71.1 Comdty,arithmetic
75,0,70.08000183105469,71.85,1.6191780821917807,0.0438500022888183,0.2482,0.9753653699520486,-0.02494313976883476,0.3158268766270534,0.9314609954933855,0,G9N6C 71.85 Comdty,arithmetic
75,1,70.58000183105469,71.85,1.6164383561643836,0.0449399995803833,0.2446,0.982324312192828,-0.017833768334942105,0.31098255423913396,0.9299329994355935,1,G9N6C 71.85 Comdty,arithmetic
75,2,69.91000366210938,71.85,1.6136986301369862,0.0457000017166137,0.24789999999999998,0.9729993550745912,-0.027371859617943403,0.3149109353974179,0.9289075783884635,2,G9N6C 71.85 Comdty,arithmetic
75,3,69.45999908447266,71.85,1.610958904109589,0.0452400016784668,0.2491,0.9667362433468707,-0.0338295783897473,0.3161665777350799,0.9297125900775022,3,G9N6C 71.85 Comdty,arithmetic
75,4,69.23999786376953,71.85,1.6027397260273972,0.0459899997711181,0.25170000000000003,0.9636742917713227,-0.0370019130695745,0.31865058223961223,0.9289410480276921,4,G9N6C 71.85 Comdty,arithmetic
75,5,70.0999984741211,71.85,1.6,0.0459100008010864,0.2509,0.9756436809202659,-0.024657840251663756,0.31736618597449856,0.9291770274903894,5,G9N6C 71.85 Comdty,arithmetic
75,6,69.62000274658203,71.85,1.5945205479452054,0.045789999961853,0.2457,0.9689631558327354,-0.031528690690692765,0.3102560196892635,0.9295886562114541,6,G9N6C 71.85 Comdty,arithmetic
75,7,70.5999984741211,71.85,1.5917808219178082,0.0461899995803833,0.237,0.9826026231610452,-0.017550489638853403,0.299012937824271,0.9291135164949978,7,G9N6C 71.85 Comdty,arithmetic
75,8,70.98999786376953,71.85,1.5835616438356164,0.0454500007629394,0.237,0.9880305896140507,-0.012041620565731128,0.29823996038861517,0.9305561340864038,8,G9N6C 71.85 Comdty,arithmetic
75,9,73.12999725341797,71.85,1.5753424657534247,0.0457499980926513,0.2253,1.017814853909784,0.01765802920029722,0.28277999459379327,0.9304639792708642,9,G9N6C 71.85 Comdty,arithmetic
75,10,73.95999908447266,71.85,1.5726027397260274,0.0459600019454956,0.2211,1.0293667235138853,0.028943781615207772,0.2772670466861906,0.9302733372680596,10,G9N6C 71.85 Comdty,arithmetic
75,11,73.55999755859375,71.85,1.5643835616438355,0.0461800003051757,0.21739999999999998,1.0237995484842555,0.023520754021767693,0.2719137451875462,0.9303045871843203,11,G9N6C 71.85 Comdty,arithmetic
75,12,73.31999969482422,71.85,1.558904109589041,0.0469299983978271,0.2227,1.0204592859404902,0.020252806284225638,0.278054493575019,0.9294526937950106,12,G9N6C 71.85 Comdty,arithmetic
75,13,75.44000244140625,71.85,1.5205479452054795,0.0459899997711181,0.20739999999999997,1.0499652392680063,0.04875705816239262,0.2557459773515643,0.9324590900822797,13,G9N6C 71.85 Comdty,arithmetic
75,14,73.16999816894531,71.85,1.5068493150684932,0.0452799987792968,0.1934,1.01837158203125,0.01820486334624005,0.23740583136714077,0.934045492144238,14,G9N6C 71.85 Comdty,arithmetic
76,0,70.08000183105469,72.67,1.6191780821917807,0.0438500022888183,0.2482,0.9643594582503741,-0.03629117187234547,0.3158268766270534,0.9314609954933855,0,G9N6C 72.67 Comdty,arithmetic
76,1,70.58000183105469,72.67,1.6164383561643836,0.0449399995803833,0.2446,0.9712398765798085,-0.029181800438452844,0.31098255423913396,0.9299329994355935,1,G9N6C 72.67 Comdty,arithmetic
76,2,69.91000366210938,72.67,1.6136986301369862,0.0457000017166137,0.24789999999999998,0.9620201412152108,-0.03871989172145411,0.3149109353974179,0.9289075783884635,2,G9N6C 72.67 Comdty,arithmetic
76,3,69.45999908447266,72.67,1.610958904109589,0.0452400016784668,0.2491,0.9558277017266087,-0.045177610493257976,0.3161665777350799,0.9297125900775022,3,G9N6C 72.67 Comdty,arithmetic
76,4,69.23999786376953,72.67,1.6027397260273972,0.0459899997711181,0.25170000000000003,0.9528003008637612,-0.048349945173085204,0.31865058223961223,0.9289410480276921,4,G9N6C 72.67 Comdty,arithmetic
76,5,70.0999984741211,72.67,1.6,0.0459100008010864,0.2509,0.9646346287893366,-0.03600587235517454,0.31736618597449856,0.9291770274903894,5,G9N6C 72.67 Comdty,arithmetic
76,6,69.62000274658203,72.67,1.5945205479452054,0.045789999961853,0.2457,0.9580294859857167,-0.04287672279420346,0.3102560196892635,0.9295886562114541,6,G9N6C 72.67 Comdty,arithmetic
76,7,70.5999984741211,72.67,1.5917808219178082,0.0461899995803833,0.237,0.971515047118771,-0.028898521742364097,0.299012937824271,0.9291135164949978,7,G9N6C 72.67 Comdty,arithmetic
76,8,70.98999786376953,72.67,1.5835616438356164,0.0454500007629394,0.237,0.9768817650167817,-0.023389652669241916,0.29823996038861517,0.9305561340864038,8,G9N6C 72.67 Comdty,arithmetic
76,9,73.12999725341797,72.67,1.5753424657534247,0.0457499980926513,0.2253,1.0063299470678129,0.006309997096786372,0.28277999459379327,0.9304639792708642,9,G9N6C 72.67 Comdty,arithmetic
76,10,73.95999908447266,72.67,1.5726027397260274,0.0459600019454956,0.2211,1.0177514666915186,0.017595749511697203,0.2772670466861906,0.9302733372680596,10,G9N6C 72.67 Comdty,arithmetic
76,11,73.55999755859375,72.67,1.5643835616438355,0.0461800003051757,0.21739999999999998,1.0122471110306006,0.012172721918256971,0.2719137451875462,0.9303045871843203,11,G9N6C 72.67 Comdty,arithmetic
76,12,73.31999969482422,72.67,1.558904109589041,0.0469299983978271,0.2227,1.0089445396287906,0.008904774180714958,0.278054493575019,0.9294526937950106,12,G9N6C 72.67 Comdty,arithmetic
76,13,75.44000244140625,72.67,1.5205479452054795,0.0459899997711181,0.20739999999999997,1.0381175511408594,0.03740902605888194,0.2557459773515643,0.9324590900822797,13,G9N6C 72.67 Comdty,arithmetic
76,14,73.16999816894531,72.67,1.5068493150684932,0.0452799987792968,0.1934,1.00688039313259,0.006856831242729528,0.23740583136714077,0.934045492144238,14,G9N6C 72.67 Comdty,arithmetic
77,0,70.08000183105469,75.0,1.6191780821917807,0.0438500022888183,0.2482,0.9344000244140624,-0.06785064078011138,0.3158268766270534,0.9314609954933855,0,G9N6C 75 Comdty,arithmetic
77,1,70.58000183105469,75.0,1.6164383561643836,0.0449399995803833,0.2446,0.9410666910807292,-0.06074126934621869,0.31098255423913396,0.9299329994355935,1,G9N6C 75 Comdty,arithmetic
77,2,69.91000366210938,75.0,1.6136986301369862,0.0457000017166137,0.24789999999999998,0.9321333821614584,-0.07027936062921995,0.3149109353974179,0.9289075783884635,2,G9N6C 75 Comdty,arithmetic
77,3,69.45999908447266,75.0,1.610958904109589,0.0452400016784668,0.2491,0.9261333211263021,-0.07673707940102387,0.3161665777350799,0.9297125900775022,3,G9N6C 75 Comdty,arithmetic
77,4,69.23999786376953,75.0,1.6027397260273972,0.0459899997711181,0.25170000000000003,0.9231999715169271,-0.07990941408085103,0.31865058223961223,0.9289410480276921,4,G9N6C 75 Comdty,arithmetic
77,5,70.0999984741211,75.0,1.6,0.0459100008010864,0.2509,0.9346666463216146,-0.06756534126294042,0.31736618597449856,0.9291770274903894,5,G9N6C 75 Comdty,arithmetic
77,6,69.62000274658203,75.0,1.5945205479452054,0.045789999961853,0.2457,0.9282667032877604,-0.0744361917019694,0.3102560196892635,0.9295886562114541,6,G9N6C 75 Comdty,arithmetic
77,7,70.5999984741211,75.0,1.5917808219178082,0.0461899995803833,0.237,0.9413333129882813,-0.060457990650129925,0.299012937824271,0.9291135164949978,7,G9N6C 75 Comdty,arithmetic
77,8,70.98999786376953,75.0,1.5835616438356164,0.0454500007629394,0.237,0.9465333048502604,-0.05494912157700774,0.29823996038861517,0.9305561340864038,8,G9N6C 75 Comdty,arithmetic
77,9,73.12999725341797,75.0,1.5753424657534247,0.0457499980926513,0.2253,0.9750666300455729,-0.025249471810979432,0.28277999459379327,0.9304639792708642,9,G9N6C 75 Comdty,arithmetic
77,10,73.95999908447266,75.0,1.5726027397260274,0.0459600019454956,0.2211,0.986133321126302,-0.013963719396068783,0.2772670466861906,0.9302733372680596,10,G9N6C 75 Comdty,arithmetic
77,11,73.55999755859375,75.0,1.5643835616438355,0.0461800003051757,0.21739999999999998,0.9807999674479166,-0.01938674698950892,0.2719137451875462,0.9303045871843203,11,G9N6C 75 Comdty,arithmetic
77,12,73.31999969482422,75.0,1.558904109589041,0.0469299983978271,0.2227,0.9775999959309896,-0.0226546947270509,0.278054493575019,0.9294526937950106,12,G9N6C 75 Comdty,arithmetic
77,13,75.44000244140625,75.0,1.5205479452054795,0.0459899997711181,0.20739999999999997,1.00586669921875,0.005849557151115972,0.2557459773515643,0.9324590900822797,13,G9N6C 75 Comdty,arithmetic
77,14,73.16999816894531,75.0,1.5068493150684932,0.0452799987792968,0.1934,0.9755999755859375,-0.024702637665036484,0.23740583136714077,0.934045492144238,14,G9N6C 75 Comdty,arithmetic
78,0,70.08000183105469,76.55,1.6191780821917807,0.0438500022888183,0.2482,0.9154801022998653,-0.0883066493474936,0.3158268766270534,0.9314609954933855,0,G9N6C 76.55 Comdty,arithmetic
78,1,70.58000183105469,76.55,1.6164383561643836,0.0449399995803833,0.2446,0.9220117809412761,-0.08119727791360101,0.31098255423913396,0.9299329994355935,1,G9N6C 76.55 Comdty,arithmetic
78,2,69.91000366210938,76.55,1.6136986301369862,0.0457000017166137,0.24789999999999998,0.9132593554815073,-0.0907353691966022,0.3149109353974179,0.9289075783884635,2,G9N6C 76.55 Comdty,arithmetic
78,3,69.45999908447266,76.55,1.610958904109589,0.0452400016784668,0.2491,0.9073807849049335,-0.09719308796840617,0.3161665777350799,0.9297125900775022,3,G9N6C 76.55 Comdty,arithmetic
78,4,69.23999786376953,76.55,1.6027397260273972,0.0459899997711181,0.25170000000000003,0.9045068303562317,-0.1003654226482333,0.31865058223961223,0.9289410480276921,4,G9N6C 76.55 Comdty,arithmetic
78,5,70.0999984741211,76.55,1.6,0.0459100008010864,0.2509,0.9157413255926988,-0.0880213498303227,0.31736618597449856,0.9291770274903894,5,G9N6C 76.55 Comdty,arithmetic
78,6,69.62000274658203,76.55,1.5945205479452054,0.045789999961853,0.2457,0.9094709699096282,-0.09489220026935162,0.3102560196892635,0.9295886562114541,6,G9N6C 76.55 Comdty,arithmetic
78,7,70.5999984741211,76.55,1.5917808219178082,0.0461899995803833,0.237,0.9222730042341097,-0.08091399921751218,0.299012937824271,0.9291135164949978,7,G9N6C 76.55 Comdty,arithmetic
78,8,70.98999786376953,76.55,1.5835616438356164,0.0454500007629394,0.237,0.9273677056011697,-0.07540513014438999,0.29823996038861517,0.9305561340864038,8,G9N6C 76.55 Comdty,arithmetic
78,9,73.12999725341797,76.55,1.5753424657534247,0.0457499980926513,0.2253,0.9553232822131675,-0.045705480378361675,0.28277999459379327,0.9304639792708642,9,G9N6C 76.55 Comdty,arithmetic
78,10,73.95999908447266,76.55,1.5726027397260274,0.0459600019454956,0.2211,0.9661658926776311,-0.034419727963451004,0.2772670466861906,0.9302733372680596,10,G9N6C 76.55 Comdty,arithmetic
78,11,73.55999755859375,76.55,1.5643835616438355,0.0461800003051757,0.21739999999999998,0.9609405298314011,-0.03984275555689115,0.2719137451875462,0.9303045871843203,11,G9N6C 76.55 Comdty,arithmetic
78,12,73.31999969482422,76.55,1.558904109589041,0.0469299983978271,0.2227,0.9578053519898657,-0.04311070329443318,0.278054493575019,0.9294526937950106,12,G9N6C 76.55 Comdty,arithmetic
78,13,75.44000244140625,76.55,1.5205479452054795,0.0459899997711181,0.20739999999999997,0.9854997053090301,-0.014606451416266245,0.2557459773515643,0.9324590900822797,13,G9N6C 76.55 Comdty,arithmetic
78,14,73.16999816894531,76.55,1.5068493150684932,0.0452799987792968,0.1934,0.9558458284643412,-0.045158646232418706,0.23740583136714077,0.934045492144238,14,G9N6C 76.55 Comdty,arithmetic
79,0,70.08000183105469,76.6,1.6191780821917807,0.0438500022888183,0.2482,0.9148825304315235,-0.08895960399034636,0.3158268766270534,0.9314609954933855,0,G9N6C 76.6 Comdty,arithmetic
79,1,70.58000183105469,76.6,1.6164383561643836,0.0449399995803833,0.2446,0.9214099455751266,-0.08185023255645375,0.31098255423913396,0.9299329994355935,1,G9N6C 76.6 Comdty,arithmetic
79,2,69.91000366210938,76.6,1.6136986301369862,0.0457000017166137,0.24789999999999998,0.9126632331868065,-0.09138832383945508,0.3149109353974179,0.9289075783884635,2,G9N6C 76.6 Comdty,arithmetic
79,3,69.45999908447266,76.6,1.610958904109589,0.0452400016784668,0.2491,0.9067884997972933,-0.09784604261125893,0.3161665777350799,0.9297125900775022,3,G9N6C 76.6 Comdty,arithmetic
79,4,69.23999786376953,76.6,1.6027397260273972,0.0459899997711181,0.25170000000000003,0.9039164211980357,-0.10101837729108616,0.31865058223961223,0.9289410480276921,4,G9N6C 76.6 Comdty,arithmetic
79,5,70.0999984741211,76.6,1.6,0.0459100008010864,0.2509,0.9151435832130692,-0.08867430447317547,0.31736618597449856,0.9291770274903894,5,G9N6C 76.6 Comdty,arithmetic
79,6,69.62000274658203,76.6,1.5945205479452054,0.045789999961853,0.2457,0.9088773204514626,-0.09554515491220446,0.3102560196892635,0.9295886562114541,6,G9N6C 76.6 Comdty,arithmetic
79,7,70.5999984741211,76.6,1.5917808219178082,0.0461899995803833,0.237,0.9216709983566723,-0.08156695386036504,0.299012937824271,0.9291135164949978,7,G9N6C 76.6 Comdty,arithmetic
79,8,70.98999786376953,76.6,1.5835616438356164,0.0454500007629394,0.237,0.9267623742006467,-0.07605808478724288,0.29823996038861517,0.9305561340864038,8,G9N6C 76.6 Comdty,arithmetic
79,9,73.12999725341797,76.6,1.5753424657534247,0.0457499980926513,0.2253,0.9546997030472321,-0.04635843502121451,0.28277999459379327,0.9304639792708642,9,G9N6C 76.6 Comdty,arithmetic
79,10,73.95999908447266,76.6,1.5726027397260274,0.0459600019454956,0.2211,0.9655352360897215,-0.03507268260630379,0.2772670466861906,0.9302733372680596,10,G9N6C 76.6 Comdty,arithmetic
79,11,73.55999755859375,76.6,1.5643835616438355,0.0461800003051757,0.21739999999999998,0.9603132840547488,-0.040495710199743955,0.2719137451875462,0.9303045871843203,11,G9N6C 76.6 Comdty,arithmetic
79,12,73.31999969482422,76.6,1.558904109589041,0.0469299983978271,0.2227,0.9571801526739455,-0.04376365793728594,0.278054493575019,0.9294526937950106,12,G9N6C 76.6 Comdty,arithmetic
79,13,75.44000244140625,76.6,1.5205479452054795,0.0459899997711181,0.20739999999999997,0.984856428738985,-0.015259406059119077,0.2557459773515643,0.9324590900822797,13,G9N6C 76.6 Comdty,arithmetic
79,14,73.16999816894531,76.6,1.5068493150684932,0.0452799987792968,0.1934,0.9552219082107744,-0.04581160087527159,0.23740583136714077,0.934045492144238,14,G9N6C 76.6 Comdty,arithmetic
80,0,70.08000183105469,79.5,1.6191780821917807,0.0438500022888183,0.2482,0.8815094569943985,-0.12611954890408716,0.3158268766270534,0.9314609954933855,0,G9N6C 79.5 Comdty,arithmetic
80,1,70.58000183105469,79.5,1.6164383561643836,0.0449399995803833,0.2446,0.8877987651704992,-0.1190101774701945,0.31098255423913396,0.9299329994355935,1,G9N6C 79.5 Comdty,arithmetic
80,2,69.91000366210938,79.5,1.6136986301369862,0.0457000017166137,0.24789999999999998,0.8793711152466588,-0.12854826875319578,0.3149109353974179,0.9289075783884635,2,G9N6C 79.5 Comdty,arithmetic
80,3,69.45999908447266,79.5,1.610958904109589,0.0452400016784668,0.2491,0.8737106803078322,-0.13500598752499962,0.3161665777350799,0.9297125900775022,3,G9N6C 79.5 Comdty,arithmetic
80,4,69.23999786376953,79.5,1.6027397260273972,0.0459899997711181,0.25170000000000003,0.8709433693555916,-0.13817832220482684,0.31865058223961223,0.9289410480276921,4,G9N6C 79.5 Comdty,arithmetic
80,5,70.0999984741211,79.5,1.6,0.0459100008010864,0.2509,0.8817609870958628,-0.12583424938691617,0.31736618597449856,0.9291770274903894,5,G9N6C 79.5 Comdty,arithmetic
80,6,69.62000274658203,79.5,1.5945205479452054,0.045789999961853,0.2457,0.8757233049884532,-0.1327050998259452,0.3102560196892635,0.9295886562114541,6,G9N6C 79.5 Comdty,arithmetic
80,7,70.5999984741211,79.5,1.5917808219178082,0.0461899995803833,0.237,0.8880502952719634,-0.11872689877410574,0.299012937824271,0.9291135164949978,7,G9N6C 79.5 Comdty,arithmetic
80,8,70.98999786376953,79.5,1.5835616438356164,0.0454500007629394,0.237,0.8929559479719438,-0.11321802970098355,0.29823996038861517,0.9305561340864038,8,G9N6C 79.5 Comdty,arithmetic
80,9,73.12999725341797,79.5,1.5753424657534247,0.0457499980926513,0.2253,0.9198741792882763,-0.08351837993495524,0.28277999459379327,0.9304639792708642,9,G9N6C 79.5 Comdty,arithmetic
80,10,73.95999908447266,79.5,1.5726027397260274,0.0459600019454956,0.2211,0.9303144538927378,-0.07223262752004452,0.2772670466861906,0.9302733372680596,10,G9N6C 79.5 Comdty,arithmetic
80,11,73.55999755859375,79.5,1.5643835616438355,0.0461800003051757,0.21739999999999998,0.9252829881584119,-0.0776556551134847,0.2719137451875462,0.9303045871843203,11,G9N6C 79.5 Comdty,arithmetic
80,12,73.31999969482422,79.5,1.558904109589041,0.0469299983978271,0.2227,0.9222641471047072,-0.08092360285102665,0.278054493575019,0.9294526937950106,12,G9N6C 79.5 Comdty,arithmetic
80,13,75.44000244140625,79.5,1.5205479452054795,0.0459899997711181,0.20739999999999997,0.9489308483195755,-0.05241935097285967,0.2557459773515643,0.9324590900822797,13,G9N6C 79.5 Comdty,arithmetic
80,14,73.16999816894531,79.5,1.5068493150684932,0.0452799987792968,0.1934,0.9203773354584316,-0.08297154578901225,0.23740583136714077,0.934045492144238,14,G9N6C 79.5 Comdty,arithmetic
81,0,70.08000183105469,70.0,2.6164383561643834,0.0438500022888183,0.2482,1.0011428833007812,0.0011422307068400424,0.40147363549802373,0.8916061070922341,0,G9N7C 70 Comdty,arithmetic
81,1,70.58000183105469,70.0,2.6136986301369864,0.0449399995803833,0.2446,1.0082857404436385,0.008251602140732877,0.3954432873804366,0.8891764201073491,1,G9N7C 70 Comdty,arithmetic
81,2,69.91000366210938,70.0,2.610958904109589,0.0457000017166137,0.24789999999999998,0.9987143380301339,-0.0012864891422685824,0.40056827006928714,0.8875230142674586,2,G9N7C 70 Comdty,arithmetic
81,3,69.45999908447266,70.0,2.6082191780821917,0.0452400016784668,0.2491,0.9922857012067522,-0.007744207914072442,0.4022960510091222,0.888699749602998,3,G9N7C 70 Comdty,arithmetic
81,4,69.23999786376953,70.0,2.6,0.0459899997711181,0.25170000000000003,0.989142826625279,-0.010916542593899663,0.40585405504934907,0.8872983458400396,4,G9N7C 70 Comdty,arithmetic
81,5,70.0999984741211,70.0,2.5972602739726027,0.0459100008010864,0.2509,1.0014285496303013,0.0014275302240109727,0.4043508847862179,0.8875945560685364,5,G9N7C 70 Comdty,arithmetic
81,6,69.62000274658203,70.0,2.591780821917808,0.045789999961853,0.2457,0.9945714678083147,-0.005443320215017923,0.39555264457482386,0.8880940372996816,6,G9N7C 70 Comdty,arithmetic
81,7,70.5999984741211,70.0,2.589041095890411,0.0461899995803833,0.237,1.0085714067731584,0.008534880836821395,0.38134479059647386,0.887286094350527,7,G9N7C 70 Comdty,arithmetic
81,8,70.98999786376953,70.0,2.580821917808219,0.0454500007629394,0.237,1.014142826625279,0.01404374990994367,0.3807390002368681,0.8893198177761051,8,G9N7C 70 Comdty,arithmetic
81,9,73.12999725341797,70.0,2.5726027397260274,0.0457499980926513,0.2253,1.0447142464773995,0.04374339967597199,0.36136622227698556,0.8889657501857716,9,G9N7C 70 Comdty,arithmetic
81,10,73.95999908447266,70.0,2.56986301369863,0.0459600019454956,0.2211,1.0565714154924666,0.055029152090882785,0.3544408174799996,0.8885974935926789,10,G9N7C 70 Comdty,arithmetic
81,11,73.55999755859375,70.0,2.5616438356164384,0.0461800003051757,0.21739999999999998,1.0508571079799107,0.04960612449744256,0.34795166016017104,0.8884324039604808,11,G9N7C 70 Comdty,arithmetic
81,12,73.31999969482422,70.0,2.5561643835616437,0.0469299983978271,0.2227,1.0474285670689174,0.04633817675990057,0.3560529650071896,0.8869552131722047,12,G9N7C 70 Comdty,arithmetic
81,13,75.44000244140625,70.0,2.5178082191780824,0.0459899997711181,0.20739999999999997,1.0777143205915178,0.07484242863806748,0.329094084228162,0.890658680602142,13,G9N7C 70 Comdty,arithmetic
81,14,73.16999816894531,70.0,2.504109589041096,0.0452799987792968,0.1934,1.04528568812779,0.04429023382191491,0.3060434826299589,0.892805899838385,14,G9N7C 70 Comdty,arithmetic
82,0,70.08000183105469,75.0,2.6164383561643834,0.0438500022888183,0.2482,0.9344000244140624,-0.06785064078011138,0.40147363549802373,0.8916061070922341,0,G9N7C 75 Comdty,arithmetic
82,1,70.58000183105469,75.0,2.6136986301369864,0.0449399995803833,0.2446,0.9410666910807292,-0.06074126934621869,0.3954432873804366,0.8891764201073491,1,G9N7C 75 Comdty,arithmetic
82,2,69.91000366210938,75.0,2.610958904109589,0.0457000017166137,0.24789999999999998,0.9321333821614584,-0.07027936062921995,0.40056827006928714,0.8875230142674586,2,G9N7C 75 Comdty,arithmetic
82,3,69.45999908447266,75.0,2.6082191780821917,0.0452400016784668,0.2491,0.9261333211263021,-0.07673707940102387,0.4022960510091222,0.888699749602998,3,G9N7C 75 Comdty,arithmetic
82,4,69.23999786376953,75.0,2.6,0.0459899997711181,0.25170000000000003,0.9231999715169271,-0.07990941408085103,0.40585405504934907,0.8872983458400396,4,G9N7C 75 Comdty,arithmetic
82,5,70.0999984741211,75.0,2.5972602739726027,0.0459100008010864,0.2509,0.9346666463216146,-0.06756534126294042,0.4043508847862179,0.8875945560685364,5,G9N7C 75 Comdty,arithmetic
82,6,69.62000274658203,75.0,2.591780821917808,0.045789999961853,0.2457,0.9282667032877604,-0.0744361917019694,0.39555264457482386,0.8880940372996816,6,G9N7C 75 Comdty,arithmetic
82,7,70.5999984741211,75.0,2.589041095890411,0.0461899995803833,0.237,0.9413333129882813,-0.060457990650129925,0.38134479059647386,0.887286094350527,7,G9N7C 75 Comdty,arithmetic
82,8,70.98999786376953,75.0,2.580821917808219,0.0454500007629394,0.237,0.9465333048502604,-0.05494912157700774,0.3807390002368681,0.8893198177761051,8,G9N7C 75 Comdty,arithmetic
82,9,73.12999725341797,75.0,2.5726027397260274,0.0457499980926513,0.2253,0.9750666300455729,-0.025249471810979432,0.36136622227698556,0.8889657501857716,9,G9N7C 75 Comdty,arithmetic
82,10,73.95999908447266,75.0,2.56986301369863,0.0459600019454956,0.2211,0.986133321126302,-0.013963719396068783,0.3544408174799996,0.8885974935926789,10,G9N7C 75 Comdty,arithmetic
82,11,73.55999755859375,75.0,2.5616438356164384,0.0461800003051757,0.21739999999999998,0.9807999674479166,-0.01938674698950892,0.34795166016017104,0.8884324039604808,11,G9N7C 75 Comdty,arithmetic
82,12,73.31999969482422,75.0,2.5561643835616437,0.0469299983978271,0.2227,0.9775999959309896,-0.0226546947270509,0.3560529650071896,0.8869552131722047,12,G9N7C 75 Comdty,arithmetic
82,13,75.44000244140625,75.0,2.5178082191780824,0.0459899997711181,0.20739999999999997,1.00586669921875,0.005849557151115972,0.329094084228162,0.890658680602142,13,G9N7C 75 Comdty,arithmetic
82,14,73.16999816894531,75.0,2.504109589041096,0.0452799987792968,0.1934,0.9755999755859375,-0.024702637665036484,0.3060434826299589,0.892805899838385,14,G9N7C 75 Comdty,arithmetic
83,0,70.08000183105469,70.85,1.704109589041096,0.0438500022888183,0.2482,0.9891319947925856,-0.010927493380490266,0.3240041234305514,0.9279984565666124,0,G9Q6C 70.85 Comdty,arithmetic
83,1,70.58000183105469,70.85,1.7013698630136986,0.0449399995803833,0.2446,0.9961891578130514,-0.003818121946597629,0.31904784868954167,0.9263903758967,1,G9Q6C 70.85 Comdty,arithmetic
83,2,69.91000366210938,70.85,1.6986301369863013,0.0457000017166137,0.24789999999999998,0.9867325852097302,-0.013356213229598872,0.3230918025526372,0.925309132340594,2,G9Q6C 70.85 Comdty,arithmetic
83,3,69.45999908447266,70.85,1.695890410958904,0.0452400016784668,0.2491,0.9803810738810538,-0.0198139320014028,0.3243938557852674,0.9261472080093837,3,G9Q6C 70.85 Comdty,arithmetic
83,4,69.23999786376953,70.85,1.6876712328767125,0.0459899997711181,0.25170000000000003,0.9772759049226469,-0.02298626668123001,0.32698447971211536,0.9253196814452692,4,G9Q6C 70.85 Comdty,arithmetic
83,5,70.0999984741211,70.85,1.6849315068493151,0.0459100008010864,0.2509,0.989414233932549,-0.010642193863319344,0.32568052313683876,0.9255610296111034,5,G9Q6C 70.85 Comdty,arithmetic
83,6,69.62000274658203,70.85,1.6794520547945206,0.045789999961853,0.2457,0.9826394177358085,-0.017513044302348325,0.31841165898148655,0.9259804938404211,6,G9Q6C 70.85 Comdty,arithmetic
83,7,70.5999984741211,70.85,1.6767123287671233,0.0461899995803833,0.237,0.9964713969530148,-0.003534843250508896,0.3068863874376323,0.9254757570360517,7,G9Q6C 70.85 Comdty,arithmetic
83,8,70.98999786376953,70.85,1.6684931506849314,0.0454500007629394,0.237,1.0019759754942772,0.001974025822613353,0.3061332908731455,0.9269709839123568,8,G9Q6C 70.85 Comdty,arithmetic
83,9,73.12999725341797,70.85,1.6602739726027398,0.0457499980926513,0.2253,1.0321806246071696,0.031673675588641564,0.2903026976691271,0.9268555682786677,9,G9Q6C 70.85 Comdty,arithmetic
83,10,73.95999908447266,70.85,1.6575342465753424,0.0459600019454956,0.2211,1.0438955410652457,0.04295942800355232,0.28465577409570914,0.9266491377910224,10,G9Q6C 70.85 Comdty,arithmetic
83,11,73.55999755859375,70.85,1.6493150684931508,0.0461800003051757,0.21739999999999998,1.0382497891121207,0.037536400410112164,0.27919738939785116,0.9266629512960581,11,G9Q6C 70.85 Comdty,arithmetic
83,12,73.31999969482422,70.85,1.643835616438356,0.0469299983978271,0.2227,1.0348623810137505,0.03426845267257017,0.28552846462233683,0.9257554215251036,12,G9Q6C 70.85 Comdty,arithmetic
83,13,75.44000244140625,70.85,1.6054794520547946,0.0459899997711181,0.20739999999999997,1.0647847909866797,0.0627727045507371,0.26279138744462016,0.9288240088298473,13,G9Q6C 70.85 Comdty,arithmetic
83,14,73.16999816894531,70.85,1.5917808219178082,0.0452799987792968,0.1934,1.0327452105708583,0.03222050973458454,0.24400465052832918,0.9304603329107698,14,G9Q6C 70.85 Comdty,arithmetic
84,0,70.08000183105469,72.67,1.704109589041096,0.0438500022888183,0.2482,0.9643594582503741,-0.03629117187234547,0.3240041234305514,0.9279984565666124,0,G9Q6C 72.67 Comdty,arithmetic
84,1,70.58000183105469,72.67,1.7013698630136986,0.0449399995803833,0.2446,0.9712398765798085,-0.029181800438452844,0.31904784868954167,0.9263903758967,1,G9Q6C 72.67 Comdty,arithmetic
84,2,69.91000366210938,72.67,1.6986301369863013,0.0457000017166137,0.24789999999999998,0.9620201412152108,-0.03871989172145411,0.3230918025526372,0.925309132340594,2,G9Q6C 72.67 Comdty,arithmetic
84,3,69.45999908447266,72.67,1.695890410958904,0.0452400016784668,0.2491,0.9558277017266087,-0.045177610493257976,0.3243938557852674,0.9261472080093837,3,G9Q6C 72.67 Comdty,arithmetic
84,4,69.23999786376953,72.67,1.6876712328767125,0.0459899997711181,0.25170000000000003,0.9528003008637612,-0.048349945173085204,0.32698447971211536,0.9253196814452692,4,G9Q6C 72.67 Comdty,arithmetic
84,5,70.0999984741211,72.67,1.6849315068493151,0.0459100008010864,0.2509,0.9646346287893366,-0.03600587235517454,0.32568052313683876,0.9255610296111034,5,G9Q6C 72.67 Comdty,arithmetic
84,6,69.62000274658203,72.67,1.6794520547945206,0.045789999961853,0.2457,0.9580294859857167,-0.04287672279420346,0.31841165898148655,0.9259804938404211,6,G9Q6C 72.67 Comdty,arithmetic
84,7,70.5999984741211,72.67,1.6767123287671233,0.0461899995803833,0.237,0.971515047118771,-0.028898521742364097,0.3068863874376323,0.9254757570360517,7,G9Q6C 72.67 Comdty,arithmetic
84,8,70.98999786376953,72.67,1.6684931506849314,0.0454500007629394,0.237,0.9768817650167817,-0.023389652669241916,0.3061332908731455,0.9269709839123568,8,G9Q6C 72.67 Comdty,arithmetic
84,9,73.12999725341797,72.67,1.6602739726027398,0.0457499980926513,0.2253,1.0063299470678129,0.006309997096786372,0.2903026976691271,0.9268555682786677,9,G9Q6C 72.67 Comdty,arithmetic
84,10,73.95999908447266,72.67,1.6575342465753424,0.0459600019454956,0.2211,1.0177514666915186,0.017595749511697203,0.28465577409570914,0.9266491377910224,10,G9Q6C 72.67 Comdty,arithmetic
84,11,73.55999755859375,72.67,1.6493150684931508,0.0461800003051757,0.21739999999999998,1.0122471110306006,0.012172721918256971,0.27919738939785116,0.9266629512960581,11,G9Q6C 72.67 Comdty,arithmetic
84,12,73.31999969482422,72.67,1.643835616438356,0.0469299983978271,0.2227,1.0089445396287906,0.008904774180714958,0.28552846462233683,0.9257554215251036,12,G9Q6C 72.67 Comdty,arithmetic
84,13,75.44000244140625,72.67,1.6054794520547946,0.0459899997711181,0.20739999999999997,1.0381175511408594,0.03740902605888194,0.26279138744462016,0.9288240088298473,13,G9Q6C 72.67 Comdty,arithmetic
84,14,73.16999816894531,72.67,1.5917808219178082,0.0452799987792968,0.1934,1.00688039313259,0.006856831242729528,0.24400465052832918,0.9304603329107698,14,G9Q6C 72.67 Comdty,arithmetic
85,0,70.08000183105469,72.75,1.704109589041096,0.0438500022888183,0.2482,0.9632989942413015,-0.03739143329540282,0.3240041234305514,0.9279984565666124,0,G9Q6C 72.75 Comdty,arithmetic
85,1,70.58000183105469,72.75,1.7013698630136986,0.0449399995803833,0.2446,0.9701718464749786,-0.0302820618615101,0.31904784868954167,0.9263903758967,1,G9Q6C 72.75 Comdty,arithmetic
85,2,69.91000366210938,72.75,1.6986301369863013,0.0457000017166137,0.24789999999999998,0.960962249650988,-0.03982015314451143,0.3230918025526372,0.925309132340594,2,G9Q6C 72.75 Comdty,arithmetic
85,3,69.45999908447266,72.75,1.695890410958904,0.0452400016784668,0.2491,0.9547766197178372,-0.04627787191631528,0.3243938557852674,0.9261472080093837,3,G9Q6C 72.75 Comdty,arithmetic
85,4,69.23999786376953,72.75,1.6876712328767125,0.0459899997711181,0.25170000000000003,0.9517525479555949,-0.04945020659614251,0.32698447971211536,0.9253196814452692,4,G9Q6C 72.75 Comdty,arithmetic
85,5,70.0999984741211,72.75,1.6849315068493151,0.0459100008010864,0.2509,0.9635738621872315,-0.03710613377823187,0.32568052313683876,0.9255610296111034,5,G9Q6C 72.75 Comdty,arithmetic
85,6,69.62000274658203,72.75,1.6794520547945206,0.045789999961853,0.2457,0.956975982770887,-0.04397698421726084,0.31841165898148655,0.9259804938404211,6,G9Q6C 72.75 Comdty,arithmetic
85,7,70.5999984741211,72.75,1.6767123287671233,0.0461899995803833,0.237,0.9704467144209085,-0.02999878316542145,0.3068863874376323,0.9254757570360517,7,G9Q6C 72.75 Comdty,arithmetic
85,8,70.98999786376953,72.75,1.6684931506849314,0.0454500007629394,0.237,0.9758075307734644,-0.024489914092299173,0.3061332908731455,0.9269709839123568,8,G9Q6C 72.75 Comdty,arithmetic
85,9,73.12999725341797,72.75,1.6602739726027398,0.0457499980926513,0.2253,1.0052233299438895,0.0052097356737290205,0.2903026976691271,0.9268555682786677,9,G9Q6C 72.75 Comdty,arithmetic
85,10,73.95999908447266,72.75,1.6575342465753424,0.0459600019454956,0.2211,1.01663228982093,0.016495488088639734,0.28465577409570914,0.9266491377910224,10,G9Q6C 72.75 Comdty,arithmetic
85,11,73.55999755859375,72.75,1.6493150684931508,0.0461800003051757,0.21739999999999998,1.0111339870597078,0.011072460495199558,0.27919738939785116,0.9266629512960581,11,G9Q6C 72.75 Comdty,arithmetic
85,12,73.31999969482422,72.75,1.643835616438356,0.0469299983978271,0.2227,1.0078350473515356,0.007804512757657627,0.28552846462233683,0.9257554215251036,12,G9Q6C 72.75 Comdty,arithmetic
85,13,75.44000244140625,72.75,1.6054794520547946,0.0459899997711181,0.20739999999999997,1.0369759785760309,0.03630876463582451,0.26279138744462016,0.9288240088298473,13,G9Q6C 72.75 Comdty,arithmetic
85,14,73.16999816894531,72.75,1.5917808219178082,0.0452799987792968,0.1934,1.005773170707152,0.005756569819672024,0.24400465052832918,0.9304603329107698,14,G9Q6C 72.75 Comdty,arithmetic
86,0,70.08000183105469,75.0,1.704109589041096,0.0438500022888183,0.2482,0.9344000244140624,-0.06785064078011138,0.3240041234305514,0.9279984565666124,0,G9Q6C 75 Comdty,arithmetic
86,1,70.58000183105469,75.0,1.7013698630136986,0.0449399995803833,0.2446,0.9410666910807292,-0.06074126934621869,0.31904784868954167,0.9263903758967,1,G9Q6C 75 Comdty,arithmetic
86,2,69.91000366210938,75.0,1.6986301369863013,0.0457000017166137,0.24789999999999998,0.9321333821614584,-0.07027936062921995,0.3230918025526372,0.925309132340594,2,G9Q6C 75 Comdty,arithmetic
86,3,69.45999908447266,75.0,1.695890410958904,0.0452400016784668,0.2491,0.9261333211263021,-0.07673707940102387,0.3243938557852674,0.9261472080093837,3,G9Q6C 75 Comdty,arithmetic
86,4,69.23999786376953,75.0,1.6876712328767125,0.0459899997711181,0.25170000000000003,0.9231999715169271,-0.07990941408085103,0.32698447971211536,0.9253196814452692,4,G9Q6C 75 Comdty,arithmetic
86,5,70.0999984741211,75.0,1.6849315068493151,0.0459100008010864,0.2509,0.9346666463216146,-0.06756534126294042,0.32568052313683876,0.9255610296111034,5,G9Q6C 75 Comdty,arithmetic
86,6,69.62000274658203,75.0,1.6794520547945206,0.045789999961853,0.2457,0.9282667032877604,-0.0744361917019694,0.31841165898148655,0.9259804938404211,6,G9Q6C 75 Comdty,arithmetic
86,7,70.5999984741211,75.0,1.6767123287671233,0.0461899995803833,0.237,0.9413333129882813,-0.060457990650129925,0.3068863874376323,0.9254757570360517,7,G9Q6C 75 Comdty,arithmetic
86,8,70.98999786376953,75.0,1.6684931506849314,0.0454500007629394,0.237,0.9465333048502604,-0.05494912157700774,0.3061332908731455,0.9269709839123568,8,G9Q6C 75 Comdty,arithmetic
86,9,73.12999725341797,75.0,1.6602739726027398,0.0457499980926513,0.2253,0.9750666300455729,-0.025249471810979432,0.2903026976691271,0.9268555682786677,9,G9Q6C 75 Comdty,arithmetic
86,10,73.95999908447266,75.0,1.6575342465753424,0.0459600019454956,0.2211,0.986133321126302,-0.013963719396068783,0.28465577409570914,0.9266491377910224,10,G9Q6C 75 Comdty,arithmetic
86,11,73.55999755859375,75.0,1.6493150684931508,0.0461800003051757,0.21739999999999998,0.9807999674479166,-0.01938674698950892,0.27919738939785116,0.9266629512960581,11,G9Q6C 75 Comdty,arithmetic
86,12,73.31999969482422,75.0,1.643835616438356,0.0469299983978271,0.2227,0.9775999959309896,-0.0226546947270509,0.28552846462233683,0.9257554215251036,12,G9Q6C 75 Comdty,arithmetic
86,13,75.44000244140625,75.0,1.6054794520547946,0.0459899997711181,0.20739999999999997,1.00586669921875,0.005849557151115972,0.26279138744462016,0.9288240088298473,13,G9Q6C 75 Comdty,arithmetic
86,14,73.16999816894531,75.0,1.5917808219178082,0.0452799987792968,0.1934,0.9755999755859375,-0.024702637665036484,0.24400465052832918,0.9304603329107698,14,G9Q6C 75 Comdty,arithmetic
87,0,70.08000183105469,75.8,1.704109589041096,0.0438500022888183,0.2482,0.9245382827315922,-0.07846081989212682,0.3240041234305514,0.9279984565666124,0,G9Q6C 75.8 Comdty,arithmetic
87,1,70.58000183105469,75.8,1.7013698630136986,0.0449399995803833,0.2446,0.9311345888001938,-0.07135144845823413,0.31904784868954167,0.9263903758967,1,G9Q6C 75.8 Comdty,arithmetic
87,2,69.91000366210938,75.8,1.6986301369863013,0.0457000017166137,0.24789999999999998,0.922295562824662,-0.08088953974123549,0.3230918025526372,0.925309132340594,2,G9Q6C 75.8 Comdty,arithmetic
87,3,69.45999908447266,75.8,1.695890410958904,0.0452400016784668,0.2491,0.9163588269719348,-0.08734725851303933,0.3243938557852674,0.9261472080093837,3,G9Q6C 75.8 Comdty,arithmetic
87,4,69.23999786376953,75.8,1.6876712328767125,0.0459899997711181,0.25170000000000003,0.9134564361974873,-0.09051959319286652,0.32698447971211536,0.9253196814452692,4,G9Q6C 75.8 Comdty,arithmetic
87,5,70.0999984741211,75.8,1.6849315068493151,0.0459100008010864,0.2509,0.9248020906876134,-0.07817552037495587,0.32568052313683876,0.9255610296111034,5,G9Q6C 75.8 Comdty,arithmetic
87,6,69.62000274658203,75.8,1.6794520547945206,0.045789999961853,0.2457,0.9184696932266759,-0.08504637081398485,0.31841165898148655,0.9259804938404211,6,G9Q6C 75.8 Comdty,arithmetic
87,7,70.5999984741211,75.8,1.6767123287671233,0.0461899995803833,0.237,0.9313983967562149,-0.0710681697621455,0.3068863874376323,0.9254757570360517,7,G9Q6C 75.8 Comdty,arithmetic
87,8,70.98999786376953,75.8,1.6684931506849314,0.0454500007629394,0.237,0.9365435074375928,-0.0655593006890232,0.3061332908731455,0.9269709839123568,8,G9Q6C 75.8 Comdty,arithmetic
87,9,73.12999725341797,75.8,1.6602739726027398,0.0457499980926513,0.2253,0.9647756893590761,-0.035859650922994986,0.2903026976691271,0.9268555682786677,9,G9Q6C 75.8 Comdty,arithmetic
87,10,73.95999908447266,75.8,1.6575342465753424,0.0459600019454956,0.2211,0.9757255815893491,-0.02457389850808421,0.28465577409570914,0.9266491377910224,10,G9Q6C 75.8 Comdty,arithmetic
87,11,73.55999755859375,75.8,1.6493150684931508,0.0461800003051757,0.21739999999999998,0.9704485166041392,-0.029996926101524386,0.27919738939785116,0.9266629512960581,11,G9Q6C 75.8 Comdty,arithmetic
87,12,73.31999969482422,75.8,1.643835616438356,0.0469299983978271,0.2227,0.9672823178736705,-0.03326487383906637,0.28552846462233683,0.9257554215251036,12,G9Q6C 75.8 Comdty,arithmetic
87,13,75.44000244140625,75.8,1.6054794520547946,0.0459899997711181,0.20739999999999997,0.9952506918391326,-0.004760621960899464,0.26279138744462016,0.9288240088298473,13,G9Q6C 75.8 Comdty,arithmetic
87,14,73.16999816894531,75.8,1.5917808219178082,0.0452799987792968,0.1934,0.9653034059227614,-0.03531281677705194,0.24400465052832918,0.9304603329107698,14,G9Q6C 75.8 Comdty,arithmetic
88,0,70.08000183105469,76.5,1.704109589041096,0.0438500022888183,0.2482,0.9160784553079044,-0.08765326807629101,0.3240041234305514,0.9279984565666124,0,G9Q6C 76.5 Comdty,arithmetic
88,1,70.58000183105469,76.5,1.7013698630136986,0.0449399995803833,0.2446,0.9226144030203227,-0.08054389664239839,0.31904784868954167,0.9263903758967,1,G9Q6C 76.5 Comdty,arithmetic
88,2,69.91000366210938,76.5,1.6986301369863013,0.0457000017166137,0.24789999999999998,0.9138562570210376,-0.09008198792539972,0.3230918025526372,0.925309132340594,2,G9Q6C 76.5 Comdty,arithmetic
88,3,69.45999908447266,76.5,1.695890410958904,0.0452400016784668,0.2491,0.9079738442414726,-0.09653970669720355,0.3243938557852674,0.9261472080093837,3,G9Q6C 76.5 Comdty,arithmetic
88,4,69.23999786376953,76.5,1.6876712328767125,0.0459899997711181,0.25170000000000003,0.905098011291105,-0.09971204137703076,0.32698447971211536,0.9253196814452692,4,G9Q6C 76.5 Comdty,arithmetic
88,5,70.0999984741211,76.5,1.6849315068493151,0.0459100008010864,0.2509,0.9163398493349163,-0.08736796855912006,0.32568052313683876,0.9255610296111034,5,G9Q6C 76.5 Comdty,arithmetic
88,6,69.62000274658203,76.5,1.6794520547945206,0.045789999961853,0.2457,0.9100653953801573,-0.09423881899814907,0.31841165898148655,0.9259804938404211,6,G9Q6C 76.5 Comdty,arithmetic
88,7,70.5999984741211,76.5,1.6767123287671233,0.0461899995803833,0.237,0.9228757970473346,-0.08026061794630965,0.3068863874376323,0.9254757570360517,7,G9Q6C 76.5 Comdty,arithmetic
88,8,70.98999786376953,76.5,1.6684931506849314,0.0454500007629394,0.237,0.9279738282845691,-0.0747517488731874,0.3061332908731455,0.9269709839123568,8,G9Q6C 76.5 Comdty,arithmetic
88,9,73.12999725341797,76.5,1.6602739726027398,0.0457499980926513,0.2253,0.9559476765152676,-0.04505209910715914,0.2903026976691271,0.9268555682786677,9,G9Q6C 76.5 Comdty,arithmetic
88,10,73.95999908447266,76.5,1.6575342465753424,0.0459600019454956,0.2211,0.9667973736532374,-0.033766346692248414,0.28465577409570914,0.9266491377910224,10,G9Q6C 76.5 Comdty,arithmetic
88,11,73.55999755859375,76.5,1.6493150684931508,0.0461800003051757,0.21739999999999998,0.9615685955371732,-0.03918937428568859,0.27919738939785116,0.9266629512960581,11,G9Q6C 76.5 Comdty,arithmetic
88,12,73.31999969482422,76.5,1.643835616438356,0.0469299983978271,0.2227,0.9584313685597937,-0.04245732202323059,0.28552846462233683,0.9257554215251036,12,G9Q6C 76.5 Comdty,arithmetic
88,13,75.44000244140625,76.5,1.6054794520547946,0.0459899997711181,0.20739999999999997,0.9861438227634803,-0.01395307014506373,0.26279138744462016,0.9288240088298473,13,G9Q6C 76.5 Comdty,arithmetic
88,14,73.16999816894531,76.5,1.5917808219178082,0.0452799987792968,0.1934,0.9564705642999387,-0.044505264961216186,0.24400465052832918,0.9304603329107698,14,G9Q6C 76.5 Comdty,arithmetic
89,0,70.08000183105469,76.6,1.704109589041096,0.0438500022888183,0.2482,0.9148825304315235,-0.08895960399034636,0.3240041234305514,0.9279984565666124,0,G9Q6C 76.6 Comdty,arithmetic
89,1,70.58000183105469,76.6,1.7013698630136986,0.0449399995803833,0.2446,0.9214099455751266,-0.08185023255645375,0.31904784868954167,0.9263903758967,1,G9Q6C 76.6 Comdty,arithmetic
89,2,69.91000366210938,76.6,1.6986301369863013,0.0457000017166137,0.24789999999999998,0.9126632331868065,-0.09138832383945508,0.3230918025526372,0.925309132340594,2,G9Q6C 76.6 Comdty,arithmetic
89,3,69.45999908447266,76.6,1.695890410958904,0.0452400016784668,0.2491,0.9067884997972933,-0.09784604261125893,0.3243938557852674,0.9261472080093837,3,G9Q6C 76.6 Comdty,arithmetic
89,4,69.23999786376953,76.6,1.6876712328767125,0.0459899997711181,0.25170000000000003,0.9039164211980357,-0.10101837729108616,0.32698447971211536,0.9253196814452692,4,G9Q6C 76.6 Comdty,arithmetic
89,5,70.0999984741211,76.6,1.6849315068493151,0.0459100008010864,0.2509,0.9151435832130692,-0.08867430447317547,0.32568052313683876,0.9255610296111034,5,G9Q6C 76.6 Comdty,arithmetic
89,6,69.62000274658203,76.6,1.6794520547945206,0.045789999961853,0.2457,0.9088773204514626,-0.09554515491220446,0.31841165898148655,0.9259804938404211,6,G9Q6C 76.6 Comdty,arithmetic
89,7,70.5999984741211,76.6,1.6767123287671233,0.0461899995803833,0.237,0.9216709983566723,-0.08156695386036504,0.3068863874376323,0.9254757570360517,7,G9Q6C 76.6 Comdty,arithmetic
89,8,70.98999786376953,76.6,1.6684931506849314,0.0454500007629394,0.237,0.9267623742006467,-0.07605808478724288,0.3061332908731455,0.9269709839123568,8,G9Q6C 76.6 Comdty,arithmetic
89,9,73.12999725341797,76.6,1.6602739726027398,0.0457499980926513,0.2253,0.9546997030472321,-0.04635843502121451,0.2903026976691271,0.9268555682786677,9,G9Q6C 76.6 Comdty,arithmetic
89,10,73.95999908447266,76.6,1.6575342465753424,0.0459600019454956,0.2211,0.9655352360897215,-0.03507268260630379,0.28465577409570914,0.9266491377910224,10,G9Q6C 76.6 Comdty,arithmetic
89,11,73.55999755859375,76.6,1.6493150684931508,0.0461800003051757,0.21739999999999998,0.9603132840547488,-0.040495710199743955,0.27919738939785116,0.9266629512960581,11,G9Q6C 76.6 Comdty,arithmetic
89,12,73.31999969482422,76.6,1.643835616438356,0.0469299983978271,0.2227,0.9571801526739455,-0.04376365793728594,0.28552846462233683,0.9257554215251036,12,G9Q6C 76.6 Comdty,arithmetic
89,13,75.44000244140625,76.6,1.6054794520547946,0.0459899997711181,0.20739999999999997,0.984856428738985,-0.015259406059119077,0.26279138744462016,0.9288240088298473,13,G9Q6C 76.6 Comdty,arithmetic
89,14,73.16999816894531,76.6,1.5917808219178082,0.0452799987792968,0.1934,0.9552219082107744,-0.04581160087527159,0.24400465052832918,0.9304603329107698,14,G9Q6C 76.6 Comdty,arithmetic
90,0,70.08000183105469,78.0,1.704109589041096,0.0438500022888183,0.2482,0.8984615619365985,-0.10707135393339262,0.3240041234305514,0.9279984565666124,0,G9Q6C 78 Comdty,arithmetic
90,1,70.58000183105469,78.0,1.7013698630136986,0.0449399995803833,0.2446,0.9048718183468549,-0.09996198249950003,0.31904784868954167,0.9263903758967,1,G9Q6C 78 Comdty,arithmetic
90,2,69.91000366210938,78.0,1.6986301369863013,0.0457000017166137,0.24789999999999998,0.8962820982321714,-0.10950007378250133,0.3230918025526372,0.925309132340594,2,G9Q6C 78 Comdty,arithmetic
90,3,69.45999908447266,78.0,1.695890410958904,0.0452400016784668,0.2491,0.8905128087752905,-0.11595779255430512,0.3243938557852674,0.9261472080093837,3,G9Q6C 78 Comdty,arithmetic
90,4,69.23999786376953,78.0,1.6876712328767125,0.0459899997711181,0.25170000000000003,0.8876922803047376,-0.11913012723413237,0.32698447971211536,0.9253196814452692,4,G9Q6C 78 Comdty,arithmetic
90,5,70.0999984741211,78.0,1.6849315068493151,0.0459100008010864,0.2509,0.8987179291553986,-0.10678605441622173,0.32568052313683876,0.9255610296111034,5,G9Q6C 78 Comdty,arithmetic
90,6,69.62000274658203,78.0,1.6794520547945206,0.045789999961853,0.2457,0.8925641377766927,-0.11365690485525065,0.31841165898148655,0.9259804938404211,6,G9Q6C 78 Comdty,arithmetic
90,7,70.5999984741211,78.0,1.6767123287671233,0.0461899995803833,0.237,0.905128185565655,-0.0996787038034113,0.3068863874376323,0.9254757570360517,7,G9Q6C 78 Comdty,arithmetic
90,8,70.98999786376953,78.0,1.6684931506849314,0.0454500007629394,0.237,0.910128177740635,-0.09416983473028903,0.3061332908731455,0.9269709839123568,8,G9Q6C 78 Comdty,arithmetic
90,9,73.12999725341797,78.0,1.6602739726027398,0.0457499980926513,0.2253,0.9375640673515124,-0.06447018496426073,0.2903026976691271,0.9268555682786677,9,G9Q6C 78 Comdty,arithmetic
90,10,73.95999908447266,78.0,1.6575342465753424,0.0459600019454956,0.2211,0.9482051164675982,-0.053184432549349986,0.28465577409570914,0.9266491377910224,10,G9Q6C 78 Comdty,arithmetic
90,11,73.55999755859375,78.0,1.6493150684931508,0.0461800003051757,0.21739999999999998,0.943076891776843,-0.058607460142790196,0.27919738939785116,0.9266629512960581,11,G9Q6C 78 Comdty,arithmetic
90,12,73.31999969482422,78.0,1.643835616438356,0.0469299983978271,0.2227,0.93999999608749,-0.06187540788033219,0.28552846462233683,0.9257554215251036,12,G9Q6C 78 Comdty,arithmetic
90,13,75.44000244140625,78.0,1.6054794520547946,0.0459899997711181,0.20739999999999997,0.9671795184795673,-0.033371156002165274,0.26279138744462016,0.9288240088298473,13,G9Q6C 78 Comdty,arithmetic
90,14,73.16999816894531,78.0,1.5917808219178082,0.0452799987792968,0.1934,0.938076899601863,-0.06392335081831771,0.24400465052832918,0.9304603329107698,14,G9Q6C 78 Comdty,arithmetic
91,0,70.08000183105469,80.0,1.704109589041096,0.0438500022888183,0.2482,0.8760000228881836,-0.13238916191768252,0.3240041234305514,0.9279984565666124,0,G9Q6C 80 Comdty,arithmetic
91,1,70.58000183105469,80.0,1.7013698630136986,0.0449399995803833,0.2446,0.8822500228881835,-0.1252797904837899,0.31904784868954167,0.9263903758967,1,G9Q6C 80 Comdty,arithmetic
91,2,69.91000366210938,80.0,1.6986301369863013,0.0457000017166137,0.24789999999999998,0.8738750457763672,-0.13481788176679113,0.3230918025526372,0.925309132340594,2,G9Q6C 80 Comdty,arithmetic
91,3,69.45999908447266,80.0,1.695890410958904,0.0452400016784668,0.2491,0.8682499885559082,-0.14127560053859506,0.3243938557852674,0.9261472080093837,3,G9Q6C 80 Comdty,arithmetic
91,4,69.23999786376953,80.0,1.6876712328767125,0.0459899997711181,0.25170000000000003,0.8654999732971191,-0.14444793521842222,0.32698447971211536,0.9253196814452692,4,G9Q6C 80 Comdty,arithmetic
91,5,70.0999984741211,80.0,1.6849315068493151,0.0459100008010864,0.2509,0.8762499809265136,-0.1321038624005116,0.32568052313683876,0.9255610296111034,5,G9Q6C 80 Comdty,arithmetic
91,6,69.62000274658203,80.0,1.6794520547945206,0.045789999961853,0.2457,0.8702500343322754,-0.1389747128395405,0.31841165898148655,0.9259804938404211,6,G9Q6C 80 Comdty,arithmetic
91,7,70.5999984741211,80.0,1.6767123287671233,0.0461899995803833,0.237,0.8824999809265137,-0.12499651178770108,0.3068863874376323,0.9254757570360517,7,G9Q6C 80 Comdty,arithmetic
91,8,70.98999786376953,80.0,1.6684931506849314,0.0454500007629394,0.237,0.8873749732971191,-0.11948764271457896,0.3061332908731455,0.9269709839123568,8,G9Q6C 80 Comdty,arithmetic
91,9,73.12999725341797,80.0,1.6602739726027398,0.0457499980926513,0.2253,0.9141249656677246,-0.08978799294855061,0.2903026976691271,0.9268555682786677,9,G9Q6C 80 Comdty,arithmetic
91,10,73.95999908447266,80.0,1.6575342465753424,0.0459600019454956,0.2211,0.9244999885559082,-0.0785022405336399,0.28465577409570914,0.9266491377910224,10,G9Q6C 80 Comdty,arithmetic
91,11,73.55999755859375,80.0,1.6493150684931508,0.0461800003051757,0.21739999999999998,0.9194999694824219,-0.0839252681270801,0.27919738939785116,0.9266629512960581,11,G9Q6C 80 Comdty,arithmetic
91,12,73.31999969482422,80.0,1.643835616438356,0.0469299983978271,0.2227,0.9164999961853028,-0.08719321586462203,0.28552846462233683,0.9257554215251036,12,G9Q6C 80 Comdty,arithmetic
91,13,75.44000244140625,80.0,1.6054794520547946,0.0459899997711181,0.20739999999999997,0.9430000305175781,-0.05868896398645518,0.26279138744462016,0.9288240088298473,13,G9Q6C 80 Comdty,arithmetic
91,14,73.16999816894531,80.0,1.5917808219178082,0.0452799987792968,0.1934,0.9146249771118165,-0.08924115880260758,0.24400465052832918,0.9304603329107698,14,G9Q6C 80 Comdty,arithmetic
92,0,70.08000183105469,70.0,1.7863013698630137,0.0438500022888183,0.2482,1.0011428833007812,0.0011422307068400424,0.33172571802620304,0.9246598681895262,0,G9U6C 70 Comdty,arithmetic
92,1,70.58000183105469,70.0,1.7835616438356163,0.0449399995803833,0.2446,1.0082857404436385,0.008251602140732877,0.32666342764212847,0.9229748808540986,1,G9U6C 70 Comdty,arithmetic
92,2,69.91000366210938,70.0,1.7808219178082192,0.0457000017166137,0.24789999999999998,0.9987143380301339,-0.0012864891422685824,0.33081620316117016,0.9218400383260141,2,G9U6C 70 Comdty,arithmetic
92,3,69.45999908447266,70.0,1.7780821917808218,0.0452400016784668,0.2491,0.9922857012067522,-0.007744207914072442,0.33216176818919924,0.9227098573093567,3,G9U6C 70 Comdty,arithmetic
92,4,69.23999786376953,70.0,1.7698630136986302,0.0459899997711181,0.25170000000000003,0.989142826625279,-0.010916542593899663,0.3348521118671911,0.9218285754140385,4,G9U6C 70 Comdty,arithmetic
92,5,70.0999984741211,70.0,1.7671232876712328,0.0459100008010864,0.2509,1.0014285496303013,0.0014275302240109727,0.33352937251277753,0.9220750758672918,5,G9U6C 70 Comdty,arithmetic
92,6,69.62000274658203,70.0,1.7616438356164383,0.045789999961853,0.2457,0.9945714678083147,-0.005443320215017923,0.32611007079508075,0.9225020589316892,6,G9U6C 70 Comdty,arithmetic
92,7,70.5999984741211,70.0,1.7589041095890412,0.0461899995803833,0.237,1.0085714067731584,0.008534880836821395,0.31431812695342093,0.9219689063893527,7,G9U6C 70 Comdty,arithmetic
92,8,70.98999786376953,70.0,1.7506849315068491,0.0454500007629394,0.237,1.014142826625279,0.01404374990994367,0.31358287886587205,0.9235146356240915,8,G9U6C 70 Comdty,arithmetic
92,9,73.12999725341797,70.0,1.7424657534246577,0.0457499980926513,0.2253,1.0447142464773995,0.04374339967597199,0.2974016114040968,0.923376882059513,9,G9U6C 70 Comdty,arithmetic
92,10,73.95999908447266,70.0,1.7397260273972603,0.0459600019454956,0.2211,1.0565714154924666,0.055029152090882785,0.29162796880920183,0.9231552920063099,10,G9U6C 70 Comdty,arithmetic
92,11,73.55999755859375,70.0,1.7315068493150685,0.0461800003051757,0.21739999999999998,1.0508571079799107,0.04960612449744256,0.2860695591242351,0.9231523607843002,11,G9U6C 70 Comdty,arithmetic
92,12,73.31999969482422,70.0,1.726027397260274,0.0469299983978271,0.2227,1.0474285670689174,0.04633817675990057,0.2925796119265122,0.9221914200953816,12,G9U6C 70 Comdty,arithmetic
92,13,75.44000244140625,70.0,1.6876712328767125,0.0459899997711181,0.20739999999999997,1.0777143205915178,0.07484242863806748,0.26943417199957376,0.9253196814452692,13,G9U6C 70 Comdty,arithmetic
92,14,73.16999816894531,70.0,1.673972602739726,0.0452799987792968,0.1934,1.04528568812779,0.04429023382191491,0.2502249681485273,0.9270039267874093,14,G9U6C 70 Comdty,arithmetic
93,0,70.08000183105469,70.85,1.7863013698630137,0.0438500022888183,0.2482,0.9891319947925856,-0.010927493380490266,0.33172571802620304,0.9246598681895262,0,G9U6C 70.85 Comdty,arithmetic
93,1,70.58000183105469,70.85,1.7835616438356163,0.0449399995803833,0.2446,0.9961891578130514,-0.003818121946597629,0.32666342764212847,0.9229748808540986,1,G9U6C 70.85 Comdty,arithmetic
93,2,69.91000366210938,70.85,1.7808219178082192,0.0457000017166137,0.24789999999999998,0.9867325852097302,-0.013356213229598872,0.33081620316117016,0.9218400383260141,2,G9U6C 70.85 Comdty,arithmetic
93,3,69.45999908447266,70.85,1.7780821917808218,0.0452400016784668,0.2491,0.9803810738810538,-0.0198139320014028,0.33216176818919924,0.9227098573093567,3,G9U6C 70.85 Comdty,arithmetic
93,4,69.23999786376953,70.85,1.7698630136986302,0.0459899997711181,0.25170000000000003,0.9772759049226469,-0.02298626668123001,0.3348521118671911,0.9218285754140385,4,G9U6C 70.85 Comdty,arithmetic
93,5,70.0999984741211,70.85,1.7671232876712328,0.0459100008010864,0.2509,0.989414233932549,-0.010642193863319344,0.33352937251277753,0.9220750758672918,5,G9U6C 70.85 Comdty,arithmetic
93,6,69.62000274658203,70.85,1.7616438356164383,0.045789999961853,0.2457,0.9826394177358085,-0.017513044302348325,0.32611007079508075,0.9225020589316892,6,G9U6C 70.85 Comdty,arithmetic
93,7,70.5999984741211,70.85,1.7589041095890412,0.0461899995803833,0.237,0.9964713969530148,-0.003534843250508896,0.31431812695342093,0.9219689063893527,7,G9U6C 70.85 Comdty,arithmetic
93,8,70.98999786376953,70.85,1.7506849315068491,0.0454500007629394,0.237,1.0019759754942772,0.001974025822613353,0.31358287886587205,0.9235146356240915,8,G9U6C 70.85 Comdty,arithmetic
93,9,73.12999725341797,70.85,1.7424657534246577,0.0457499980926513,0.2253,1.0321806246071696,0.031673675588641564,0.2974016114040968,0.923376882059513,9,G9U6C 70.85 Comdty,arithmetic
93,10,73.95999908447266,70.85,1.7397260273972603,0.0459600019454956,0.2211,1.0438955410652457,0.04295942800355232,0.29162796880920183,0.9231552920063099,10,G9U6C 70.85 Comdty,arithmetic
93,11,73.55999755859375,70.85,1.7315068493150685,0.0461800003051757,0.21739999999999998,1.0382497891121207,0.037536400410112164,0.2860695591242351,0.9231523607843002,11,G9U6C 70.85 Comdty,arithmetic
93,12,73.31999969482422,70.85,1.726027397260274,0.0469299983978271,0.2227,1.0348623810137505,0.03426845267257017,0.2925796119265122,0.9221914200953816,12,G9U6C 70.85 Comdty,arithmetic
93,13,75.44000244140625,70.85,1.6876712328767125,0.0459899997711181,0.20739999999999997,1.0647847909866797,0.0627727045507371,0.26943417199957376,0.9253196814452692,13,G9U6C 70.85 Comdty,arithmetic
93,14,73.16999816894531,70.85,1.673972602739726,0.0452799987792968,0.1934,1.0327452105708583,0.03222050973458454,0.2502249681485273,0.9270039267874093,14,G9U6C 70.85 Comdty,arithmetic
94,0,70.08000183105469,71.1,1.7863013698630137,0.0438500022888183,0.2482,0.9856540341920491,-0.01444986405299601,0.33172571802620304,0.9246598681895262,0,G9U6C 71.1 Comdty,arithmetic
94,1,70.58000183105469,71.1,1.7835616438356163,0.0449399995803833,0.2446,0.9926863829965499,-0.007340492619103311,0.32666342764212847,0.9229748808540986,1,G9U6C 71.1 Comdty,arithmetic
94,2,69.91000366210938,71.1,1.7808219178082192,0.0457000017166137,0.24789999999999998,0.9832630613517493,-0.01687858390210468,0.33081620316117016,0.9218400383260141,2,G9U6C 71.1 Comdty,arithmetic
94,3,69.45999908447266,71.1,1.7780821917808218,0.0452400016784668,0.2491,0.9769338830446225,-0.02333630267390858,0.33216176818919924,0.9227098573093567,3,G9U6C 71.1 Comdty,arithmetic
94,4,69.23999786376953,71.1,1.7698630136986302,0.0459899997711181,0.25170000000000003,0.9738396324018219,-0.026508637353735712,0.3348521118671911,0.9218285754140385,4,G9U6C 71.1 Comdty,arithmetic
94,5,70.0999984741211,71.1,1.7671232876712328,0.0459100008010864,0.2509,0.9859352809299733,-0.014164564535825047,0.33352937251277753,0.9220750758672918,5,G9U6C 71.1 Comdty,arithmetic
94,6,69.62000274658203,71.1,1.7616438356164383,0.045789999961853,0.2457,0.9791842861685237,-0.021035414974854064,0.32611007079508075,0.9225020589316892,6,G9U6C 71.1 Comdty,arithmetic
94,7,70.5999984741211,71.1,1.7589041095890412,0.0461899995803833,0.237,0.9929676297344739,-0.0070572139230146505,0.31431812695342093,0.9219689063893527,7,G9U6C 71.1 Comdty,arithmetic
94,8,70.98999786376953,71.1,1.7506849315068491,0.0454500007629394,0.237,0.9984528532175744,-0.0015483448498924118,0.31358287886587205,0.9235146356240915,8,G9U6C 71.1 Comdty,arithmetic
94,9,73.12999725341797,71.1,1.7424657534246577,0.0457499980926513,0.2253,1.0285512975164273,0.02815130491613595,0.2974016114040968,0.923376882059513,9,G9U6C 71.1 Comdty,arithmetic
94,10,73.95999908447266,71.1,1.7397260273972603,0.0459600019454956,0.2211,1.0402250222851288,0.03943705733104655,0.29162796880920183,0.9231552920063099,10,G9U6C 71.1 Comdty,arithmetic
94,11,73.55999755859375,71.1,1.7315068493150685,0.0461800003051757,0.21739999999999998,1.0345991217805028,0.03401402973760638,0.2860695591242351,0.9231523607843002,11,G9U6C 71.1 Comdty,arithmetic
94,12,73.31999969482422,71.1,1.726027397260274,0.0469299983978271,0.2227,1.031223624399778,0.030746082000064425,0.2925796119265122,0.9221914200953816,12,G9U6C 71.1 Comdty,arithmetic
94,13,75.44000244140625,71.1,1.6876712328767125,0.0459899997711181,0.20739999999999997,1.0610408219607068,0.05925033387823135,0.26943417199957376,0.9253196814452692,13,G9U6C 71.1 Comdty,arithmetic
94,14,73.16999816894531,71.1,1.673972602739726,0.0452799987792968,0.1934,1.0291138982974024,0.028698139062078774,0.2502249681485273,0.9270039267874093,14,G9U6C 71.1 Comdty,arithmetic
95,0,70.08000183105469,72.67,1.7863013698630137,0.0438500022888183,0.2482,0.9643594582503741,-0.03629117187234547,0.33172571802620304,0.9246598681895262,0,G9U6C 72.67 Comdty,arithmetic
95,1,70.58000183105469,72.67,1.7835616438356163,0.0449399995803833,0.2446,0.9712398765798085,-0.029181800438452844,0.32666342764212847,0.9229748808540986,1,G9U6C 72.67 Comdty,arithmetic
95,2,69.91000366210938,72.67,1.7808219178082192,0.0457000017166137,0.24789999999999998,0.9620201412152108,-0.03871989172145411,0.33081620316117016,0.9218400383260141,2,G9U6C 72.67 Comdty,arithmetic
95,3,69.45999908447266,72.67,1.7780821917808218,0.0452400016784668,0.2491,0.9558277017266087,-0.045177610493257976,0.33216176818919924,0.9227098573093567,3,G9U6C 72.67 Comdty,arithmetic
95,4,69.23999786376953,72.67,1.7698630136986302,0.0459899997711181,0.25170000000000003,0.9528003008637612,-0.048349945173085204,0.3348521118671911,0.9218285754140385,4,G9U6C 72.67 Comdty,arithmetic
95,5,70.0999984741211,72.67,1.7671232876712328,0.0459100008010864,0.2509,0.9646346287893366,-0.03600587235517454,0.33352937251277753,0.9220750758672918,5,G9U6C 72.67 Comdty,arithmetic
95,6,69.62000274658203,72.67,1.7616438356164383,0.045789999961853,0.2457,0.9580294859857167,-0.04287672279420346,0.32611007079508075,0.9225020589316892,6,G9U6C 72.67 Comdty,arithmetic
95,7,70.5999984741211,72.67,1.7589041095890412,0.0461899995803833,0.237,0.971515047118771,-0.028898521742364097,0.31431812695342093,0.9219689063893527,7,G9U6C 72.67 Comdty,arithmetic
95,8,70.98999786376953,72.67,1.7506849315068491,0.0454500007629394,0.237,0.9768817650167817,-0.023389652669241916,0.31358287886587205,0.9235146356240915,8,G9U6C 72.67 Comdty,arithmetic
95,9,73.12999725341797,72.67,1.7424657534246577,0.0457499980926513,0.2253,1.0063299470678129,0.006309997096786372,0.2974016114040968,0.923376882059513,9,G9U6C 72.67 Comdty,arithmetic
95,10,73.95999908447266,72.67,1.7397260273972603,0.0459600019454956,0.2211,1.0177514666915186,0.017595749511697203,0.29162796880920183,0.9231552920063099,10,G9U6C 72.67 Comdty,arithmetic
95,11,73.55999755859375,72.67,1.7315068493150685,0.0461800003051757,0.21739999999999998,1.0122471110306006,0.012172721918256971,0.2860695591242351,0.9231523607843002,11,G9U6C 72.67 Comdty,arithmetic
95,12,73.31999969482422,72.67,1.726027397260274,0.0469299983978271,0.2227,1.0089445396287906,0.008904774180714958,0.2925796119265122,0.9221914200953816,12,G9U6C 72.67 Comdty,arithmetic
95,13,75.44000244140625,72.67,1.6876712328767125,0.0459899997711181,0.20739999999999997,1.0381175511408594,0.03740902605888194,0.26943417199957376,0.9253196814452692,13,G9U6C 72.67 Comdty,arithmetic
95,14,73.16999816894531,72.67,1.673972602739726,0.0452799987792968,0.1934,1.00688039313259,0.006856831242729528,0.2502249681485273,0.9270039267874093,14,G9U6C 72.67 Comdty,arithmetic
96,0,70.08000183105469,73.8,1.7863013698630137,0.0438500022888183,0.2482,0.9495935207459986,-0.05172125885022759,0.33172571802620304,0.9246598681895262,0,G9U6C 73.8 Comdty,arithmetic
96,1,70.58000183105469,73.8,1.7835616438356163,0.0449399995803833,0.2446,0.956368588496676,-0.04461188741633498,0.32666342764212847,0.9229748808540986,1,G9U6C 73.8 Comdty,arithmetic
96,2,69.91000366210938,73.8,1.7808219178082192,0.0457000017166137,0.24789999999999998,0.9472900225218073,-0.054149978699336326,0.33081620316117016,0.9218400383260141,2,G9U6C 73.8 Comdty,arithmetic
96,3,69.45999908447266,73.8,1.7780821917808218,0.0452400016784668,0.2491,0.9411923995185997,-0.060607697471140226,0.33216176818919924,0.9227098573093567,3,G9U6C 73.8 Comdty,arithmetic
96,4,69.23999786376953,73.8,1.7698630136986302,0.0459899997711181,0.25170000000000003,0.9382113531676088,-0.06378003215096742,0.3348521118671911,0.9218285754140385,4,G9U6C 73.8 Comdty,arithmetic
96,5,70.0999984741211,73.8,1.7671232876712328,0.0459100008010864,0.2509,0.9498644779691205,-0.051435959333056724,0.33352937251277753,0.9220750758672918,5,G9U6C 73.8 Comdty,arithmetic
96,6,69.62000274658203,73.8,1.7616438356164383,0.045789999961853,0.2457,0.9433604708208948,-0.058306809772085674,0.32611007079508075,0.9225020589316892,6,G9U6C 73.8 Comdty,arithmetic
96,7,70.5999984741211,73.8,1.7589041095890412,0.0461899995803833,0.237,0.956639545719798,-0.044328608720246306,0.31431812695342093,0.9219689063893527,7,G9U6C 73.8 Comdty,arithmetic
96,8,70.98999786376953,73.8,1.7506849315068491,0.0454500007629394,0.237,0.9619240902949802,-0.03881973964712406,0.31358287886587205,0.9235146356240915,8,G9U6C 73.8 Comdty,arithmetic
96,9,73.12999725341797,73.8,1.7424657534246577,0.0457499980926513,0.2253,0.9909213719975335,-0.009120089881095767,0.2974016114040968,0.923376882059513,9,G9U6C 73.8 Comdty,arithmetic
96,10,73.95999908447266,73.8,1.7397260273972603,0.0459600019454956,0.2211,1.0021680092746972,0.0021656625338148383,0.29162796880920183,0.9231552920063099,10,G9U6C 73.8 Comdty,arithmetic
96,11,73.55999755859375,73.8,1.7315068493150685,0.0461800003051757,0.21739999999999998,0.9967479343982893,-0.0032573650596252127,0.2860695591242351,0.9231523607843002,11,G9U6C 73.8 Comdty,arithmetic
96,12,73.31999969482422,73.8,1.726027397260274,0.0469299983978271,0.2227,0.9934959308241764,-0.006525312797167239,0.2925796119265122,0.9221914200953816,12,G9U6C 73.8 Comdty,arithmetic
96,13,75.44000244140625,73.8,1.6876712328767125,0.0459899997711181,0.20739999999999997,1.0222222553036078,0.02197893908099972,0.26943417199957376,0.9253196814452692,13,G9U6C 73.8 Comdty,arithmetic
96,14,73.16999816894531,73.8,1.673972602739726,0.0452799987792968,0.1934,0.9914633898231072,-0.008573255735152822,0.2502249681485273,0.9270039267874093,14,G9U6C 73.8 Comdty,arithmetic
97,0,70.08000183105469,78.0,1.7863013698630137,0.0438500022888183,0.2482,0.8984615619365985,-0.10707135393339262,0.33172571802620304,0.9246598681895262,0,G9U6C 78 Comdty,arithmetic
97,1,70.58000183105469,78.0,1.7835616438356163,0.0449399995803833,0.2446,0.9048718183468549,-0.09996198249950003,0.32666342764212847,0.9229748808540986,1,G9U6C 78 Comdty,arithmetic
97,2,69.91000366210938,78.0,1.7808219178082192,0.0457000017166137,0.24789999999999998,0.8962820982321714,-0.10950007378250133,0.33081620316117016,0.9218400383260141,2,G9U6C 78 Comdty,arithmetic
97,3,69.45999908447266,78.0,1.7780821917808218,0.0452400016784668,0.2491,0.8905128087752905,-0.11595779255430512,0.33216176818919924,0.9227098573093567,3,G9U6C 78 Comdty,arithmetic
97,4,69.23999786376953,78.0,1.7698630136986302,0.0459899997711181,0.25170000000000003,0.8876922803047376,-0.11913012723413237,0.3348521118671911,0.9218285754140385,4,G9U6C 78 Comdty,arithmetic
97,5,70.0999984741211,78.0,1.7671232876712328,0.0459100008010864,0.2509,0.8987179291553986,-0.10678605441622173,0.33352937251277753,0.9220750758672918,5,G9U6C 78 Comdty,arithmetic
97,6,69.62000274658203,78.0,1.7616438356164383,0.045789999961853,0.2457,0.8925641377766927,-0.11365690485525065,0.32611007079508075,0.9225020589316892,6,G9U6C 78 Comdty,arithmetic
97,7,70.5999984741211,78.0,1.7589041095890412,0.0461899995803833,0.237,0.905128185565655,-0.0996787038034113,0.31431812695342093,0.9219689063893527,7,G9U6C 78 Comdty,arithmetic
97,8,70.98999786376953,78.0,1.7506849315068491,0.0454500007629394,0.237,0.910128177740635,-0.09416983473028903,0.31358287886587205,0.9235146356240915,8,G9U6C 78 Comdty,arithmetic
97,9,73.12999725341797,78.0,1.7424657534246577,0.0457499980926513,0.2253,0.9375640673515124,-0.06447018496426073,0.2974016114040968,0.923376882059513,9,G9U6C 78 Comdty,arithmetic
97,10,73.95999908447266,78.0,1.7397260273972603,0.0459600019454956,0.2211,0.9482051164675982,-0.053184432549349986,0.29162796880920183,0.9231552920063099,10,G9U6C 78 Comdty,arithmetic
97,11,73.55999755859375,78.0,1.7315068493150685,0.0461800003051757,0.21739999999999998,0.943076891776843,-0.058607460142790196,0.2860695591242351,0.9231523607843002,11,G9U6C 78 Comdty,arithmetic
97,12,73.31999969482422,78.0,1.726027397260274,0.0469299983978271,0.2227,0.93999999608749,-0.06187540788033219,0.2925796119265122,0.9221914200953816,12,G9U6C 78 Comdty,arithmetic
97,13,75.44000244140625,78.0,1.6876712328767125,0.0459899997711181,0.20739999999999997,0.9671795184795673,-0.033371156002165274,0.26943417199957376,0.9253196814452692,13,G9U6C 78 Comdty,arithmetic
97,14,73.16999816894531,78.0,1.673972602739726,0.0452799987792968,0.1934,0.938076899601863,-0.06392335081831771,0.2502249681485273,0.9270039267874093,14,G9U6C 78 Comdty,arithmetic
98,0,70.08000183105469,70.0,2.786301369863014,0.0438500022888183,0.2482,1.0011428833007812,0.0011422307068400424,0.4143008472112989,0.8849896566480574,0,G9U7C 70 Comdty,arithmetic
98,1,70.58000183105469,70.0,2.783561643835617,0.0449399995803833,0.2446,1.0082857404436385,0.008251602140732877,0.408090866056696,0.8824146055499958,1,G9U7C 70 Comdty,arithmetic
98,2,69.91000366210938,70.0,2.780821917808219,0.0457000017166137,0.24789999999999998,0.9987143380301339,-0.0012864891422685824,0.4133929973692982,0.8806600759145741,2,G9U7C 70 Comdty,arithmetic
98,3,69.45999908447266,70.0,2.778082191780822,0.0452400016784668,0.2491,0.9922857012067522,-0.007744207914072442,0.4151894149018919,0.8818966179807645,3,G9U7C 70 Comdty,arithmetic
98,4,69.23999786376953,70.0,2.76986301369863,0.0459899997711181,0.25170000000000003,0.989142826625279,-0.010916542593899663,0.4189019298379012,0.8803937755621348,4,G9U7C 70 Comdty,arithmetic
98,5,70.0999984741211,70.0,2.767123287671233,0.0459100008010864,0.2509,1.0014285496303013,0.0014275302240109727,0.41736393271192845,0.8806996484396303,5,G9U7C 70 Comdty,arithmetic
98,6,69.62000274658203,70.0,2.7616438356164386,0.045789999961853,0.2457,0.9945714678083147,-0.005443320215017923,0.40830903525880075,0.8812132118658039,6,G9U7C 70 Comdty,arithmetic
98,7,70.5999984741211,70.0,2.758904109589041,0.0461899995803833,0.237,1.0085714067731584,0.008534880836821395,0.3936557949929187,0.8803517110899333,7,G9U7C 70 Comdty,arithmetic
98,8,70.98999786376953,70.0,2.750684931506849,0.0454500007629394,0.237,1.014142826625279,0.01404374990994367,0.39306897857476386,0.8824804598475801,8,G9U7C 70 Comdty,arithmetic
98,9,73.12999725341797,70.0,2.7424657534246575,0.0457499980926513,0.2253,1.0447142464773995,0.04374339967597199,0.3731056264193203,0.8820841644439606,9,G9U7C 70 Comdty,arithmetic
98,10,73.95999908447266,70.0,2.73972602739726,0.0459600019454956,0.2211,1.0565714154924666,0.055029152090882785,0.3659673239399671,0.8816873065561199,10,G9U7C 70 Comdty,arithmetic
98,11,73.55999755859375,70.0,2.7315068493150685,0.0461800003051757,0.21739999999999998,1.0508571079799107,0.04960612449744256,0.3593028703719666,0.8814905591937119,11,G9U7C 70 Comdty,arithmetic
98,12,73.31999969482422,70.0,2.7260273972602738,0.0469299983978271,0.2227,1.0474285670689174,0.04633817675990057,0.36769296881374885,0.8799128052292751,12,G9U7C 70 Comdty,arithmetic
98,13,75.44000244140625,70.0,2.6876712328767125,0.0459899997711181,0.20739999999999997,1.0777143205915178,0.07484242863806748,0.34001401888906857,0.8837279616588746,13,G9U7C 70 Comdty,arithmetic
98,14,73.16999816894531,70.0,2.673972602739726,0.0452799987792968,0.1934,1.04528568812779,0.04429023382191491,0.3162532129242824,0.8859653157184789,14,G9U7C 70 Comdty,arithmetic
99,0,70.08000183105469,71.1,2.786301369863014,0.0438500022888183,0.2482,0.9856540341920491,-0.01444986405299601,0.4143008472112989,0.8849896566480574,0,G9U7C 71.1 Comdty,arithmetic
99,1,70.58000183105469,71.1,2.783561643835617,0.0449399995803833,0.2446,0.9926863829965499,-0.007340492619103311,0.408090866056696,0.8824146055499958,1,G9U7C 71.1 Comdty,arithmetic
99,2,69.91000366210938,71.1,2.780821917808219,0.0457000017166137,0.24789999999999998,0.9832630613517493,-0.01687858390210468,0.4133929973692982,0.8806600759145741,2,G9U7C 71.1 Comdty,arithmetic
99,3,69.45999908447266,71.1,2.778082191780822,0.0452400016784668,0.2491,0.9769338830446225,-0.02333630267390858,0.4151894149018919,0.8818966179807645,3,G9U7C 71.1 Comdty,arithmetic
99,4,69.23999786376953,71.1,2.76986301369863,0.0459899997711181,0.25170000000000003,0.9738396324018219,-0.026508637353735712,0.4189019298379012,0.8803937755621348,4,G9U7C 71.1 Comdty,arithmetic
99,5,70.0999984741211,71.1,2.767123287671233,0.0459100008010864,0.2509,0.9859352809299733,-0.014164564535825047,0.41736393271192845,0.8806996484396303,5,G9U7C 71.1 Comdty,arithmetic
99,6,69.62000274658203,71.1,2.7616438356164386,0.045789999961853,0.2457,0.9791842861685237,-0.021035414974854064,0.40830903525880075,0.8812132118658039,6,G9U7C 71.1 Comdty,arithmetic
99,7,70.5999984741211,71.1,2.758904109589041,0.0461899995803833,0.237,0.9929676297344739,-0.0070572139230146505,0.3936557949929187,0.8803517110899333,7,G9U7C 71.1 Comdty,arithmetic
99,8,70.98999786376953,71.1,2.750684931506849,0.0454500007629394,0.237,0.9984528532175744,-0.0015483448498924118,0.39306897857476386,0.8824804598475801,8,G9U7C 71.1 Comdty,arithmetic
99,9,73.12999725341797,71.1,2.7424657534246575,0.0457499980926513,0.2253,1.0285512975164273,0.02815130491613595,0.3731056264193203,0.8820841644439606,9,G9U7C 71.1 Comdty,arithmetic
99,10,73.95999908447266,71.1,2.73972602739726,0.0459600019454956,0.2211,1.0402250222851288,0.03943705733104655,0.3659673239399671,0.8816873065561199,10,G9U7C 71.1 Comdty,arithmetic
99,11,73.55999755859375,71.1,2.7315068493150685,0.0461800003051757,0.21739999999999998,1.0345991217805028,0.03401402973760638,0.3593028703719666,0.8814905591937119,11,G9U7C 71.1 Comdty,arithmetic
99,12,73.31999969482422,71.1,2.7260273972602738,0.0469299983978271,0.2227,1.031223624399778,0.030746082000064425,0.36769296881374885,0.8799128052292751,12,G9U7C 71.1 Comdty,arithmetic
99,13,75.44000244140625,71.1,2.6876712328767125,0.0459899997711181,0.20739999999999997,1.0610408219607068,0.05925033387823135,0.34001401888906857,0.8837279616588746,13,G9U7C 71.1 Comdty,arithmetic
99,14,73.16999816894531,71.1,2.673972602739726,0.0452799987792968,0.1934,1.0291138982974024,0.028698139062078774,0.3162532129242824,0.8859653157184789,14,G9U7C 71.1 Comdty,arithmetic
100,0,70.08000183105469,69.5,1.8684931506849316,0.0438500022888183,0.2482,1.0083453500871178,0.008310720185452654,0.3392716197974714,0.9213332907940022,0,G9V6C 69.5 Comdty,arithmetic
100,1,70.58000183105469,69.5,1.8657534246575345,0.0449399995803833,0.2446,1.0155395946914343,0.015420091619345249,0.334105462637748,0.9195719783499018,1,G9V6C 69.5 Comdty,arithmetic
100,2,69.91000366210938,69.5,1.8630136986301369,0.0457000017166137,0.24789999999999998,1.0058993332677608,0.005882000336344045,0.3383643120531964,0.9183839503575885,2,G9V6C 69.5 Comdty,arithmetic
100,3,69.45999908447266,69.5,1.8602739726027395,0.0452400016784668,0.2491,0.9994244472585994,-0.0005757184354598724,0.33975212555908724,0.9192852641706902,3,G9V6C 69.5 Comdty,arithmetic
100,4,69.23999786376953,69.5,1.852054794520548,0.0459899997711181,0.25170000000000003,0.9962589620686263,-0.003748053115287125,0.34253908342148776,0.9183506408537769,4,G9V6C 69.5 Comdty,arithmetic
100,5,70.0999984741211,69.5,1.8493150684931507,0.0459100008010864,0.2509,1.0086330715700877,0.00859601970262366,0.34119771615127986,0.9186022513209239,5,G9V6C 69.5 Comdty,arithmetic
100,6,69.62000274658203,69.5,1.8438356164383565,0.045789999961853,0.2457,1.001726658224202,0.0017251692635946517,0.3336308918139967,0.9190366907230605,6,G9V6C 69.5 Comdty,arithmetic
100,7,70.5999984741211,69.5,1.841095890410959,0.0461899995803833,0.237,1.0158273161744042,0.015703370315434066,0.32157816323328475,0.9184753440447673,7,G9V6C 69.5 Comdty,arithmetic
100,8,70.98999786376953,69.5,1.832876712328767,0.0454500007629394,0.237,1.0214388181837342,0.021212239388556136,0.32085955191453236,0.9200711748411496,8,G9V6C 69.5 Comdty,arithmetic
100,9,73.12999725341797,69.5,1.8246575342465752,0.0457499980926513,0.2253,1.0522301763081723,0.050911889154584625,0.3043349809955047,0.9199112520901404,9,G9V6C 69.5 Comdty,arithmetic
100,10,73.95999908447266,69.5,1.821917808219178,0.0459600019454956,0.2211,1.0641726486974483,0.062197641569495296,0.29843732115393046,0.9196746194474381,10,G9V6C 69.5 Comdty,arithmetic
100,11,73.55999755859375,69.5,1.8136986301369864,0.0461800003051757,0.21739999999999998,1.0584172310589028,0.05677461397605507,0.29278046906939187,0.9196550698716294,11,G9V6C 69.5 Comdty,arithmetic
100,12,73.31999969482422,69.5,1.8082191780821917,0.0469299983978271,0.2227,1.05496402438596,0.053506666238513065,0.29946478010034494,0.9186411394669595,12,G9V6C 69.5 Comdty,arithmetic
100,13,75.44000244140625,69.5,1.7698630136986302,0.0459899997711181,0.20739999999999997,1.085467661027428,0.08201091811668006,0.2759170758889766,0.9218285754140385,13,G9V6C 69.5 Comdty,arithmetic
100,14,73.16999816894531,69.5,1.7561643835616438,0.0452799987792968,0.1934,1.052805729049573,0.051458723300527615,0.2562943617998862,0.9235603602692065,14,G9V6C 69.5 Comdty,arithmetic
101,0,70.08000183105469,71.85,1.8684931506849316,0.0438500022888183,0.2482,0.9753653699520486,-0.02494313976883476,0.3392716197974714,0.9213332907940022,0,G9V6C 71.85 Comdty,arithmetic
101,1,70.58000183105469,71.85,1.8657534246575345,0.0449399995803833,0.2446,0.982324312192828,-0.017833768334942105,0.334105462637748,0.9195719783499018,1,G9V6C 71.85 Comdty,arithmetic
101,2,69.91000366210938,71.85,1.8630136986301369,0.0457000017166137,0.24789999999999998,0.9729993550745912,-0.027371859617943403,0.3383643120531964,0.9183839503575885,2,G9V6C 71.85 Comdty,arithmetic
101,3,69.45999908447266,71.85,1.8602739726027395,0.0452400016784668,0.2491,0.9667362433468707,-0.0338295783897473,0.33975212555908724,0.9192852641706902,3,G9V6C 71.85 Comdty,arithmetic
101,4,69.23999786376953,71.85,1.852054794520548,0.0459899997711181,0.25170000000000003,0.9636742917713227,-0.0370019130695745,0.34253908342148776,0.9183506408537769,4,G9V6C 71.85 Comdty,arithmetic
101,5,70.0999984741211,71.85,1.8493150684931507,0.0459100008010864,0.2509,0.9756436809202659,-0.024657840251663756,0.34119771615127986,0.9186022513209239,5,G9V6C 71.85 Comdty,arithmetic
101,6,69.62000274658203,71.85,1.8438356164383565,0.045789999961853,0.2457,0.9689631558327354,-0.031528690690692765,0.3336308918139967,0.9190366907230605,6,G9V6C 71.85 Comdty,arithmetic
101,7,70.5999984741211,71.85,1.841095890410959,0.0461899995803833,0.237,0.9826026231610452,-0.017550489638853403,0.32157816323328475,0.9184753440447673,7,G9V6C 71.85 Comdty,arithmetic
101,8,70.98999786376953,71.85,1.832876712328767,0.0454500007629394,0.237,0.9880305896140507,-0.012041620565731128,0.32085955191453236,0.9200711748411496,8,G9V6C 71.85 Comdty,arithmetic
101,9,73.12999725341797,71.85,1.8246575342465752,0.0457499980926513,0.2253,1.017814853909784,0.01765802920029722,0.3043349809955047,0.9199112520901404,9,G9V6C 71.85 Comdty,arithmetic
101,10,73.95999908447266,71.85,1.821917808219178,0.0459600019454956,0.2211,1.0293667235138853,0.028943781615207772,0.29843732115393046,0.9196746194474381,10,G9V6C 71.85 Comdty,arithmetic
101,11,73.55999755859375,71.85,1.8136986301369864,0.0461800003051757,0.21739999999999998,1.0237995484842555,0.023520754021767693,0.29278046906939187,0.9196550698716294,11,G9V6C 71.85 Comdty,arithmetic
101,12,73.31999969482422,71.85,1.8082191780821917,0.0469299983978271,0.2227,1.0204592859404902,0.020252806284225638,0.29946478010034494,0.9186411394669595,12,G9V6C 71.85 Comdty,arithmetic
101,13,75.44000244140625,71.85,1.7698630136986302,0.0459899997711181,0.20739999999999997,1.0499652392680063,0.04875705816239262,0.2759170758889766,0.9218285754140385,13,G9V6C 71.85 Comdty,arithmetic
101,14,73.16999816894531,71.85,1.7561643835616438,0.0452799987792968,0.1934,1.01837158203125,0.01820486334624005,0.2562943617998862,0.9235603602692065,14,G9V6C 71.85 Comdty,arithmetic
102,0,70.08000183105469,72.75,1.8684931506849316,0.0438500022888183,0.2482,0.9632989942413015,-0.03739143329540282,0.3392716197974714,0.9213332907940022,0,G9V6C 72.75 Comdty,arithmetic
102,1,70.58000183105469,72.75,1.8657534246575345,0.0449399995803833,0.2446,0.9701718464749786,-0.0302820618615101,0.334105462637748,0.9195719783499018,1,G9V6C 72.75 Comdty,arithmetic
102,2,69.91000366210938,72.75,1.8630136986301369,0.0457000017166137,0.24789999999999998,0.960962249650988,-0.03982015314451143,0.3383643120531964,0.9183839503575885,2,G9V6C 72.75 Comdty,arithmetic
102,3,69.45999908447266,72.75,1.8602739726027395,0.0452400016784668,0.2491,0.9547766197178372,-0.04627787191631528,0.33975212555908724,0.9192852641706902,3,G9V6C 72.75 Comdty,arithmetic
102,4,69.23999786376953,72.75,1.852054794520548,0.0459899997711181,0.25170000000000003,0.9517525479555949,-0.04945020659614251,0.34253908342148776,0.9183506408537769,4,G9V6C 72.75 Comdty,arithmetic
102,5,70.0999984741211,72.75,1.8493150684931507,0.0459100008010864,0.2509,0.9635738621872315,-0.03710613377823187,0.34119771615127986,0.9186022513209239,5,G9V6C 72.75 Comdty,arithmetic
102,6,69.62000274658203,72.75,1.8438356164383565,0.045789999961853,0.2457,0.956975982770887,-0.04397698421726084,0.3336308918139967,0.9190366907230605,6,G9V6C 72.75 Comdty,arithmetic
102,7,70.5999984741211,72.75,1.841095890410959,0.0461899995803833,0.237,0.9704467144209085,-0.02999878316542145,0.32157816323328475,0.9184753440447673,7,G9V6C 72.75 Comdty,arithmetic
102,8,70.98999786376953,72.75,1.832876712328767,0.0454500007629394,0.237,0.9758075307734644,-0.024489914092299173,0.32085955191453236,0.9200711748411496,8,G9V6C 72.75 Comdty,arithmetic
102,9,73.12999725341797,72.75,1.8246575342465752,0.0457499980926513,0.2253,1.0052233299438895,0.0052097356737290205,0.3043349809955047,0.9199112520901404,9,G9V6C 72.75 Comdty,arithmetic
102,10,73.95999908447266,72.75,1.821917808219178,0.0459600019454956,0.2211,1.01663228982093,0.016495488088639734,0.29843732115393046,0.9196746194474381,10,G9V6C 72.75 Comdty,arithmetic
102,11,73.55999755859375,72.75,1.8136986301369864,0.0461800003051757,0.21739999999999998,1.0111339870597078,0.011072460495199558,0.29278046906939187,0.9196550698716294,11,G9V6C 72.75 Comdty,arithmetic
102,12,73.31999969482422,72.75,1.8082191780821917,0.0469299983978271,0.2227,1.0078350473515356,0.007804512757657627,0.29946478010034494,0.9186411394669595,12,G9V6C 72.75 Comdty,arithmetic
102,13,75.44000244140625,72.75,1.7698630136986302,0.0459899997711181,0.20739999999999997,1.0369759785760309,0.03630876463582451,0.2759170758889766,0.9218285754140385,13,G9V6C 72.75 Comdty,arithmetic
102,14,73.16999816894531,72.75,1.7561643835616438,0.0452799987792968,0.1934,1.005773170707152,0.005756569819672024,0.2562943617998862,0.9235603602692065,14,G9V6C 72.75 Comdty,arithmetic
103,0,70.08000183105469,75.0,1.8684931506849316,0.0438500022888183,0.2482,0.9344000244140624,-0.06785064078011138,0.3392716197974714,0.9213332907940022,0,G9V6C 75 Comdty,arithmetic
103,1,70.58000183105469,75.0,1.8657534246575345,0.0449399995803833,0.2446,0.9410666910807292,-0.06074126934621869,0.334105462637748,0.9195719783499018,1,G9V6C 75 Comdty,arithmetic
103,2,69.91000366210938,75.0,1.8630136986301369,0.0457000017166137,0.24789999999999998,0.9321333821614584,-0.07027936062921995,0.3383643120531964,0.9183839503575885,2,G9V6C 75 Comdty,arithmetic
103,3,69.45999908447266,75.0,1.8602739726027395,0.0452400016784668,0.2491,0.9261333211263021,-0.07673707940102387,0.33975212555908724,0.9192852641706902,3,G9V6C 75 Comdty,arithmetic
103,4,69.23999786376953,75.0,1.852054794520548,0.0459899997711181,0.25170000000000003,0.9231999715169271,-0.07990941408085103,0.34253908342148776,0.9183506408537769,4,G9V6C 75 Comdty,arithmetic
103,5,70.0999984741211,75.0,1.8493150684931507,0.0459100008010864,0.2509,0.9346666463216146,-0.06756534126294042,0.34119771615127986,0.9186022513209239,5,G9V6C 75 Comdty,arithmetic
103,6,69.62000274658203,75.0,1.8438356164383565,0.045789999961853,0.2457,0.9282667032877604,-0.0744361917019694,0.3336308918139967,0.9190366907230605,6,G9V6C 75 Comdty,arithmetic
103,7,70.5999984741211,75.0,1.841095890410959,0.0461899995803833,0.237,0.9413333129882813,-0.060457990650129925,0.32157816323328475,0.9184753440447673,7,G9V6C 75 Comdty,arithmetic
103,8,70.98999786376953,75.0,1.832876712328767,0.0454500007629394,0.237,0.9465333048502604,-0.05494912157700774,0.32085955191453236,0.9200711748411496,8,G9V6C 75 Comdty,arithmetic
103,9,73.12999725341797,75.0,1.8246575342465752,0.0457499980926513,0.2253,0.9750666300455729,-0.025249471810979432,0.3043349809955047,0.9199112520901404,9,G9V6C 75 Comdty,arithmetic
103,10,73.95999908447266,75.0,1.821917808219178,0.0459600019454956,0.2211,0.986133321126302,-0.013963719396068783,0.29843732115393046,0.9196746194474381,10,G9V6C 75 Comdty,arithmetic
103,11,73.55999755859375,75.0,1.8136986301369864,0.0461800003051757,0.21739999999999998,0.9807999674479166,-0.01938674698950892,0.29278046906939187,0.9196550698716294,11,G9V6C 75 Comdty,arithmetic
103,12,73.31999969482422,75.0,1.8082191780821917,0.0469299983978271,0.2227,0.9775999959309896,-0.0226546947270509,0.29946478010034494,0.9186411394669595,12,G9V6C 75 Comdty,arithmetic
103,13,75.44000244140625,75.0,1.7698630136986302,0.0459899997711181,0.20739999999999997,1.00586669921875,0.005849557151115972,0.2759170758889766,0.9218285754140385,13,G9V6C 75 Comdty,arithmetic
103,14,73.16999816894531,75.0,1.7561643835616438,0.0452799987792968,0.1934,0.9755999755859375,-0.024702637665036484,0.2562943617998862,0.9235603602692065,14,G9V6C 75 Comdty,arithmetic
104,0,70.08000183105469,79.5,1.8684931506849316,0.0438500022888183,0.2482,0.8815094569943985,-0.12611954890408716,0.3392716197974714,0.9213332907940022,0,G9V6C 79.5 Comdty,arithmetic
104,1,70.58000183105469,79.5,1.8657534246575345,0.0449399995803833,0.2446,0.8877987651704992,-0.1190101774701945,0.334105462637748,0.9195719783499018,1,G9V6C 79.5 Comdty,arithmetic
104,2,69.91000366210938,79.5,1.8630136986301369,0.0457000017166137,0.24789999999999998,0.8793711152466588,-0.12854826875319578,0.3383643120531964,0.9183839503575885,2,G9V6C 79.5 Comdty,arithmetic
104,3,69.45999908447266,79.5,1.8602739726027395,0.0452400016784668,0.2491,0.8737106803078322,-0.13500598752499962,0.33975212555908724,0.9192852641706902,3,G9V6C 79.5 Comdty,arithmetic
104,4,69.23999786376953,79.5,1.852054794520548,0.0459899997711181,0.25170000000000003,0.8709433693555916,-0.13817832220482684,0.34253908342148776,0.9183506408537769,4,G9V6C 79.5 Comdty,arithmetic
104,5,70.0999984741211,79.5,1.8493150684931507,0.0459100008010864,0.2509,0.8817609870958628,-0.12583424938691617,0.34119771615127986,0.9186022513209239,5,G9V6C 79.5 Comdty,arithmetic
104,6,69.62000274658203,79.5,1.8438356164383565,0.045789999961853,0.2457,0.8757233049884532,-0.1327050998259452,0.3336308918139967,0.9190366907230605,6,G9V6C 79.5 Comdty,arithmetic
104,7,70.5999984741211,79.5,1.841095890410959,0.0461899995803833,0.237,0.8880502952719634,-0.11872689877410574,0.32157816323328475,0.9184753440447673,7,G9V6C 79.5 Comdty,arithmetic
104,8,70.98999786376953,79.5,1.832876712328767,0.0454500007629394,0.237,0.8929559479719438,-0.11321802970098355,0.32085955191453236,0.9200711748411496,8,G9V6C 79.5 Comdty,arithmetic
104,9,73.12999725341797,79.5,1.8246575342465752,0.0457499980926513,0.2253,0.9198741792882763,-0.08351837993495524,0.3043349809955047,0.9199112520901404,9,G9V6C 79.5 Comdty,arithmetic
104,10,73.95999908447266,79.5,1.821917808219178,0.0459600019454956,0.2211,0.9303144538927378,-0.07223262752004452,0.29843732115393046,0.9196746194474381,10,G9V6C 79.5 Comdty,arithmetic
104,11,73.55999755859375,79.5,1.8136986301369864,0.0461800003051757,0.21739999999999998,0.9252829881584119,-0.0776556551134847,0.29278046906939187,0.9196550698716294,11,G9V6C 79.5 Comdty,arithmetic
104,12,73.31999969482422,79.5,1.8082191780821917,0.0469299983978271,0.2227,0.9222641471047072,-0.08092360285102665,0.29946478010034494,0.9186411394669595,12,G9V6C 79.5 Comdty,arithmetic
104,13,75.44000244140625,79.5,1.7698630136986302,0.0459899997711181,0.20739999999999997,0.9489308483195755,-0.05241935097285967,0.2759170758889766,0.9218285754140385,13,G9V6C 79.5 Comdty,arithmetic
104,14,73.16999816894531,79.5,1.7561643835616438,0.0452799987792968,0.1934,0.9203773354584316,-0.08297154578901225,0.2562943617998862,0.9235603602692065,14,G9V6C 79.5 Comdty,arithmetic
105,0,70.08000183105469,75.0,2.8657534246575342,0.0438500022888183,0.2482,0.9344000244140624,-0.06785064078011138,0.4201662718496096,0.8819117415691625,0,G9V7C 75 Comdty,arithmetic
105,1,70.58000183105469,75.0,2.863013698630137,0.0449399995803833,0.2446,0.9410666910807292,-0.06074126934621869,0.4138740202737232,0.8792694960136523,1,G9V7C 75 Comdty,arithmetic
105,2,69.91000366210938,75.0,2.8602739726027395,0.0457000017166137,0.24789999999999998,0.9321333821614584,-0.07027936062921995,0.41925702072196414,0.8774682334816291,2,G9V7C 75 Comdty,arithmetic
105,3,69.45999908447266,75.0,2.8575342465753426,0.0452400016784668,0.2491,0.9261333211263021,-0.07673707940102387,0.42108468815992317,0.8787324091352948,3,G9V7C 75 Comdty,arithmetic
105,4,69.23999786376953,75.0,2.8493150684931505,0.0459899997711181,0.25170000000000003,0.9231999715169271,-0.07990941408085103,0.4248674429861496,0.8771826869538933,4,G9V7C 75 Comdty,arithmetic
105,5,70.0999984741211,75.0,2.8465753424657536,0.0459100008010864,0.2509,0.9346666463216146,-0.06756534126294042,0.42331338690649345,0.8774930216117367,5,G9V7C 75 Comdty,arithmetic
105,6,69.62000274658203,75.0,2.841095890410959,0.045789999961853,0.2457,0.9282667032877604,-0.0744361917019694,0.41414088043721914,0.8780130863657206,6,G9V7C 75 Comdty,arithmetic
105,7,70.5999984741211,75.0,2.8383561643835615,0.0461899995803833,0.237,0.9413333129882813,-0.060457990650129925,0.39928389323545255,0.8771268379014328,7,G9V7C 75 Comdty,arithmetic
105,8,70.98999786376953,75.0,2.83013698630137,0.0454500007629394,0.237,0.9465333048502604,-0.05494912157700774,0.3987053603647205,0.8792994850913565,8,G9V7C 75 Comdty,arithmetic
105,9,73.12999725341797,75.0,2.8219178082191783,0.0457499980926513,0.2253,0.9750666300455729,-0.025249471810979432,0.3784716659378985,0.8788836693704893,9,G9V7C 75 Comdty,arithmetic
105,10,73.95999908447266,75.0,2.819178082191781,0.0459600019454956,0.2211,0.986133321126302,-0.013963719396068783,0.37123592576061715,0.8784735937522749,10,G9V7C 75 Comdty,arithmetic
105,11,73.55999755859375,75.0,2.8109589041095893,0.0461800003051757,0.21739999999999998,0.9807999674479166,-0.01938674698950892,0.3644909821309637,0.8782622119637191,11,G9V7C 75 Comdty,arithmetic
105,12,73.31999969482422,75.0,2.8054794520547945,0.0469299983978271,0.2227,0.9775999959309896,-0.0226546947270509,0.3730128241946899,0.8766379968816095,12,G9V7C 75 Comdty,arithmetic
105,13,75.44000244140625,75.0,2.767123287671233,0.0459899997711181,0.20739999999999997,1.00586669921875,0.005849557151115972,0.34500310739120743,0.8805047121661628,13,G9V7C 75 Comdty,arithmetic
105,14,73.16999816894531,75.0,2.7534246575342465,0.0452799987792968,0.1934,0.9755999755859375,-0.024702637665036484,0.32091725473018995,0.8827837031923504,14,G9V7C 75 Comdty,arithmetic
106,0,70.08000183105469,69.0,1.9534246575342469,0.0438500022888183,0.2482,1.0156522004500679,0.015530968158939683,0.34689665319803825,0.9179083997901482,0,G9X6C 69 Comdty,arithmetic
106,1,70.58000183105469,69.0,1.9506849315068493,0.0449399995803833,0.2446,1.0228985772616621,0.02264033959283235,0.3416252930869029,0.9160688256085898,1,G9X6C 69 Comdty,arithmetic
106,2,69.91000366210938,69.0,1.947945205479452,0.0457000017166137,0.24789999999999998,1.0131884588711504,0.013102248309831106,0.3459910740395891,0.9148262712369978,2,G9X6C 69 Comdty,arithmetic
106,3,69.45999908447266,69.0,1.9452054794520548,0.0452400016784668,0.2491,1.0066666533981545,0.0066445295380272995,0.34742132291561834,0.9157598701603901,3,G9X6C 69 Comdty,arithmetic
106,4,69.23999786376953,69.0,1.936986301369863,0.0459899997711181,0.25170000000000003,1.0034782299097034,0.003472194858200009,0.35030512425911187,0.9147705597186011,4,G9X6C 69 Comdty,arithmetic
106,5,70.0999984741211,69.0,1.9342465753424656,0.0459100008010864,0.2509,1.0159420068713203,0.015816267676110763,0.34894467850582594,0.9150274063835115,5,G9X6C 69 Comdty,arithmetic
106,6,69.62000274658203,69.0,1.9287671232876713,0.045789999961853,0.2457,1.0089855470519136,0.008945417237081747,0.3412283088996582,0.9154694853974489,6,G9X6C 69 Comdty,arithmetic
106,7,70.5999984741211,69.0,1.926027397260274,0.0461899995803833,0.237,1.0231883836829143,0.022923618288921022,0.32891189227012196,0.9148792362373896,7,G9X6C 69 Comdty,arithmetic
106,8,70.98999786376953,69.0,1.917808219178082,0.0454500007629394,0.237,1.028840548750283,0.028432487362043204,0.328209338476244,0.9165264200307847,8,G9X6C 69 Comdty,arithmetic
106,9,73.12999725341797,69.0,1.9095890410958904,0.0457499980926513,0.2253,1.0598550326582314,0.05813213712807164,0.311337295531777,0.9163437653869059,9,G9X6C 69 Comdty,arithmetic
106,10,73.95999908447266,69.0,1.906849315068493,0.0459600019454956,0.2211,1.0718840447025022,0.06941788954298228,0.3053141483873282,0.9160917109179578,10,G9X6C 69 Comdty,arithmetic
106,11,73.55999755859375,69.0,1.8986301369863017,0.0461800003051757,0.21739999999999998,1.0660869211390398,0.06399486194954211,0.29955717399713644,0.9160551210447585,11,G9X6C 69 Comdty,arithmetic
106,12,73.31999969482422,69.0,1.893150684931507,0.0469299983978271,0.2227,1.0626086912293364,0.06072691421200012,0.30641696629409526,0.9149868745069226,12,G9X6C 69 Comdty,arithmetic
106,13,75.44000244140625,69.0,1.8547945205479452,0.0459899997711181,0.20739999999999997,1.0933333687160327,0.08923116609016718,0.28245980448673563,0.9182349359631664,13,G9X6C 69 Comdty,arithmetic
106,14,73.16999816894531,69.0,1.841095890410959,0.0452799987792968,0.1934,1.0604347560716711,0.05867897127401456,0.26241863615745686,0.9200154462568458,14,G9X6C 69 Comdty,arithmetic
107,0,70.08000183105469,69.5,1.9534246575342469,0.0438500022888183,0.2482,1.0083453500871178,0.008310720185452654,0.34689665319803825,0.9179083997901482,0,G9X6C 69.5 Comdty,arithmetic
107,1,70.58000183105469,69.5,1.9506849315068493,0.0449399995803833,0.2446,1.0155395946914343,0.015420091619345249,0.3416252930869029,0.9160688256085898,1,G9X6C 69.5 Comdty,arithmetic
107,2,69.91000366210938,69.5,1.947945205479452,0.0457000017166137,0.24789999999999998,1.0058993332677608,0.005882000336344045,0.3459910740395891,0.9148262712369978,2,G9X6C 69.5 Comdty,arithmetic
107,3,69.45999908447266,69.5,1.9452054794520548,0.0452400016784668,0.2491,0.9994244472585994,-0.0005757184354598724,0.34742132291561834,0.9157598701603901,3,G9X6C 69.5 Comdty,arithmetic
107,4,69.23999786376953,69.5,1.936986301369863,0.0459899997711181,0.25170000000000003,0.9962589620686263,-0.003748053115287125,0.35030512425911187,0.9147705597186011,4,G9X6C 69.5 Comdty,arithmetic
107,5,70.0999984741211,69.5,1.9342465753424656,0.0459100008010864,0.2509,1.0086330715700877,0.00859601970262366,0.34894467850582594,0.9150274063835115,5,G9X6C 69.5 Comdty,arithmetic
107,6,69.62000274658203,69.5,1.9287671232876713,0.045789999961853,0.2457,1.001726658224202,0.0017251692635946517,0.3412283088996582,0.9154694853974489,6,G9X6C 69.5 Comdty,arithmetic
107,7,70.5999984741211,69.5,1.926027397260274,0.0461899995803833,0.237,1.0158273161744042,0.015703370315434066,0.32891189227012196,0.9148792362373896,7,G9X6C 69.5 Comdty,arithmetic
107,8,70.98999786376953,69.5,1.917808219178082,0.0454500007629394,0.237,1.0214388181837342,0.021212239388556136,0.328209338476244,0.9165264200307847,8,G9X6C 69.5 Comdty,arithmetic
107,9,73.12999725341797,69.5,1.9095890410958904,0.0457499980926513,0.2253,1.0522301763081723,0.050911889154584625,0.311337295531777,0.9163437653869059,9,G9X6C 69.5 Comdty,arithmetic
107,10,73.95999908447266,69.5,1.906849315068493,0.0459600019454956,0.2211,1.0641726486974483,0.062197641569495296,0.3053141483873282,0.9160917109179578,10,G9X6C 69.5 Comdty,arithmetic
107,11,73.55999755859375,69.5,1.8986301369863017,0.0461800003051757,0.21739999999999998,1.0584172310589028,0.05677461397605507,0.29955717399713644,0.9160551210447585,11,G9X6C 69.5 Comdty,arithmetic
107,12,73.31999969482422,69.5,1.893150684931507,0.0469299983978271,0.2227,1.05496402438596,0.053506666238513065,0.30641696629409526,0.9149868745069226,12,G9X6C 69.5 Comdty,arithmetic
107,13,75.44000244140625,69.5,1.8547945205479452,0.0459899997711181,0.20739999999999997,1.085467661027428,0.08201091811668006,0.28245980448673563,0.9182349359631664,13,G9X6C 69.5 Comdty,arithmetic
107,14,73.16999816894531,69.5,1.841095890410959,0.0452799987792968,0.1934,1.052805729049573,0.051458723300527615,0.26241863615745686,0.9200154462568458,14,G9X6C 69.5 Comdty,arithmetic
108,0,70.08000183105469,71.85,1.9534246575342469,0.0438500022888183,0.2482,0.9753653699520486,-0.02494313976883476,0.34689665319803825,0.9179083997901482,0,G9X6C 71.85 Comdty,arithmetic
108,1,70.58000183105469,71.85,1.9506849315068493,0.0449399995803833,0.2446,0.982324312192828,-0.017833768334942105,0.3416252930869029,0.9160688256085898,1,G9X6C 71.85 Comdty,arithmetic
108,2,69.91000366210938,71.85,1.947945205479452,0.0457000017166137,0.24789999999999998,0.9729993550745912,-0.027371859617943403,0.3459910740395891,0.9148262712369978,2,G9X6C 71.85 Comdty,arithmetic
108,3,69.45999908447266,71.85,1.9452054794520548,0.0452400016784668,0.2491,0.9667362433468707,-0.0338295783897473,0.34742132291561834,0.9157598701603901,3,G9X6C 71.85 Comdty,arithmetic
108,4,69.23999786376953,71.85,1.936986301369863,0.0459899997711181,0.25170000000000003,0.9636742917713227,-0.0370019130695745,0.35030512425911187,0.9147705597186011,4,G9X6C 71.85 Comdty,arithmetic
108,5,70.0999984741211,71.85,1.9342465753424656,0.0459100008010864,0.2509,0.9756436809202659,-0.024657840251663756,0.34894467850582594,0.9150274063835115,5,G9X6C 71.85 Comdty,arithmetic
108,6,69.62000274658203,71.85,1.9287671232876713,0.045789999961853,0.2457,0.9689631558327354,-0.031528690690692765,0.3412283088996582,0.9154694853974489,6,G9X6C 71.85 Comdty,arithmetic
108,7,70.5999984741211,71.85,1.926027397260274,0.0461899995803833,0.237,0.9826026231610452,-0.017550489638853403,0.32891189227012196,0.9148792362373896,7,G9X6C 71.85 Comdty,arithmetic
108,8,70.98999786376953,71.85,1.917808219178082,0.0454500007629394,0.237,0.9880305896140507,-0.012041620565731128,0.328209338476244,0.9165264200307847,8,G9X6C 71.85 Comdty,arithmetic
108,9,73.12999725341797,71.85,1.9095890410958904,0.0457499980926513,0.2253,1.017814853909784,0.01765802920029722,0.311337295531777,0.9163437653869059,9,G9X6C 71.85 Comdty,arithmetic
108,10,73.95999908447266,71.85,1.906849315068493,0.0459600019454956,0.2211,1.0293667235138853,0.028943781615207772,0.3053141483873282,0.9160917109179578,10,G9X6C 71.85 Comdty,arithmetic
108,11,73.55999755859375,71.85,1.8986301369863017,0.0461800003051757,0.21739999999999998,1.0237995484842555,0.023520754021767693,0.29955717399713644,0.9160551210447585,11,G9X6C 71.85 Comdty,arithmetic
108,12,73.31999969482422,71.85,1.893150684931507,0.0469299983978271,0.2227,1.0204592859404902,0.020252806284225638,0.30641696629409526,0.9149868745069226,12,G9X6C 71.85 Comdty,arithmetic
108,13,75.44000244140625,71.85,1.8547945205479452,0.0459899997711181,0.20739999999999997,1.0499652392680063,0.04875705816239262,0.28245980448673563,0.9182349359631664,13,G9X6C 71.85 Comdty,arithmetic
108,14,73.16999816894531,71.85,1.841095890410959,0.0452799987792968,0.1934,1.01837158203125,0.01820486334624005,0.26241863615745686,0.9200154462568458,14,G9X6C 71.85 Comdty,arithmetic
109,0,70.08000183105469,74.4,1.9534246575342469,0.0438500022888183,0.2482,0.9419355084819178,-0.059818469082847145,0.34689665319803825,0.9179083997901482,0,G9X6C 74.4 Comdty,arithmetic
109,1,70.58000183105469,74.4,1.9506849315068493,0.0449399995803833,0.2446,0.9486559385894446,-0.05270909764895451,0.3416252930869029,0.9160688256085898,1,G9X6C 74.4 Comdty,arithmetic
109,2,69.91000366210938,74.4,1.947945205479452,0.0457000017166137,0.24789999999999998,0.9396505868563088,-0.06224718893195577,0.3459910740395891,0.9148262712369978,2,G9X6C 74.4 Comdty,arithmetic
109,3,69.45999908447266,74.4,1.9452054794520548,0.0452400016784668,0.2491,0.9336021382321593,-0.06870490770375964,0.34742132291561834,0.9157598701603901,3,G9X6C 74.4 Comdty,arithmetic
109,4,69.23999786376953,74.4,1.936986301369863,0.0459899997711181,0.25170000000000003,0.9306451325775474,-0.07187724238358684,0.35030512425911187,0.9147705597186011,4,G9X6C 74.4 Comdty,arithmetic
109,5,70.0999984741211,74.4,1.9342465753424656,0.0459100008010864,0.2509,0.9422042805661437,-0.05953316956567618,0.34894467850582594,0.9150274063835115,5,G9X6C 74.4 Comdty,arithmetic
109,6,69.62000274658203,74.4,1.9287671232876713,0.045789999961853,0.2457,0.9357527250884681,-0.06640402000470522,0.3412283088996582,0.9154694853974489,6,G9X6C 74.4 Comdty,arithmetic
109,7,70.5999984741211,74.4,1.926027397260274,0.0461899995803833,0.237,0.9489247106736706,-0.052425818952865744,0.32891189227012196,0.9148792362373896,7,G9X6C 74.4 Comdty,arithmetic
109,8,70.98999786376953,74.4,1.917808219178082,0.0454500007629394,0.237,0.9541666379538914,-0.0469169498797436,0.328209338476244,0.9165264200307847,8,G9X6C 74.4 Comdty,arithmetic
109,9,73.12999725341797,74.4,1.9095890410958904,0.0457499980926513,0.2253,0.9829300706104565,-0.0172173001137153,0.311337295531777,0.9163437653869059,9,G9X6C 74.4 Comdty,arithmetic
109,10,73.95999908447266,74.4,1.906849315068493,0.0459600019454956,0.2211,0.9940860091999012,-0.005931547698804567,0.3053141483873282,0.9160917109179578,10,G9X6C 74.4 Comdty,arithmetic
109,11,73.55999755859375,74.4,1.8986301369863017,0.0461800003051757,0.21739999999999998,0.9887096446047546,-0.011354575292244706,0.29955717399713644,0.9160551210447585,11,G9X6C 74.4 Comdty,arithmetic
109,12,73.31999969482422,74.4,1.893150684931507,0.0469299983978271,0.2227,0.9854838668659168,-0.014622523029786718,0.30641696629409526,0.9149868745069226,12,G9X6C 74.4 Comdty,arithmetic
109,13,75.44000244140625,74.4,1.8547945205479452,0.0459899997711181,0.20739999999999997,1.013978527438256,0.013881728848380251,0.28245980448673563,0.9182349359631664,13,G9X6C 74.4 Comdty,arithmetic
109,14,73.16999816894531,74.4,1.841095890410959,0.0452799987792968,0.1934,0.9834677173245336,-0.01667046596777233,0.26241863615745686,0.9200154462568458,14,G9X6C 74.4 Comdty,arithmetic
110,0,70.08000183105469,75.0,1.9534246575342469,0.0438500022888183,0.2482,0.9344000244140624,-0.06785064078011138,0.34689665319803825,0.9179083997901482,0,G9X6C 75 Comdty,arithmetic
110,1,70.58000183105469,75.0,1.9506849315068493,0.0449399995803833,0.2446,0.9410666910807292,-0.06074126934621869,0.3416252930869029,0.9160688256085898,1,G9X6C 75 Comdty,arithmetic
110,2,69.91000366210938,75.0,1.947945205479452,0.0457000017166137,0.24789999999999998,0.9321333821614584,-0.07027936062921995,0.3459910740395891,0.9148262712369978,2,G9X6C 75 Comdty,arithmetic
110,3,69.45999908447266,75.0,1.9452054794520548,0.0452400016784668,0.2491,0.9261333211263021,-0.07673707940102387,0.34742132291561834,0.9157598701603901,3,G9X6C 75 Comdty,arithmetic
110,4,69.23999786376953,75.0,1.936986301369863,0.0459899997711181,0.25170000000000003,0.9231999715169271,-0.07990941408085103,0.35030512425911187,0.9147705597186011,4,G9X6C 75 Comdty,arithmetic
110,5,70.0999984741211,75.0,1.9342465753424656,0.0459100008010864,0.2509,0.9346666463216146,-0.06756534126294042,0.34894467850582594,0.9150274063835115,5,G9X6C 75 Comdty,arithmetic
110,6,69.62000274658203,75.0,1.9287671232876713,0.045789999961853,0.2457,0.9282667032877604,-0.0744361917019694,0.3412283088996582,0.9154694853974489,6,G9X6C 75 Comdty,arithmetic
110,7,70.5999984741211,75.0,1.926027397260274,0.0461899995803833,0.237,0.9413333129882813,-0.060457990650129925,0.32891189227012196,0.9148792362373896,7,G9X6C 75 Comdty,arithmetic
110,8,70.98999786376953,75.0,1.917808219178082,0.0454500007629394,0.237,0.9465333048502604,-0.05494912157700774,0.328209338476244,0.9165264200307847,8,G9X6C 75 Comdty,arithmetic
110,9,73.12999725341797,75.0,1.9095890410958904,0.0457499980926513,0.2253,0.9750666300455729,-0.025249471810979432,0.311337295531777,0.9163437653869059,9,G9X6C 75 Comdty,arithmetic
110,10,73.95999908447266,75.0,1.906849315068493,0.0459600019454956,0.2211,0.986133321126302,-0.013963719396068783,0.3053141483873282,0.9160917109179578,10,G9X6C 75 Comdty,arithmetic
110,11,73.55999755859375,75.0,1.8986301369863017,0.0461800003051757,0.21739999999999998,0.9807999674479166,-0.01938674698950892,0.29955717399713644,0.9160551210447585,11,G9X6C 75 Comdty,arithmetic
110,12,73.31999969482422,75.0,1.893150684931507,0.0469299983978271,0.2227,0.9775999959309896,-0.0226546947270509,0.30641696629409526,0.9149868745069226,12,G9X6C 75 Comdty,arithmetic
110,13,75.44000244140625,75.0,1.8547945205479452,0.0459899997711181,0.20739999999999997,1.00586669921875,0.005849557151115972,0.28245980448673563,0.9182349359631664,13,G9X6C 75 Comdty,arithmetic
110,14,73.16999816894531,75.0,1.841095890410959,0.0452799987792968,0.1934,0.9755999755859375,-0.024702637665036484,0.26241863615745686,0.9200154462568458,14,G9X6C 75 Comdty,arithmetic
111,0,70.08000183105469,77.0,1.9534246575342469,0.0438500022888183,0.2482,0.9101298939098011,-0.09416794909748472,0.34689665319803825,0.9179083997901482,0,G9X6C 77 Comdty,arithmetic
111,1,70.58000183105469,77.0,1.9506849315068493,0.0449399995803833,0.2446,0.9166234004033076,-0.08705857766359214,0.3416252930869029,0.9160688256085898,1,G9X6C 77 Comdty,arithmetic
111,2,69.91000366210938,77.0,1.947945205479452,0.0457000017166137,0.24789999999999998,0.90792212548194,-0.09659666894659337,0.3459910740395891,0.9148262712369978,2,G9X6C 77 Comdty,arithmetic
111,3,69.45999908447266,77.0,1.9452054794520548,0.0452400016784668,0.2491,0.9020779101879566,-0.10305438771839726,0.34742132291561834,0.9157598701603901,3,G9X6C 77 Comdty,arithmetic
111,4,69.23999786376953,77.0,1.936986301369863,0.0459899997711181,0.25170000000000003,0.8992207514775263,-0.10622672239822452,0.35030512425911187,0.9147705597186011,4,G9X6C 77 Comdty,arithmetic
111,5,70.0999984741211,77.0,1.9342465753424656,0.0459100008010864,0.2509,0.9103895905730012,-0.09388264958031385,0.34894467850582594,0.9150274063835115,5,G9X6C 77 Comdty,arithmetic
111,6,69.62000274658203,77.0,1.9287671232876713,0.045789999961853,0.2457,0.9041558798257406,-0.10075350001934281,0.3412283088996582,0.9154694853974489,6,G9X6C 77 Comdty,arithmetic
111,7,70.5999984741211,77.0,1.926027397260274,0.0461899995803833,0.237,0.9168830970665077,-0.08677529896750334,0.32891189227012196,0.9148792362373896,7,G9X6C 77 Comdty,arithmetic
111,8,70.98999786376953,77.0,1.917808219178082,0.0454500007629394,0.237,0.9219480242047992,-0.08126642989438111,0.328209338476244,0.9165264200307847,8,G9X6C 77 Comdty,arithmetic
111,9,73.12999725341797,77.0,1.9095890410958904,0.0457499980926513,0.2253,0.9497402240703632,-0.05156678012835289,0.311337295531777,0.9163437653869059,9,G9X6C 77 Comdty,arithmetic
111,10,73.95999908447266,77.0,1.906849315068493,0.0459600019454956,0.2211,0.960519468629515,-0.04028102771344218,0.3053141483873282,0.9160917109179578,10,G9X6C 77 Comdty,arithmetic
111,11,73.55999755859375,77.0,1.8986301369863017,0.0461800003051757,0.21739999999999998,0.9553246436181007,-0.045704055306882305,0.29955717399713644,0.9160551210447585,11,G9X6C 77 Comdty,arithmetic
111,12,73.31999969482422,77.0,1.893150684931507,0.0469299983978271,0.2227,0.9522077882444704,-0.04897200304442427,0.30641696629409526,0.9149868745069226,12,G9X6C 77 Comdty,arithmetic
111,13,75.44000244140625,77.0,1.8547945205479452,0.0459899997711181,0.20739999999999997,0.9797402914468344,-0.0204677511662574,0.28245980448673563,0.9182349359631664,13,G9X6C 77 Comdty,arithmetic
111,14,73.16999816894531,77.0,1.841095890410959,0.0452799987792968,0.1934,0.9502597164798092,-0.05101994598240989,0.26241863615745686,0.9200154462568458,14,G9X6C 77 Comdty,arithmetic
112,0,70.08000183105469,79.5,1.9534246575342469,0.0438500022888183,0.2482,0.8815094569943985,-0.12611954890408716,0.34689665319803825,0.9179083997901482,0,G9X6C 79.5 Comdty,arithmetic
112,1,70.58000183105469,79.5,1.9506849315068493,0.0449399995803833,0.2446,0.8877987651704992,-0.1190101774701945,0.3416252930869029,0.9160688256085898,1,G9X6C 79.5 Comdty,arithmetic
112,2,69.91000366210938,79.5,1.947945205479452,0.0457000017166137,0.24789999999999998,0.8793711152466588,-0.12854826875319578,0.3459910740395891,0.9148262712369978,2,G9X6C 79.5 Comdty,arithmetic
112,3,69.45999908447266,79.5,1.9452054794520548,0.0452400016784668,0.2491,0.8737106803078322,-0.13500598752499962,0.34742132291561834,0.9157598701603901,3,G9X6C 79.5 Comdty,arithmetic
112,4,69.23999786376953,79.5,1.936986301369863,0.0459899997711181,0.25170000000000003,0.8709433693555916,-0.13817832220482684,0.35030512425911187,0.9147705597186011,4,G9X6C 79.5 Comdty,arithmetic
112,5,70.0999984741211,79.5,1.9342465753424656,0.0459100008010864,0.2509,0.8817609870958628,-0.12583424938691617,0.34894467850582594,0.9150274063835115,5,G9X6C 79.5 Comdty,arithmetic
112,6,69.62000274658203,79.5,1.9287671232876713,0.045789999961853,0.2457,0.8757233049884532,-0.1327050998259452,0.3412283088996582,0.9154694853974489,6,G9X6C 79.5 Comdty,arithmetic
112,7,70.5999984741211,79.5,1.926027397260274,0.0461899995803833,0.237,0.8880502952719634,-0.11872689877410574,0.32891189227012196,0.9148792362373896,7,G9X6C 79.5 Comdty,arithmetic
112,8,70.98999786376953,79.5,1.917808219178082,0.0454500007629394,0.237,0.8929559479719438,-0.11321802970098355,0.328209338476244,0.9165264200307847,8,G9X6C 79.5 Comdty,arithmetic
112,9,73.12999725341797,79.5,1.9095890410958904,0.0457499980926513,0.2253,0.9198741792882763,-0.08351837993495524,0.311337295531777,0.9163437653869059,9,G9X6C 79.5 Comdty,arithmetic
112,10,73.95999908447266,79.5,1.906849315068493,0.0459600019454956,0.2211,0.9303144538927378,-0.07223262752004452,0.3053141483873282,0.9160917109179578,10,G9X6C 79.5 Comdty,arithmetic
112,11,73.55999755859375,79.5,1.8986301369863017,0.0461800003051757,0.21739999999999998,0.9252829881584119,-0.0776556551134847,0.29955717399713644,0.9160551210447585,11,G9X6C 79.5 Comdty,arithmetic
112,12,73.31999969482422,79.5,1.893150684931507,0.0469299983978271,0.2227,0.9222641471047072,-0.08092360285102665,0.30641696629409526,0.9149868745069226,12,G9X6C 79.5 Comdty,arithmetic
112,13,75.44000244140625,79.5,1.8547945205479452,0.0459899997711181,0.20739999999999997,0.9489308483195755,-0.05241935097285967,0.28245980448673563,0.9182349359631664,13,G9X6C 79.5 Comdty,arithmetic
112,14,73.16999816894531,79.5,1.841095890410959,0.0452799987792968,0.1934,0.9203773354584316,-0.08297154578901225,0.26241863615745686,0.9200154462568458,14,G9X6C 79.5 Comdty,arithmetic
113,0,70.08000183105469,75.0,2.9534246575342467,0.0438500022888183,0.2482,0.9344000244140624,-0.06785064078011138,0.426544872199866,0.8785278430599597,0,G9X7C 75 Comdty,arithmetic
113,1,70.58000183105469,75.0,2.9506849315068493,0.0449399995803833,0.2446,0.9410666910807292,-0.06074126934621869,0.4201630646269522,0.8758120379809491,1,G9X7C 75 Comdty,arithmetic
113,2,69.91000366210938,75.0,2.947945205479452,0.0457000017166137,0.24789999999999998,0.9321333821614584,-0.07027936062921995,0.42563391936624184,0.8739596242090083,2,G9X7C 75 Comdty,arithmetic
113,3,69.45999908447266,75.0,2.9452054794520546,0.0452400016784668,0.2491,0.9261333211263021,-0.07673707940102387,0.4274954802292515,0.8752540421882437,3,G9X7C 75 Comdty,arithmetic
113,4,69.23999786376953,75.0,2.936986301369863,0.0459899997711181,0.25170000000000003,0.9231999715169271,-0.07990941408085103,0.43135434399364964,0.8736530069942998,4,G9X7C 75 Comdty,arithmetic
113,5,70.0999984741211,75.0,2.9342465753424656,0.0459100008010864,0.2509,0.9346666463216146,-0.06756534126294042,0.42978273424782226,0.8739682225512928,5,G9X7C 75 Comdty,arithmetic
113,6,69.62000274658203,75.0,2.9287671232876713,0.045789999961853,0.2457,0.9282667032877604,-0.0744361917019694,0.42048216227864,0.8744953984454554,6,G9X7C 75 Comdty,arithmetic
113,7,70.5999984741211,75.0,2.926027397260274,0.0461899995803833,0.237,0.9413333129882813,-0.060457990650129925,0.4054035432463711,0.873582064948843,7,G9X7C 75 Comdty,arithmetic
113,8,70.98999786376953,75.0,2.9178082191780823,0.0454500007629394,0.237,0.9465333048502604,-0.05494912157700774,0.4048337558344335,0.8758027489890748,8,G9X7C 75 Comdty,arithmetic
113,9,73.12999725341797,75.0,2.9095890410958902,0.0457499980926513,0.2253,0.9750666300455729,-0.025249471810979432,0.38430586983422604,0.8753655634435149,9,G9X7C 75 Comdty,arithmetic
113,10,73.95999908447266,75.0,2.9068493150684933,0.0459600019454956,0.2211,0.986133321126302,-0.013963719396068783,0.3769641086436207,0.8749410203804813,10,G9X7C 75 Comdty,arithmetic
113,11,73.55999755859375,75.0,2.8986301369863012,0.0461800003051757,0.21739999999999998,0.9807999674479166,-0.01938674698950892,0.3701314097630065,0.8747136173881087,11,G9X7C 75 Comdty,arithmetic
113,12,73.31999969482422,75.0,2.893150684931507,0.0469299983978271,0.2227,0.9775999959309896,-0.0226546947270509,0.37879631364742283,0.8730385578864756,12,G9X7C 75 Comdty,arithmetic
113,13,75.44000244140625,75.0,2.8547945205479452,0.0459899997711181,0.20739999999999997,1.00586669921875,0.005849557151115972,0.350425885389029,0.876961664767846,13,G9X7C 75 Comdty,arithmetic
113,14,73.16999816894531,75.0,2.841095890410959,0.0452799987792968,0.1934,0.9755999755859375,-0.024702637665036484,0.3259863503319421,0.8792862163309387,14,G9X7C 75 Comdty,arithmetic
114,0,70.08000183105469,69.0,2.0383561643835617,0.0438500022888183,0.2482,1.0156522004500679,0.015530968158939683,0.3543576498398194,0.9144962402033672,0,G9Z6C 69 Comdty,arithmetic
114,1,70.58000183105469,69.0,2.0356164383561643,0.0449399995803833,0.2446,1.0228985772616621,0.02264033959283235,0.34898312507776236,0.9125790182925605,1,G9Z6C 69 Comdty,arithmetic
114,2,69.91000366210938,69.0,2.032876712328767,0.0457000017166137,0.24789999999999998,1.0131884588711504,0.013102248309831106,0.3534533052029703,0.9112823740218076,2,G9Z6C 69 Comdty,arithmetic
114,3,69.45999908447266,69.0,2.03013698630137,0.0452400016784668,0.2491,1.0066666533981545,0.0066445295380272995,0.3549248433273711,0.9122479957869342,3,G9Z6C 69 Comdty,arithmetic
114,4,69.23999786376953,69.0,2.021917808219178,0.0459899997711181,0.25170000000000003,1.0034782299097034,0.003472194858200009,0.35790269137455605,0.9112044351054378,4,G9Z6C 69 Comdty,arithmetic
114,5,70.0999984741211,69.0,2.0191780821917806,0.0459100008010864,0.2509,1.0159420068713203,0.015816267676110763,0.3565233453901991,0.9114664733609767,5,G9Z6C 69 Comdty,arithmetic
114,6,69.62000274658203,69.0,2.0136986301369864,0.045789999961853,0.2457,1.0089855470519136,0.008945417237081747,0.3486602151327828,0.9119161260411697,6,G9Z6C 69 Comdty,arithmetic
114,7,70.5999984741211,69.0,2.010958904109589,0.0461899995803833,0.237,1.0231883836829143,0.022923618288921022,0.33608562998874486,0.9112972082759722,7,G9Z6C 69 Comdty,arithmetic
114,8,70.98999786376953,69.0,2.002739726027398,0.0454500007629394,0.237,1.028840548750283,0.028432487362043204,0.33539810326123326,0.9129953220841592,8,G9Z6C 69 Comdty,arithmetic
114,9,73.12999725341797,69.0,1.9945205479452055,0.0457499980926513,0.2253,1.0598550326582314,0.05813213712807164,0.3181855473156315,0.9127901136719367,9,G9Z6C 69 Comdty,arithmetic
114,10,73.95999908447266,69.0,1.991780821917808,0.0459600019454956,0.2211,1.0718840447025022,0.06941788954298228,0.3120394586481406,0.9125227608399333,10,G9Z6C 69 Comdty,arithmetic
114,11,73.55999755859375,69.0,1.9835616438356165,0.0461800003051757,0.21739999999999998,1.0660869211390398,0.06399486194954211,0.3061839282487051,0.9124692640572964,11,G9Z6C 69 Comdty,arithmetic
114,12,73.31999969482422,69.0,1.978082191780822,0.0469299983978271,0.2227,1.0626086912293364,0.06072691421200012,0.3132148782309127,0.9113471458569032,12,G9Z6C 69 Comdty,arithmetic
114,13,75.44000244140625,69.0,1.9397260273972603,0.0459899997711181,0.20739999999999997,1.0933333687160327,0.08923116609016718,0.28885437426884597,0.9146553058897938,13,G9Z6C 69 Comdty,arithmetic
114,14,73.16999816894531,69.0,1.926027397260274,0.0452799987792968,0.1934,1.0604347560716711,0.05867897127401456,0.268403206603551,0.9164841387350792,14,G9Z6C 69 Comdty,arithmetic
115,0,70.08000183105469,70.0,2.0383561643835617,0.0438500022888183,0.2482,1.0011428833007812,0.0011422307068400424,0.3543576498398194,0.9144962402033672,0,G9Z6C 70 Comdty,arithmetic
115,1,70.58000183105469,70.0,2.0356164383561643,0.0449399995803833,0.2446,1.0082857404436385,0.008251602140732877,0.34898312507776236,0.9125790182925605,1,G9Z6C 70 Comdty,arithmetic
115,2,69.91000366210938,70.0,2.032876712328767,0.0457000017166137,0.24789999999999998,0.9987143380301339,-0.0012864891422685824,0.3534533052029703,0.9112823740218076,2,G9Z6C 70 Comdty,arithmetic
115,3,69.45999908447266,70.0,2.03013698630137,0.0452400016784668,0.2491,0.9922857012067522,-0.007744207914072442,0.3549248433273711,0.9122479957869342,3,G9Z6C 70 Comdty,arithmetic
115,4,69.23999786376953,70.0,2.021917808219178,0.0459899997711181,0.25170000000000003,0.989142826625279,-0.010916542593899663,0.35790269137455605,0.9112044351054378,4,G9Z6C 70 Comdty,arithmetic
115,5,70.0999984741211,70.0,2.0191780821917806,0.0459100008010864,0.2509,1.0014285496303013,0.0014275302240109727,0.3565233453901991,0.9114664733609767,5,G9Z6C 70 Comdty,arithmetic
115,6,69.62000274658203,70.0,2.0136986301369864,0.045789999961853,0.2457,0.9945714678083147,-0.005443320215017923,0.3486602151327828,0.9119161260411697,6,G9Z6C 70 Comdty,arithmetic
115,7,70.5999984741211,70.0,2.010958904109589,0.0461899995803833,0.237,1.0085714067731584,0.008534880836821395,0.33608562998874486,0.9112972082759722,7,G9Z6C 70 Comdty,arithmetic
115,8,70.98999786376953,70.0,2.002739726027398,0.0454500007629394,0.237,1.014142826625279,0.01404374990994367,0.33539810326123326,0.9129953220841592,8,G9Z6C 70 Comdty,arithmetic
115,9,73.12999725341797,70.0,1.9945205479452055,0.0457499980926513,0.2253,1.0447142464773995,0.04374339967597199,0.3181855473156315,0.9127901136719367,9,G9Z6C 70 Comdty,arithmetic
115,10,73.95999908447266,70.0,1.991780821917808,0.0459600019454956,0.2211,1.0565714154924666,0.055029152090882785,0.3120394586481406,0.9125227608399333,10,G9Z6C 70 Comdty,arithmetic
115,11,73.55999755859375,70.0,1.9835616438356165,0.0461800003051757,0.21739999999999998,1.0508571079799107,0.04960612449744256,0.3061839282487051,0.9124692640572964,11,G9Z6C 70 Comdty,arithmetic
115,12,73.31999969482422,70.0,1.978082191780822,0.0469299983978271,0.2227,1.0474285670689174,0.04633817675990057,0.3132148782309127,0.9113471458569032,12,G9Z6C 70 Comdty,arithmetic
115,13,75.44000244140625,70.0,1.9397260273972603,0.0459899997711181,0.20739999999999997,1.0777143205915178,0.07484242863806748,0.28885437426884597,0.9146553058897938,13,G9Z6C 70 Comdty,arithmetic
115,14,73.16999816894531,70.0,1.926027397260274,0.0452799987792968,0.1934,1.04528568812779,0.04429023382191491,0.268403206603551,0.9164841387350792,14,G9Z6C 70 Comdty,arithmetic
116,0,70.08000183105469,71.1,2.0383561643835617,0.0438500022888183,0.2482,0.9856540341920491,-0.01444986405299601,0.3543576498398194,0.9144962402033672,0,G9Z6C 71.1 Comdty,arithmetic
116,1,70.58000183105469,71.1,2.0356164383561643,0.0449399995803833,0.2446,0.9926863829965499,-0.007340492619103311,0.34898312507776236,0.9125790182925605,1,G9Z6C 71.1 Comdty,arithmetic
116,2,69.91000366210938,71.1,2.032876712328767,0.0457000017166137,0.24789999999999998,0.9832630613517493,-0.01687858390210468,0.3534533052029703,0.9112823740218076,2,G9Z6C 71.1 Comdty,arithmetic
116,3,69.45999908447266,71.1,2.03013698630137,0.0452400016784668,0.2491,0.9769338830446225,-0.02333630267390858,0.3549248433273711,0.9122479957869342,3,G9Z6C 71.1 Comdty,arithmetic
116,4,69.23999786376953,71.1,2.021917808219178,0.0459899997711181,0.25170000000000003,0.9738396324018219,-0.026508637353735712,0.35790269137455605,0.9112044351054378,4,G9Z6C 71.1 Comdty,arithmetic
116,5,70.0999984741211,71.1,2.0191780821917806,0.0459100008010864,0.2509,0.9859352809299733,-0.014164564535825047,0.3565233453901991,0.9114664733609767,5,G9Z6C 71.1 Comdty,arithmetic
116,6,69.62000274658203,71.1,2.0136986301369864,0.045789999961853,0.2457,0.9791842861685237,-0.021035414974854064,0.3486602151327828,0.9119161260411697,6,G9Z6C 71.1 Comdty,arithmetic
116,7,70.5999984741211,71.1,2.010958904109589,0.0461899995803833,0.237,0.9929676297344739,-0.0070572139230146505,0.33608562998874486,0.9112972082759722,7,G9Z6C 71.1 Comdty,arithmetic
116,8,70.98999786376953,71.1,2.002739726027398,0.0454500007629394,0.237,0.9984528532175744,-0.0015483448498924118,0.33539810326123326,0.9129953220841592,8,G9Z6C 71.1 Comdty,arithmetic
116,9,73.12999725341797,71.1,1.9945205479452055,0.0457499980926513,0.2253,1.0285512975164273,0.02815130491613595,0.3181855473156315,0.9127901136719367,9,G9Z6C 71.1 Comdty,arithmetic
116,10,73.95999908447266,71.1,1.991780821917808,0.0459600019454956,0.2211,1.0402250222851288,0.03943705733104655,0.3120394586481406,0.9125227608399333,10,G9Z6C 71.1 Comdty,arithmetic
116,11,73.55999755859375,71.1,1.9835616438356165,0.0461800003051757,0.21739999999999998,1.0345991217805028,0.03401402973760638,0.3061839282487051,0.9124692640572964,11,G9Z6C 71.1 Comdty,arithmetic
116,12,73.31999969482422,71.1,1.978082191780822,0.0469299983978271,0.2227,1.031223624399778,0.030746082000064425,0.3132148782309127,0.9113471458569032,12,G9Z6C 71.1 Comdty,arithmetic
116,13,75.44000244140625,71.1,1.9397260273972603,0.0459899997711181,0.20739999999999997,1.0610408219607068,0.05925033387823135,0.28885437426884597,0.9146553058897938,13,G9Z6C 71.1 Comdty,arithmetic
116,14,73.16999816894531,71.1,1.926027397260274,0.0452799987792968,0.1934,1.0291138982974024,0.028698139062078774,0.268403206603551,0.9164841387350792,14,G9Z6C 71.1 Comdty,arithmetic
117,0,70.08000183105469,71.85,2.0383561643835617,0.0438500022888183,0.2482,0.9753653699520486,-0.02494313976883476,0.3543576498398194,0.9144962402033672,0,G9Z6C 71.85 Comdty,arithmetic
117,1,70.58000183105469,71.85,2.0356164383561643,0.0449399995803833,0.2446,0.982324312192828,-0.017833768334942105,0.34898312507776236,0.9125790182925605,1,G9Z6C 71.85 Comdty,arithmetic
117,2,69.91000366210938,71.85,2.032876712328767,0.0457000017166137,0.24789999999999998,0.9729993550745912,-0.027371859617943403,0.3534533052029703,0.9112823740218076,2,G9Z6C 71.85 Comdty,arithmetic
117,3,69.45999908447266,71.85,2.03013698630137,0.0452400016784668,0.2491,0.9667362433468707,-0.0338295783897473,0.3549248433273711,0.9122479957869342,3,G9Z6C 71.85 Comdty,arithmetic
117,4,69.23999786376953,71.85,2.021917808219178,0.0459899997711181,0.25170000000000003,0.9636742917713227,-0.0370019130695745,0.35790269137455605,0.9112044351054378,4,G9Z6C 71.85 Comdty,arithmetic
117,5,70.0999984741211,71.85,2.0191780821917806,0.0459100008010864,0.2509,0.9756436809202659,-0.024657840251663756,0.3565233453901991,0.9114664733609767,5,G9Z6C 71.85 Comdty,arithmetic
117,6,69.62000274658203,71.85,2.0136986301369864,0.045789999961853,0.2457,0.9689631558327354,-0.031528690690692765,0.3486602151327828,0.9119161260411697,6,G9Z6C 71.85 Comdty,arithmetic
117,7,70.5999984741211,71.85,2.010958904109589,0.0461899995803833,0.237,0.9826026231610452,-0.017550489638853403,0.33608562998874486,0.9112972082759722,7,G9Z6C 71.85 Comdty,arithmetic
117,8,70.98999786376953,71.85,2.002739726027398,0.0454500007629394,0.237,0.9880305896140507,-0.012041620565731128,0.33539810326123326,0.9129953220841592,8,G9Z6C 71.85 Comdty,arithmetic
117,9,73.12999725341797,71.85,1.9945205479452055,0.0457499980926513,0.2253,1.017814853909784,0.01765802920029722,0.3181855473156315,0.9127901136719367,9,G9Z6C 71.85 Comdty,arithmetic
117,10,73.95999908447266,71.85,1.991780821917808,0.0459600019454956,0.2211,1.0293667235138853,0.028943781615207772,0.3120394586481406,0.9125227608399333,10,G9Z6C 71.85 Comdty,arithmetic
117,11,73.55999755859375,71.85,1.9835616438356165,0.0461800003051757,0.21739999999999998,1.0237995484842555,0.023520754021767693,0.3061839282487051,0.9124692640572964,11,G9Z6C 71.85 Comdty,arithmetic
117,12,73.31999969482422,71.85,1.978082191780822,0.0469299983978271,0.2227,1.0204592859404902,0.020252806284225638,0.3132148782309127,0.9113471458569032,12,G9Z6C 71.85 Comdty,arithmetic
117,13,75.44000244140625,71.85,1.9397260273972603,0.0459899997711181,0.20739999999999997,1.0499652392680063,0.04875705816239262,0.28885437426884597,0.9146553058897938,13,G9Z6C 71.85 Comdty,arithmetic
117,14,73.16999816894531,71.85,1.926027397260274,0.0452799987792968,0.1934,1.01837158203125,0.01820486334624005,0.268403206603551,0.9164841387350792,14,G9Z6C 71.85 Comdty,arithmetic
118,0,70.08000183105469,74.4,2.0383561643835617,0.0438500022888183,0.2482,0.9419355084819178,-0.059818469082847145,0.3543576498398194,0.9144962402033672,0,G9Z6C 74.4 Comdty,arithmetic
118,1,70.58000183105469,74.4,2.0356164383561643,0.0449399995803833,0.2446,0.9486559385894446,-0.05270909764895451,0.34898312507776236,0.9125790182925605,1,G9Z6C 74.4 Comdty,arithmetic
118,2,69.91000366210938,74.4,2.032876712328767,0.0457000017166137,0.24789999999999998,0.9396505868563088,-0.06224718893195577,0.3534533052029703,0.9112823740218076,2,G9Z6C 74.4 Comdty,arithmetic
118,3,69.45999908447266,74.4,2.03013698630137,0.0452400016784668,0.2491,0.9336021382321593,-0.06870490770375964,0.3549248433273711,0.9122479957869342,3,G9Z6C 74.4 Comdty,arithmetic
118,4,69.23999786376953,74.4,2.021917808219178,0.0459899997711181,0.25170000000000003,0.9306451325775474,-0.07187724238358684,0.35790269137455605,0.9112044351054378,4,G9Z6C 74.4 Comdty,arithmetic
118,5,70.0999984741211,74.4,2.0191780821917806,0.0459100008010864,0.2509,0.9422042805661437,-0.05953316956567618,0.3565233453901991,0.9114664733609767,5,G9Z6C 74.4 Comdty,arithmetic
118,6,69.62000274658203,74.4,2.0136986301369864,0.045789999961853,0.2457,0.9357527250884681,-0.06640402000470522,0.3486602151327828,0.9119161260411697,6,G9Z6C 74.4 Comdty,arithmetic
118,7,70.5999984741211,74.4,2.010958904109589,0.0461899995803833,0.237,0.9489247106736706,-0.052425818952865744,0.33608562998874486,0.9112972082759722,7,G9Z6C 74.4 Comdty,arithmetic
118,8,70.98999786376953,74.4,2.002739726027398,0.0454500007629394,0.237,0.9541666379538914,-0.0469169498797436,0.33539810326123326,0.9129953220841592,8,G9Z6C 74.4 Comdty,arithmetic
118,9,73.12999725341797,74.4,1.9945205479452055,0.0457499980926513,0.2253,0.9829300706104565,-0.0172173001137153,0.3181855473156315,0.9127901136719367,9,G9Z6C 74.4 Comdty,arithmetic
118,10,73.95999908447266,74.4,1.991780821917808,0.0459600019454956,0.2211,0.9940860091999012,-0.005931547698804567,0.3120394586481406,0.9125227608399333,10,G9Z6C 74.4 Comdty,arithmetic
118,11,73.55999755859375,74.4,1.9835616438356165,0.0461800003051757,0.21739999999999998,0.9887096446047546,-0.011354575292244706,0.3061839282487051,0.9124692640572964,11,G9Z6C 74.4 Comdty,arithmetic
118,12,73.31999969482422,74.4,1.978082191780822,0.0469299983978271,0.2227,0.9854838668659168,-0.014622523029786718,0.3132148782309127,0.9113471458569032,12,G9Z6C 74.4 Comdty,arithmetic
118,13,75.44000244140625,74.4,1.9397260273972603,0.0459899997711181,0.20739999999999997,1.013978527438256,0.013881728848380251,0.28885437426884597,0.9146553058897938,13,G9Z6C 74.4 Comdty,arithmetic
118,14,73.16999816894531,74.4,1.926027397260274,0.0452799987792968,0.1934,0.9834677173245336,-0.01667046596777233,0.268403206603551,0.9164841387350792,14,G9Z6C 74.4 Comdty,arithmetic
119,0,70.08000183105469,75.0,3.0383561643835617,0.0438500022888183,0.2482,0.9344000244140624,-0.06785064078011138,0.4326344692693822,0.8752620736186555,0,G9Z7C 75 Comdty,arithmetic
119,1,70.58000183105469,75.0,3.0356164383561643,0.0449399995803833,0.2446,0.9410666910807292,-0.06074126934621869,0.4261670817754946,0.8724755907925165,1,G9Z7C 75 Comdty,arithmetic
119,2,69.91000366210938,75.0,3.032876712328767,0.0457000017166137,0.24789999999999998,0.9321333821614584,-0.07027936062921995,0.4317217262993653,0.8705740381411367,2,G9Z7C 75 Comdty,arithmetic
119,3,69.45999908447266,75.0,3.03013698630137,0.0452400016784668,0.2491,0.9261333211263021,-0.07673707940102387,0.4336155606190337,0.8718975048019896,3,G9Z7C 75 Comdty,arithmetic
119,4,69.23999786376953,75.0,3.021917808219178,0.0459899997711181,0.25170000000000003,0.9231999715169271,-0.07990941408085103,0.43754682777178344,0.8702471742873915,4,G9Z7C 75 Comdty,arithmetic
119,5,70.0999984741211,75.0,3.0191780821917806,0.0459100008010864,0.2509,0.9346666463216146,-0.06756534126294042,0.43595837623357947,0.8705670760035307,5,G9Z7C 75 Comdty,arithmetic
119,6,69.62000274658203,75.0,3.0136986301369864,0.045789999961853,0.2457,0.9282667032877604,-0.0744361917019694,0.4265353861245727,0.8711010784209707,6,G9Z7C 75 Comdty,arithmetic
119,7,70.5999984741211,75.0,3.010958904109589,0.0461899995803833,0.237,0.9413333129882813,-0.060457990650129925,0.41124512238436517,0.8701617278603011,7,G9Z7C 75 Comdty,arithmetic
119,8,70.98999786376953,75.0,3.002739726027398,0.0454500007629394,0.237,0.9465333048502604,-0.05494912157700774,0.4106834397333704,0.872428546979164,8,G9Z7C 75 Comdty,arithmetic
119,9,73.12999725341797,75.0,2.9945205479452053,0.0457499980926513,0.2253,0.9750666300455729,-0.025249471810979432,0.38987450868266316,0.871970828352539,9,G9Z7C 75 Comdty,arithmetic
119,10,73.95999908447266,75.0,2.9917808219178084,0.0459600019454956,0.2211,0.986133321126302,-0.013963719396068783,0.3824314758926423,0.8715323869590252,10,G9Z7C 75 Comdty,arithmetic
119,11,73.55999755859375,75.0,2.9835616438356163,0.0461800003051757,0.21739999999999998,0.9807999674479166,-0.01938674698950892,0.3755147905446711,0.8712895898761375,11,G9Z7C 75 Comdty,arithmetic
119,12,73.31999969482422,75.0,2.978082191780822,0.0469299983978271,0.2227,0.9775999959309896,-0.0226546947270509,0.3843160807788369,0.8695656955534248,12,G9Z7C 75 Comdty,arithmetic
119,13,75.44000244140625,75.0,2.9397260273972603,0.0459899997711181,0.20739999999999997,1.00586669921875,0.005849557151115972,0.3556003508635031,0.8735429336507327,13,G9Z7C 75 Comdty,arithmetic
119,14,73.16999816894531,75.0,2.926027397260274,0.0452799987792968,0.1934,0.9755999755859375,-0.024702637665036484,0.33082297579682773,0.8759112403540156,14,G9Z7C 75 Comdty,arithmetic
