,,S0,K,T,r,sigma,moneyness,log_moneyness,sigma_sqrt_t,time_decay_factor,time_step,config_name,config_option_type
0,0,69.94000244140625,69.5,1.158904109589041,0.0422300004959106,0.2703,1.0063309703799461,0.006311013971635363,0.29098446067816813,0.952237766047442,0,G9F6C 69.5 Comdty,arithmetic
0,1,70.29000091552734,69.5,1.1369863013698631,0.0427099990844726,0.2464,1.0113669196478754,0.011302801642068726,0.2627352352380937,0.952599530106172,1,G9F6C 69.5 Comdty,arithmetic
0,2,70.0199966430664,69.5,1.1342465753424658,0.0432399988174438,0.2553,1.0074819660872865,0.007454115013275725,0.2718970859900176,0.9521384533477378,2,G9F6C 69.5 Comdty,arithmetic
0,3,71.29000091552734,69.5,1.1315068493150684,0.0439900016784668,0.2607,1.0257554088565086,0.025429325401087513,0.2773126141112327,0.9514434864275215,3,G9F6C 69.5 Comdty,arithmetic
0,4,70.70999908447266,69.5,1.1232876712328768,0.0439699983596801,0.24989999999999998,1.0174100587693908,0.01726024009776697,0.2648571809511116,0.9518089405217006,4,G9F6C 69.5 Comdty,arithmetic
0,5,70.08000183105469,69.5,1.1205479452054794,0.0438500022888183,0.2482,1.0083453500871178,0.008310720185452654,0.2627344362659756,0.9520516133448755,5,G9F6C 69.5 Comdty,arithmetic
0,6,70.58000183105469,69.5,1.1178082191780825,0.0449399995803833,0.2446,1.0155395946914343,0.015420091619345246,0.25860689626249445,0.9510065766974146,6,G9F6C 69.5 Comdty,arithmetic
0,7,69.91000366210938,69.5,1.115068493150685,0.0457000017166137,0.24789999999999998,1.0058993332677608,0.005882000336344045,0.2617744761357844,0.9503179824250041,7,G9F6C 69.5 Comdty,arithmetic
0,8,69.45999908447266,69.5,1.1123287671232878,0.0452400016784668,0.2491,0.9994244472585994,-0.0005757184354598724,0.26271829206642877,0.9509234106332246,8,G9F6C 69.5 Comdty,arithmetic
0,9,69.23999786376953,69.5,1.104109589041096,0.0459899997711181,0.25170000000000003,0.9962589620686263,-0.003748053115287125,0.2644778503815882,0.950489656055984,9,G9F6C 69.5 Comdty,arithmetic
0,10,70.0999984741211,69.5,1.1013698630136983,0.0459100008010864,0.2509,1.0086330715700877,0.008596019702623664,0.2633099409181153,0.950693185714754,10,G9F6C 69.5 Comdty,arithmetic
0,11,69.62000274658203,69.5,1.095890410958904,0.045789999961853,0.2457,1.001726658224202,0.0017251692635946517,0.25721051556083097,0.9510574369616897,11,G9F6C 69.5 Comdty,arithmetic
0,12,70.5999984741211,69.5,1.093150684931507,0.0461899995803833,0.237,1.0158273161744042,0.015703370315434062,0.247792616560538,0.9507609360604792,12,G9F6C 69.5 Comdty,arithmetic
0,13,70.98999786376953,69.5,1.084931506849315,0.0454500007629394,0.237,1.0214388181837342,0.02121223938855614,0.24685930772044865,0.9518858681126297,13,G9F6C 69.5 Comdty,arithmetic
0,14,73.12999725341797,69.5,1.0767123287671232,0.0457499980926513,0.2253,1.0522301763081723,0.05091188915458461,0.2337819811540846,0.951933987946338,14,G9F6C 69.5 Comdty,arithmetic
0,15,73.95999908447266,69.5,1.073972602739726,0.0459600019454956,0.2211,1.0641726486974483,0.06219764156949528,0.22913178788456676,0.9518386128191062,15,G9F6C 69.5 Comdty,arithmetic
0,16,73.55999755859375,69.5,1.0657534246575342,0.0461800003051757,0.21739999999999998,1.0584172310589028,0.05677461397605507,0.22443361675285436,0.9519750110085052,16,G9F6C 69.5 Comdty,arithmetic
0,17,73.31999969482422,69.5,1.0602739726027397,0.0469299983978271,0.2227,1.05496402438596,0.053506666238513065,0.22931331219683898,0.9514590258767754,17,G9F6C 69.5 Comdty,arithmetic
0,18,75.44000244140625,69.5,1.021917808219178,0.0459899997711181,0.20739999999999997,1.085467661027428,0.08201091811668006,0.20966055723543703,0.9540893059902346,18,G9F6C 69.5 Comdty,arithmetic
0,19,73.16999816894531,69.5,1.008219178082192,0.0452799987792968,0.1934,1.052805729049573,0.051458723300527615,0.19419316805837417,0.955374218757951,19,G9F6C 69.5 Comdty,arithmetic
1,0,69.94000244140625,72.67,1.158904109589041,0.0422300004959106,0.2703,0.9624329495170806,-0.038290878086162855,0.29098446067816813,0.952237766047442,0,G9F6C 72.67 Comdty,arithmetic
1,1,70.29000091552734,72.67,1.1369863013698631,0.0427099990844726,0.2464,0.9672492213503143,-0.03329909041572932,0.2627352352380937,0.952599530106172,1,G9F6C 72.67 Comdty,arithmetic
1,2,70.0199966430664,72.67,1.1342465753424658,0.0432399988174438,0.2553,0.9635337366597826,-0.037147777044522476,0.2718970859900176,0.9521384533477378,2,G9F6C 72.67 Comdty,arithmetic
1,3,71.29000091552734,72.67,1.1315068493150684,0.0439900016784668,0.2607,0.9810100580091832,-0.019172566656710684,0.2773126141112327,0.9514434864275215,3,G9F6C 72.67 Comdty,arithmetic
1,4,70.70999908447266,72.67,1.1232876712328768,0.0439699983596801,0.24989999999999998,0.9730287475501948,-0.027341651960031257,0.2648571809511116,0.9518089405217006,4,G9F6C 72.67 Comdty,arithmetic
1,5,70.08000183105469,72.67,1.1205479452054794,0.0438500022888183,0.2482,0.9643594582503741,-0.03629117187234547,0.2627344362659756,0.9520516133448755,5,G9F6C 72.67 Comdty,arithmetic
1,6,70.58000183105469,72.67,1.1178082191780825,0.0449399995803833,0.2446,0.9712398765798085,-0.029181800438452844,0.25860689626249445,0.9510065766974146,6,G9F6C 72.67 Comdty,arithmetic
1,7,69.91000366210938,72.67,1.115068493150685,0.0457000017166137,0.24789999999999998,0.9620201412152108,-0.03871989172145411,0.2617744761357844,0.9503179824250041,7,G9F6C 72.67 Comdty,arithmetic
1,8,69.45999908447266,72.67,1.1123287671232878,0.0452400016784668,0.2491,0.9558277017266087,-0.045177610493257976,0.26271829206642877,0.9509234106332246,8,G9F6C 72.67 Comdty,arithmetic
1,9,69.23999786376953,72.67,1.104109589041096,0.0459899997711181,0.25170000000000003,0.9528003008637612,-0.048349945173085204,0.2644778503815882,0.950489656055984,9,G9F6C 72.67 Comdty,arithmetic
1,10,70.0999984741211,72.67,1.1013698630136983,0.0459100008010864,0.2509,0.9646346287893366,-0.03600587235517454,0.2633099409181153,0.950693185714754,10,G9F6C 72.67 Comdty,arithmetic
1,11,69.62000274658203,72.67,1.095890410958904,0.045789999961853,0.2457,0.9580294859857167,-0.04287672279420346,0.25721051556083097,0.9510574369616897,11,G9F6C 72.67 Comdty,arithmetic
1,12,70.5999984741211,72.67,1.093150684931507,0.0461899995803833,0.237,0.971515047118771,-0.028898521742364097,0.247792616560538,0.9507609360604792,12,G9F6C 72.67 Comdty,arithmetic
1,13,70.98999786376953,72.67,1.084931506849315,0.0454500007629394,0.237,0.9768817650167817,-0.023389652669241916,0.24685930772044865,0.9518858681126297,13,G9F6C 72.67 Comdty,arithmetic
1,14,73.12999725341797,72.67,1.0767123287671232,0.0457499980926513,0.2253,1.0063299470678129,0.006309997096786368,0.2337819811540846,0.951933987946338,14,G9F6C 72.67 Comdty,arithmetic
1,15,73.95999908447266,72.67,1.073972602739726,0.0459600019454956,0.2211,1.0177514666915186,0.017595749511697206,0.22913178788456676,0.9518386128191062,15,G9F6C 72.67 Comdty,arithmetic
1,16,73.55999755859375,72.67,1.0657534246575342,0.0461800003051757,0.21739999999999998,1.0122471110306006,0.012172721918256968,0.22443361675285436,0.9519750110085052,16,G9F6C 72.67 Comdty,arithmetic
1,17,73.31999969482422,72.67,1.0602739726027397,0.0469299983978271,0.2227,1.0089445396287906,0.008904774180714954,0.22931331219683898,0.9514590258767754,17,G9F6C 72.67 Comdty,arithmetic
1,18,75.44000244140625,72.67,1.021917808219178,0.0459899997711181,0.20739999999999997,1.0381175511408594,0.03740902605888193,0.20966055723543703,0.9540893059902346,18,G9F6C 72.67 Comdty,arithmetic
1,19,73.16999816894531,72.67,1.008219178082192,0.0452799987792968,0.1934,1.00688039313259,0.006856831242729532,0.19419316805837417,0.955374218757951,19,G9F6C 72.67 Comdty,arithmetic
2,0,69.94000244140625,74.0,1.158904109589041,0.0422300004959106,0.2703,0.9451351681271115,-0.05642732666178799,0.29098446067816813,0.952237766047442,0,G9F6C 74 Comdty,arithmetic
2,1,70.29000091552734,74.0,1.1369863013698631,0.0427099990844726,0.2464,0.949864877236856,-0.05143553899135455,0.2627352352380937,0.952599530106172,1,G9F6C 74 Comdty,arithmetic
2,2,70.0199966430664,74.0,1.1342465753424658,0.0432399988174438,0.2553,0.9462161708522487,-0.05528422562014762,0.2718970859900176,0.9521384533477378,2,G9F6C 74 Comdty,arithmetic
2,3,71.29000091552734,74.0,1.1315068493150684,0.0439900016784668,0.2607,0.9633783907503695,-0.03730901523233592,0.2773126141112327,0.9514434864275215,3,G9F6C 74 Comdty,arithmetic
2,4,70.70999908447266,74.0,1.1232876712328768,0.0439699983596801,0.24989999999999998,0.9555405281685494,-0.04547810053565644,0.2648571809511116,0.9518089405217006,4,G9F6C 74 Comdty,arithmetic
2,5,70.08000183105469,74.0,1.1205479452054794,0.0438500022888183,0.2482,0.9470270517710093,-0.0544276204479706,0.2627344362659756,0.9520516133448755,5,G9F6C 74 Comdty,arithmetic
2,6,70.58000183105469,74.0,1.1178082191780825,0.0449399995803833,0.2446,0.953783808527766,-0.04731824901407804,0.25860689626249445,0.9510065766974146,6,G9F6C 74 Comdty,arithmetic
2,7,69.91000366210938,74.0,1.115068493150685,0.0457000017166137,0.24789999999999998,0.9447297792176943,-0.05685634029707925,0.2617744761357844,0.9503179824250041,7,G9F6C 74 Comdty,arithmetic
2,8,69.45999908447266,74.0,1.1123287671232878,0.0452400016784668,0.2491,0.9386486362766575,-0.06331405906888318,0.26271829206642877,0.9509234106332246,8,G9F6C 74 Comdty,arithmetic
2,9,69.23999786376953,74.0,1.104109589041096,0.0459899997711181,0.25170000000000003,0.9356756468076963,-0.06648639374871042,0.2644778503815882,0.950489656055984,9,G9F6C 74 Comdty,arithmetic
2,10,70.0999984741211,74.0,1.1013698630136983,0.0459100008010864,0.2509,0.9472972766773121,-0.05414232093079967,0.2633099409181153,0.950693185714754,10,G9F6C 74 Comdty,arithmetic
2,11,69.62000274658203,74.0,1.095890410958904,0.045789999961853,0.2457,0.9408108479267842,-0.061013171369828735,0.25721051556083097,0.9510574369616897,11,G9F6C 74 Comdty,arithmetic
2,12,70.5999984741211,74.0,1.093150684931507,0.0461899995803833,0.237,0.9540540334340688,-0.0470349703179893,0.247792616560538,0.9507609360604792,12,G9F6C 74 Comdty,arithmetic
2,13,70.98999786376953,74.0,1.084931506849315,0.0454500007629394,0.237,0.959324295456345,-0.041526101244867074,0.24685930772044865,0.9518858681126297,13,G9F6C 74 Comdty,arithmetic
2,14,73.12999725341797,74.0,1.0767123287671232,0.0457499980926513,0.2253,0.9882432061272699,-0.011826451478838698,0.2337819811540846,0.951933987946338,14,G9F6C 74 Comdty,arithmetic
2,15,73.95999908447266,74.0,1.073972602739726,0.0459600019454956,0.2211,0.9994594470874684,-0.0005406990639280039,0.22913178788456676,0.9518386128191062,15,G9F6C 74 Comdty,arithmetic
2,16,73.55999755859375,74.0,1.0657534246575342,0.0461800003051757,0.21739999999999998,0.9940540210620777,-0.005963726657368168,0.22443361675285436,0.9519750110085052,16,G9F6C 74 Comdty,arithmetic
2,17,73.31999969482422,74.0,1.0602739726027397,0.0469299983978271,0.2227,0.9908108066868138,-0.0092316743949102,0.22931331219683898,0.9514590258767754,17,G9F6C 74 Comdty,arithmetic
2,18,75.44000244140625,74.0,1.021917808219178,0.0459899997711181,0.20739999999999997,1.0194594924514357,0.019272577483256656,0.20966055723543703,0.9540893059902346,18,G9F6C 74 Comdty,arithmetic
2,19,73.16999816894531,74.0,1.008219178082192,0.0452799987792968,0.1934,0.9887837590398015,-0.011279617332895755,0.19419316805837417,0.955374218757951,19,G9F6C 74 Comdty,arithmetic
3,0,69.94000244140625,74.4,1.158904109589041,0.0422300004959106,0.2703,0.9400537962554603,-0.06181817529666454,0.29098446067816813,0.952237766047442,0,G9F6C 74.4 Comdty,arithmetic
3,1,70.29000091552734,74.4,1.1369863013698631,0.0427099990844726,0.2464,0.9447580768216041,-0.05682638762623097,0.2627352352380937,0.952599530106172,1,G9F6C 74.4 Comdty,arithmetic
3,2,70.0199966430664,74.4,1.1342465753424658,0.0432399988174438,0.2553,0.9411289871379893,-0.06067507425502408,0.2718970859900176,0.9521384533477378,2,G9F6C 74.4 Comdty,arithmetic
3,3,71.29000091552734,74.4,1.1315068493150684,0.0439900016784668,0.2607,0.9581989370366578,-0.042699863867212334,0.2773126141112327,0.9514434864275215,3,G9F6C 74.4 Comdty,arithmetic
3,4,70.70999908447266,74.4,1.1232876712328768,0.0439699983596801,0.24989999999999998,0.9504032135009765,-0.05086894917053297,0.2648571809511116,0.9518089405217006,4,G9F6C 74.4 Comdty,arithmetic
3,5,70.08000183105469,74.4,1.1205479452054794,0.0438500022888183,0.2482,0.9419355084819178,-0.059818469082847145,0.2627344362659756,0.9520516133448755,5,G9F6C 74.4 Comdty,arithmetic
3,6,70.58000183105469,74.4,1.1178082191780825,0.0449399995803833,0.2446,0.9486559385894446,-0.05270909764895452,0.25860689626249445,0.9510065766974146,6,G9F6C 74.4 Comdty,arithmetic
3,7,69.91000366210938,74.4,1.115068493150685,0.0457000017166137,0.24789999999999998,0.9396505868563088,-0.06224718893195577,0.2617744761357844,0.9503179824250041,7,G9F6C 74.4 Comdty,arithmetic
3,8,69.45999908447266,74.4,1.1123287671232878,0.0452400016784668,0.2491,0.9336021382321593,-0.06870490770375964,0.26271829206642877,0.9509234106332246,8,G9F6C 74.4 Comdty,arithmetic
3,9,69.23999786376953,74.4,1.104109589041096,0.0459899997711181,0.25170000000000003,0.9306451325775474,-0.07187724238358684,0.2644778503815882,0.950489656055984,9,G9F6C 74.4 Comdty,arithmetic
3,10,70.0999984741211,74.4,1.1013698630136983,0.0459100008010864,0.2509,0.9422042805661437,-0.05953316956567618,0.2633099409181153,0.950693185714754,10,G9F6C 74.4 Comdty,arithmetic
3,11,69.62000274658203,74.4,1.095890410958904,0.045789999961853,0.2457,0.9357527250884681,-0.06640402000470522,0.25721051556083097,0.9510574369616897,11,G9F6C 74.4 Comdty,arithmetic
3,12,70.5999984741211,74.4,1.093150684931507,0.0461899995803833,0.237,0.9489247106736706,-0.052425818952865744,0.247792616560538,0.9507609360604792,12,G9F6C 74.4 Comdty,arithmetic
3,13,70.98999786376953,74.4,1.084931506849315,0.0454500007629394,0.237,0.9541666379538914,-0.046916949879743604,0.24685930772044865,0.9518858681126297,13,G9F6C 74.4 Comdty,arithmetic
3,14,73.12999725341797,74.4,1.0767123287671232,0.0457499980926513,0.2253,0.9829300706104565,-0.0172173001137153,0.2337819811540846,0.951933987946338,14,G9F6C 74.4 Comdty,arithmetic
3,15,73.95999908447266,74.4,1.073972602739726,0.0459600019454956,0.2211,0.9940860091999012,-0.005931547698804567,0.22913178788456676,0.9518386128191062,15,G9F6C 74.4 Comdty,arithmetic
3,16,73.55999755859375,74.4,1.0657534246575342,0.0461800003051757,0.21739999999999998,0.9887096446047546,-0.011354575292244706,0.22443361675285436,0.9519750110085052,16,G9F6C 74.4 Comdty,arithmetic
3,17,73.31999969482422,74.4,1.0602739726027397,0.0469299983978271,0.2227,0.9854838668659168,-0.014622523029786718,0.22931331219683898,0.9514590258767754,17,G9F6C 74.4 Comdty,arithmetic
3,18,75.44000244140625,74.4,1.021917808219178,0.0459899997711181,0.20739999999999997,1.013978527438256,0.013881728848380258,0.20966055723543703,0.9540893059902346,18,G9F6C 74.4 Comdty,arithmetic
3,19,73.16999816894531,74.4,1.008219178082192,0.0452799987792968,0.1934,0.9834677173245336,-0.01667046596777233,0.19419316805837417,0.955374218757951,19,G9F6C 74.4 Comdty,arithmetic
4,0,69.94000244140625,75.0,1.158904109589041,0.0422300004959106,0.2703,0.9325333658854167,-0.06985034699392868,0.29098446067816813,0.952237766047442,0,G9F6C 75 Comdty,arithmetic
4,1,70.29000091552734,75.0,1.1369863013698631,0.0427099990844726,0.2464,0.9372000122070312,-0.06485855932349527,0.2627352352380937,0.952599530106172,1,G9F6C 75 Comdty,arithmetic
4,2,70.0199966430664,75.0,1.1342465753424658,0.0432399988174438,0.2553,0.9335999552408855,-0.06870724595228828,0.2718970859900176,0.9521384533477378,2,G9F6C 75 Comdty,arithmetic
4,3,71.29000091552734,75.0,1.1315068493150684,0.0439900016784668,0.2607,0.9505333455403646,-0.05073203556447652,0.2773126141112327,0.9514434864275215,3,G9F6C 75 Comdty,arithmetic
4,4,70.70999908447266,75.0,1.1232876712328768,0.0439699983596801,0.24989999999999998,0.9427999877929687,-0.058901120867797176,0.2648571809511116,0.9518089405217006,4,G9F6C 75 Comdty,arithmetic
4,5,70.08000183105469,75.0,1.1205479452054794,0.0438500022888183,0.2482,0.9344000244140624,-0.06785064078011138,0.2627344362659756,0.9520516133448755,5,G9F6C 75 Comdty,arithmetic
4,6,70.58000183105469,75.0,1.1178082191780825,0.0449399995803833,0.2446,0.9410666910807292,-0.0607412693462187,0.25860689626249445,0.9510065766974146,6,G9F6C 75 Comdty,arithmetic
4,7,69.91000366210938,75.0,1.115068493150685,0.0457000017166137,0.24789999999999998,0.9321333821614584,-0.07027936062921995,0.2617744761357844,0.9503179824250041,7,G9F6C 75 Comdty,arithmetic
4,8,69.45999908447266,75.0,1.1123287671232878,0.0452400016784668,0.2491,0.9261333211263021,-0.07673707940102384,0.26271829206642877,0.9509234106332246,8,G9F6C 75 Comdty,arithmetic
4,9,69.23999786376953,75.0,1.104109589041096,0.0459899997711181,0.25170000000000003,0.9231999715169271,-0.07990941408085103,0.2644778503815882,0.950489656055984,9,G9F6C 75 Comdty,arithmetic
4,10,70.0999984741211,75.0,1.1013698630136983,0.0459100008010864,0.2509,0.9346666463216146,-0.06756534126294042,0.2633099409181153,0.950693185714754,10,G9F6C 75 Comdty,arithmetic
4,11,69.62000274658203,75.0,1.095890410958904,0.045789999961853,0.2457,0.9282667032877604,-0.07443619170196938,0.25721051556083097,0.9510574369616897,11,G9F6C 75 Comdty,arithmetic
4,12,70.5999984741211,75.0,1.093150684931507,0.0461899995803833,0.237,0.9413333129882813,-0.06045799065012993,0.247792616560538,0.9507609360604792,12,G9F6C 75 Comdty,arithmetic
4,13,70.98999786376953,75.0,1.084931506849315,0.0454500007629394,0.237,0.9465333048502604,-0.05494912157700774,0.24685930772044865,0.9518858681126297,13,G9F6C 75 Comdty,arithmetic
4,14,73.12999725341797,75.0,1.0767123287671232,0.0457499980926513,0.2253,0.9750666300455729,-0.025249471810979432,0.2337819811540846,0.951933987946338,14,G9F6C 75 Comdty,arithmetic
4,15,73.95999908447266,75.0,1.073972602739726,0.0459600019454956,0.2211,0.986133321126302,-0.013963719396068783,0.22913178788456676,0.9518386128191062,15,G9F6C 75 Comdty,arithmetic
4,16,73.55999755859375,75.0,1.0657534246575342,0.0461800003051757,0.21739999999999998,0.9807999674479166,-0.01938674698950892,0.22443361675285436,0.9519750110085052,16,G9F6C 75 Comdty,arithmetic
4,17,73.31999969482422,75.0,1.0602739726027397,0.0469299983978271,0.2227,0.9775999959309896,-0.0226546947270509,0.22931331219683898,0.9514590258767754,17,G9F6C 75 Comdty,arithmetic
4,18,75.44000244140625,75.0,1.021917808219178,0.0459899997711181,0.20739999999999997,1.00586669921875,0.005849557151115972,0.20966055723543703,0.9540893059902346,18,G9F6C 75 Comdty,arithmetic
4,19,73.16999816894531,75.0,1.008219178082192,0.0452799987792968,0.1934,0.9755999755859375,-0.024702637665036484,0.19419316805837417,0.955374218757951,19,G9F6C 75 Comdty,arithmetic
5,0,69.94000244140625,76.55,1.158904109589041,0.0422300004959106,0.2703,0.9136512402535109,-0.09030635556131095,0.29098446067816813,0.952237766047442,0,G9F6C 76.55 Comdty,arithmetic
5,1,70.29000091552734,76.55,1.1369863013698631,0.0427099990844726,0.2464,0.9182233953693971,-0.08531456789087745,0.2627352352380937,0.952599530106172,1,G9F6C 76.55 Comdty,arithmetic
5,2,70.0199966430664,76.55,1.1342465753424658,0.0432399988174438,0.2553,0.9146962330903515,-0.08916325451967058,0.2718970859900176,0.9521384533477378,2,G9F6C 76.55 Comdty,arithmetic
5,3,71.29000091552734,76.55,1.1315068493150684,0.0439900016784668,0.2607,0.9312867526522187,-0.07118804413185889,0.2773126141112327,0.9514434864275215,3,G9F6C 76.55 Comdty,arithmetic
5,4,70.70999908447266,76.55,1.1232876712328768,0.0439699983596801,0.24989999999999998,0.9237099815084606,-0.07935712943517938,0.2648571809511116,0.9518089405217006,4,G9F6C 76.55 Comdty,arithmetic
5,5,70.08000183105469,76.55,1.1205479452054794,0.0438500022888183,0.2482,0.9154801022998653,-0.0883066493474936,0.2627344362659756,0.9520516133448755,5,G9F6C 76.55 Comdty,arithmetic
5,6,70.58000183105469,76.55,1.1178082191780825,0.0449399995803833,0.2446,0.9220117809412761,-0.08119727791360101,0.25860689626249445,0.9510065766974146,6,G9F6C 76.55 Comdty,arithmetic
5,7,69.91000366210938,76.55,1.115068493150685,0.0457000017166137,0.24789999999999998,0.9132593554815073,-0.0907353691966022,0.2617744761357844,0.9503179824250041,7,G9F6C 76.55 Comdty,arithmetic
5,8,69.45999908447266,76.55,1.1123287671232878,0.0452400016784668,0.2491,0.9073807849049335,-0.09719308796840617,0.26271829206642877,0.9509234106332246,8,G9F6C 76.55 Comdty,arithmetic
5,9,69.23999786376953,76.55,1.104109589041096,0.0459899997711181,0.25170000000000003,0.9045068303562317,-0.10036542264823331,0.2644778503815882,0.950489656055984,9,G9F6C 76.55 Comdty,arithmetic
5,10,70.0999984741211,76.55,1.1013698630136983,0.0459100008010864,0.2509,0.9157413255926988,-0.0880213498303227,0.2633099409181153,0.950693185714754,10,G9F6C 76.55 Comdty,arithmetic
5,11,69.62000274658203,76.55,1.095890410958904,0.045789999961853,0.2457,0.9094709699096282,-0.09489220026935162,0.25721051556083097,0.9510574369616897,11,G9F6C 76.55 Comdty,arithmetic
5,12,70.5999984741211,76.55,1.093150684931507,0.0461899995803833,0.237,0.9222730042341097,-0.08091399921751218,0.247792616560538,0.9507609360604792,12,G9F6C 76.55 Comdty,arithmetic
5,13,70.98999786376953,76.55,1.084931506849315,0.0454500007629394,0.237,0.9273677056011697,-0.07540513014438999,0.24685930772044865,0.9518858681126297,13,G9F6C 76.55 Comdty,arithmetic
5,14,73.12999725341797,76.55,1.0767123287671232,0.0457499980926513,0.2253,0.9553232822131675,-0.045705480378361675,0.2337819811540846,0.951933987946338,14,G9F6C 76.55 Comdty,arithmetic
5,15,73.95999908447266,76.55,1.073972602739726,0.0459600019454956,0.2211,0.9661658926776311,-0.034419727963451004,0.22913178788456676,0.9518386128191062,15,G9F6C 76.55 Comdty,arithmetic
5,16,73.55999755859375,76.55,1.0657534246575342,0.0461800003051757,0.21739999999999998,0.9609405298314011,-0.03984275555689115,0.22443361675285436,0.9519750110085052,16,G9F6C 76.55 Comdty,arithmetic
5,17,73.31999969482422,76.55,1.0602739726027397,0.0469299983978271,0.2227,0.9578053519898657,-0.04311070329443318,0.22931331219683898,0.9514590258767754,17,G9F6C 76.55 Comdty,arithmetic
5,18,75.44000244140625,76.55,1.021917808219178,0.0459899997711181,0.20739999999999997,0.9854997053090301,-0.014606451416266245,0.20966055723543703,0.9540893059902346,18,G9F6C 76.55 Comdty,arithmetic
5,19,73.16999816894531,76.55,1.008219178082192,0.0452799987792968,0.1934,0.9558458284643412,-0.045158646232418706,0.19419316805837417,0.955374218757951,19,G9F6C 76.55 Comdty,arithmetic
6,0,69.94000244140625,76.6,1.158904109589041,0.0422300004959106,0.2703,0.9130548621593506,-0.09095931020416378,0.29098446067816813,0.952237766047442,0,G9F6C 76.6 Comdty,arithmetic
6,1,70.29000091552734,76.6,1.1369863013698631,0.0427099990844726,0.2464,0.9176240328397827,-0.08596752253373026,0.2627352352380937,0.952599530106172,1,G9F6C 76.6 Comdty,arithmetic
6,2,70.0199966430664,76.6,1.1342465753424658,0.0432399988174438,0.2553,0.9140991728859845,-0.08981620916252336,0.2718970859900176,0.9521384533477378,2,G9F6C 76.6 Comdty,arithmetic
6,3,71.29000091552734,76.6,1.1315068493150684,0.0439900016784668,0.2607,0.9306788631269889,-0.07184099877471165,0.2773126141112327,0.9514434864275215,3,G9F6C 76.6 Comdty,arithmetic
6,4,70.70999908447266,76.6,1.1232876712328768,0.0439699983596801,0.24989999999999998,0.9231070376563011,-0.08001008407803219,0.2648571809511116,0.9518089405217006,4,G9F6C 76.6 Comdty,arithmetic
6,5,70.08000183105469,76.6,1.1205479452054794,0.0438500022888183,0.2482,0.9148825304315235,-0.08895960399034636,0.2627344362659756,0.9520516133448755,5,G9F6C 76.6 Comdty,arithmetic
6,6,70.58000183105469,76.6,1.1178082191780825,0.0449399995803833,0.2446,0.9214099455751266,-0.08185023255645375,0.25860689626249445,0.9510065766974146,6,G9F6C 76.6 Comdty,arithmetic
6,7,69.91000366210938,76.6,1.115068493150685,0.0457000017166137,0.24789999999999998,0.9126632331868065,-0.09138832383945508,0.2617744761357844,0.9503179824250041,7,G9F6C 76.6 Comdty,arithmetic
6,8,69.45999908447266,76.6,1.1123287671232878,0.0452400016784668,0.2491,0.9067884997972933,-0.09784604261125893,0.26271829206642877,0.9509234106332246,8,G9F6C 76.6 Comdty,arithmetic
6,9,69.23999786376953,76.6,1.104109589041096,0.0459899997711181,0.25170000000000003,0.9039164211980357,-0.10101837729108616,0.2644778503815882,0.950489656055984,9,G9F6C 76.6 Comdty,arithmetic
6,10,70.0999984741211,76.6,1.1013698630136983,0.0459100008010864,0.2509,0.9151435832130692,-0.08867430447317547,0.2633099409181153,0.950693185714754,10,G9F6C 76.6 Comdty,arithmetic
6,11,69.62000274658203,76.6,1.095890410958904,0.045789999961853,0.2457,0.9088773204514626,-0.09554515491220446,0.25721051556083097,0.9510574369616897,11,G9F6C 76.6 Comdty,arithmetic
6,12,70.5999984741211,76.6,1.093150684931507,0.0461899995803833,0.237,0.9216709983566723,-0.08156695386036504,0.247792616560538,0.9507609360604792,12,G9F6C 76.6 Comdty,arithmetic
6,13,70.98999786376953,76.6,1.084931506849315,0.0454500007629394,0.237,0.9267623742006467,-0.07605808478724288,0.24685930772044865,0.9518858681126297,13,G9F6C 76.6 Comdty,arithmetic
6,14,73.12999725341797,76.6,1.0767123287671232,0.0457499980926513,0.2253,0.9546997030472321,-0.04635843502121451,0.2337819811540846,0.951933987946338,14,G9F6C 76.6 Comdty,arithmetic
6,15,73.95999908447266,76.6,1.073972602739726,0.0459600019454956,0.2211,0.9655352360897215,-0.03507268260630379,0.22913178788456676,0.9518386128191062,15,G9F6C 76.6 Comdty,arithmetic
6,16,73.55999755859375,76.6,1.0657534246575342,0.0461800003051757,0.21739999999999998,0.9603132840547488,-0.040495710199743955,0.22443361675285436,0.9519750110085052,16,G9F6C 76.6 Comdty,arithmetic
6,17,73.31999969482422,76.6,1.0602739726027397,0.0469299983978271,0.2227,0.9571801526739455,-0.04376365793728595,0.22931331219683898,0.9514590258767754,17,G9F6C 76.6 Comdty,arithmetic
6,18,75.44000244140625,76.6,1.021917808219178,0.0459899997711181,0.20739999999999997,0.984856428738985,-0.015259406059119077,0.20966055723543703,0.9540893059902346,18,G9F6C 76.6 Comdty,arithmetic
6,19,73.16999816894531,76.6,1.008219178082192,0.0452799987792968,0.1934,0.9552219082107744,-0.04581160087527159,0.19419316805837417,0.955374218757951,19,G9F6C 76.6 Comdty,arithmetic
7,0,69.94000244140625,77.4,1.158904109589041,0.0422300004959106,0.2703,0.9036176026021479,-0.10134901405329978,0.29098446067816813,0.952237766047442,0,G9F6C 77.4 Comdty,arithmetic
7,1,70.29000091552734,77.4,1.1369863013698631,0.0427099990844726,0.2464,0.9081395467122395,-0.09635722638286628,0.2627352352380937,0.952599530106172,1,G9F6C 77.4 Comdty,arithmetic
7,2,70.0199966430664,77.4,1.1342465753424658,0.0432399988174438,0.2553,0.9046511194194625,-0.1002059130116594,0.2718970859900176,0.9521384533477378,2,G9F6C 77.4 Comdty,arithmetic
7,3,71.29000091552734,77.4,1.1315068493150684,0.0439900016784668,0.2607,0.9210594433530664,-0.08223070262384756,0.2773126141112327,0.9514434864275215,3,G9F6C 77.4 Comdty,arithmetic
7,4,70.70999908447266,77.4,1.1232876712328768,0.0439699983596801,0.24989999999999998,0.9135658796443495,-0.09039978792716813,0.2648571809511116,0.9518089405217006,4,G9F6C 77.4 Comdty,arithmetic
7,5,70.08000183105469,77.4,1.1205479452054794,0.0438500022888183,0.2482,0.9054263802461845,-0.09934930783948243,0.2627344362659756,0.9520516133448755,5,G9F6C 77.4 Comdty,arithmetic
7,6,70.58000183105469,77.4,1.1178082191780825,0.0449399995803833,0.2446,0.911886328566598,-0.0922399364055897,0.25860689626249445,0.9510065766974146,6,G9F6C 77.4 Comdty,arithmetic
7,7,69.91000366210938,77.4,1.115068493150685,0.0457000017166137,0.24789999999999998,0.9032300214742812,-0.1017780276885911,0.2617744761357844,0.9503179824250041,7,G9F6C 77.4 Comdty,arithmetic
7,8,69.45999908447266,77.4,1.1123287671232878,0.0452400016784668,0.2491,0.897416008843316,-0.10823574646039487,0.26271829206642877,0.9509234106332246,8,G9F6C 77.4 Comdty,arithmetic
7,9,69.23999786376953,77.4,1.104109589041096,0.0459899997711181,0.25170000000000003,0.8945736158109758,-0.11140808114022209,0.2644778503815882,0.950489656055984,9,G9F6C 77.4 Comdty,arithmetic
7,10,70.0999984741211,77.4,1.1013698630136983,0.0459100008010864,0.2509,0.905684734807766,-0.09906400832231145,0.2633099409181153,0.950693185714754,10,G9F6C 77.4 Comdty,arithmetic
7,11,69.62000274658203,77.4,1.095890410958904,0.045789999961853,0.2457,0.8994832396199228,-0.10593485876134044,0.25721051556083097,0.9510574369616897,11,G9F6C 77.4 Comdty,arithmetic
7,12,70.5999984741211,77.4,1.093150684931507,0.0461899995803833,0.237,0.9121446831281794,-0.09195665770950104,0.247792616560538,0.9507609360604792,12,G9F6C 77.4 Comdty,arithmetic
7,13,70.98999786376953,77.4,1.084931506849315,0.0454500007629394,0.237,0.9171834349324228,-0.08644778863637881,0.24685930772044865,0.9518858681126297,13,G9F6C 77.4 Comdty,arithmetic
7,14,73.12999725341797,77.4,1.0767123287671232,0.0457499980926513,0.2253,0.9448320058581132,-0.056748138870350504,0.2337819811540846,0.951933987946338,14,G9F6C 77.4 Comdty,arithmetic
7,15,73.95999908447266,77.4,1.073972602739726,0.0459600019454956,0.2211,0.9555555437270369,-0.04546238645543974,0.22913178788456676,0.9518386128191062,15,G9F6C 77.4 Comdty,arithmetic
7,16,73.55999755859375,77.4,1.0657534246575342,0.0461800003051757,0.21739999999999998,0.9503875653565084,-0.05088541404887992,0.22443361675285436,0.9519750110085052,16,G9F6C 77.4 Comdty,arithmetic
7,17,73.31999969482422,77.4,1.0602739726027397,0.0469299983978271,0.2227,0.9472868177625867,-0.054153361786421966,0.22931331219683898,0.9514590258767754,17,G9F6C 77.4 Comdty,arithmetic
7,18,75.44000244140625,77.4,1.021917808219178,0.0459899997711181,0.20739999999999997,0.9746770341266957,-0.025649109908254985,0.20966055723543703,0.9540893059902346,18,G9F6C 77.4 Comdty,arithmetic
7,19,73.16999816894531,77.4,1.008219178082192,0.0452799987792968,0.1934,0.945348813552265,-0.05620130472440751,0.19419316805837417,0.955374218757951,19,G9F6C 77.4 Comdty,arithmetic
8,0,69.94000244140625,78.0,1.158904109589041,0.0422300004959106,0.2703,0.8966666979667468,-0.10907106014720999,0.29098446067816813,0.952237766047442,0,G9F6C 78 Comdty,arithmetic
8,1,70.29000091552734,78.0,1.1369863013698631,0.0427099990844726,0.2464,0.9011538578913763,-0.10407927247677645,0.2627352352380937,0.952599530106172,1,G9F6C 78 Comdty,arithmetic
8,2,70.0199966430664,78.0,1.1342465753424658,0.0432399988174438,0.2553,0.8976922646546975,-0.10792795910556958,0.2718970859900176,0.9521384533477378,2,G9F6C 78 Comdty,arithmetic
8,3,71.29000091552734,78.0,1.1315068493150684,0.0439900016784668,0.2607,0.913974370711889,-0.08995274871775785,0.2773126141112327,0.9514434864275215,3,G9F6C 78 Comdty,arithmetic
8,4,70.70999908447266,78.0,1.1232876712328768,0.0439699983596801,0.24989999999999998,0.9065384498009315,-0.09812183402107845,0.2648571809511116,0.9518089405217006,4,G9F6C 78 Comdty,arithmetic
8,5,70.08000183105469,78.0,1.1205479452054794,0.0438500022888183,0.2482,0.8984615619365985,-0.10707135393339264,0.2627344362659756,0.9520516133448755,5,G9F6C 78 Comdty,arithmetic
8,6,70.58000183105469,78.0,1.1178082191780825,0.0449399995803833,0.2446,0.9048718183468549,-0.09996198249950003,0.25860689626249445,0.9510065766974146,6,G9F6C 78 Comdty,arithmetic
8,7,69.91000366210938,78.0,1.115068493150685,0.0457000017166137,0.24789999999999998,0.8962820982321714,-0.10950007378250133,0.2617744761357844,0.9503179824250041,7,G9F6C 78 Comdty,arithmetic
8,8,69.45999908447266,78.0,1.1123287671232878,0.0452400016784668,0.2491,0.8905128087752905,-0.11595779255430512,0.26271829206642877,0.9509234106332246,8,G9F6C 78 Comdty,arithmetic
8,9,69.23999786376953,78.0,1.104109589041096,0.0459899997711181,0.25170000000000003,0.8876922803047376,-0.11913012723413237,0.2644778503815882,0.950489656055984,9,G9F6C 78 Comdty,arithmetic
8,10,70.0999984741211,78.0,1.1013698630136983,0.0459100008010864,0.2509,0.8987179291553986,-0.10678605441622173,0.2633099409181153,0.950693185714754,10,G9F6C 78 Comdty,arithmetic
8,11,69.62000274658203,78.0,1.095890410958904,0.045789999961853,0.2457,0.8925641377766927,-0.11365690485525064,0.25721051556083097,0.9510574369616897,11,G9F6C 78 Comdty,arithmetic
8,12,70.5999984741211,78.0,1.093150684931507,0.0461899995803833,0.237,0.905128185565655,-0.0996787038034113,0.247792616560538,0.9507609360604792,12,G9F6C 78 Comdty,arithmetic
8,13,70.98999786376953,78.0,1.084931506849315,0.0454500007629394,0.237,0.910128177740635,-0.09416983473028903,0.24685930772044865,0.9518858681126297,13,G9F6C 78 Comdty,arithmetic
8,14,73.12999725341797,78.0,1.0767123287671232,0.0457499980926513,0.2253,0.9375640673515124,-0.06447018496426073,0.2337819811540846,0.951933987946338,14,G9F6C 78 Comdty,arithmetic
8,15,73.95999908447266,78.0,1.073972602739726,0.0459600019454956,0.2211,0.9482051164675982,-0.053184432549349986,0.22913178788456676,0.9518386128191062,15,G9F6C 78 Comdty,arithmetic
8,16,73.55999755859375,78.0,1.0657534246575342,0.0461800003051757,0.21739999999999998,0.943076891776843,-0.05860746014279019,0.22443361675285436,0.9519750110085052,16,G9F6C 78 Comdty,arithmetic
8,17,73.31999969482422,78.0,1.0602739726027397,0.0469299983978271,0.2227,0.93999999608749,-0.061875407880332196,0.22931331219683898,0.9514590258767754,17,G9F6C 78 Comdty,arithmetic
8,18,75.44000244140625,78.0,1.021917808219178,0.0459899997711181,0.20739999999999997,0.9671795184795673,-0.033371156002165274,0.20966055723543703,0.9540893059902346,18,G9F6C 78 Comdty,arithmetic
8,19,73.16999816894531,78.0,1.008219178082192,0.0452799987792968,0.1934,0.938076899601863,-0.06392335081831771,0.19419316805837417,0.955374218757951,19,G9F6C 78 Comdty,arithmetic
9,0,69.94000244140625,79.25,1.158904109589041,0.0422300004959106,0.2703,0.8825236901123817,-0.12496964621500821,0.29098446067816813,0.952237766047442,0,G9F6C 79.25 Comdty,arithmetic
9,1,70.29000091552734,79.25,1.1369863013698631,0.0427099990844726,0.2464,0.8869400746438781,-0.11997785854457478,0.2627352352380937,0.952599530106172,1,G9F6C 79.25 Comdty,arithmetic
9,2,70.0199966430664,79.25,1.1342465753424658,0.0432399988174438,0.2553,0.8835330806696077,-0.12382654517336784,0.2718970859900176,0.9521384533477378,2,G9F6C 79.25 Comdty,arithmetic
9,3,71.29000091552734,79.25,1.1315068493150684,0.0439900016784668,0.2607,0.8995583711738466,-0.10585133478555608,0.2773126141112327,0.9514434864275215,3,G9F6C 79.25 Comdty,arithmetic
9,4,70.70999908447266,79.25,1.1232876712328768,0.0439699983596801,0.24989999999999998,0.892239736081674,-0.1140204200888766,0.2648571809511116,0.9518089405217006,4,G9F6C 79.25 Comdty,arithmetic
9,5,70.08000183105469,79.25,1.1205479452054794,0.0438500022888183,0.2482,0.8842902439249802,-0.12296994000119094,0.2627344362659756,0.9520516133448755,5,G9F6C 79.25 Comdty,arithmetic
9,6,70.58000183105469,79.25,1.1178082191780825,0.0449399995803833,0.2446,0.8905993921899645,-0.1158605685672982,0.25860689626249445,0.9510065766974146,6,G9F6C 79.25 Comdty,arithmetic
9,7,69.91000366210938,79.25,1.115068493150685,0.0457000017166137,0.24789999999999998,0.8821451566196766,-0.12539865985029958,0.2617744761357844,0.9503179824250041,7,G9F6C 79.25 Comdty,arithmetic
9,8,69.45999908447266,79.25,1.1123287671232878,0.0452400016784668,0.2491,0.8764668654192134,-0.13185637862210337,0.26271829206642877,0.9509234106332246,8,G9F6C 79.25 Comdty,arithmetic
9,9,69.23999786376953,79.25,1.104109589041096,0.0459899997711181,0.25170000000000003,0.8736908247794263,-0.13502871330193061,0.2644778503815882,0.950489656055984,9,G9F6C 79.25 Comdty,arithmetic
9,10,70.0999984741211,79.25,1.1013698630136983,0.0459100008010864,0.2509,0.8845425674967962,-0.12268464048401992,0.2633099409181153,0.950693185714754,10,G9F6C 79.25 Comdty,arithmetic
9,11,69.62000274658203,79.25,1.095890410958904,0.045789999961853,0.2457,0.8784858390735903,-0.12955549092304888,0.25721051556083097,0.9510574369616897,11,G9F6C 79.25 Comdty,arithmetic
9,12,70.5999984741211,79.25,1.093150684931507,0.0461899995803833,0.237,0.8908517157617803,-0.11557728987120953,0.247792616560538,0.9507609360604792,12,G9F6C 79.25 Comdty,arithmetic
9,13,70.98999786376953,79.25,1.084931506849315,0.0454500007629394,0.237,0.895772843706871,-0.11006842079808732,0.24685930772044865,0.9518858681126297,13,G9F6C 79.25 Comdty,arithmetic
9,14,73.12999725341797,79.25,1.0767123287671232,0.0457499980926513,0.2253,0.9227759905794065,-0.08036877103205903,0.2337819811540846,0.951933987946338,14,G9F6C 79.25 Comdty,arithmetic
9,15,73.95999908447266,79.25,1.073972602739726,0.0459600019454956,0.2211,0.9332491998040714,-0.06908301861714826,0.22913178788456676,0.9518386128191062,15,G9F6C 79.25 Comdty,arithmetic
9,16,73.55999755859375,79.25,1.0657534246575342,0.0461800003051757,0.21739999999999998,0.9282018619380915,-0.07450604621058841,0.22443361675285436,0.9519750110085052,16,G9F6C 79.25 Comdty,arithmetic
9,17,73.31999969482422,79.25,1.0602739726027397,0.0469299983978271,0.2227,0.9251734977264886,-0.0777739939481304,0.22931331219683898,0.9514590258767754,17,G9F6C 79.25 Comdty,arithmetic
9,18,75.44000244140625,79.25,1.021917808219178,0.0459899997711181,0.20739999999999997,0.9519243210272083,-0.049269742069963464,0.20966055723543703,0.9540893059902346,18,G9F6C 79.25 Comdty,arithmetic
9,19,73.16999816894531,79.25,1.008219178082192,0.0452799987792968,0.1934,0.9232807339930008,-0.07982193688611598,0.19419316805837417,0.955374218757951,19,G9F6C 79.25 Comdty,arithmetic
10,0,69.94000244140625,81.25,1.158904109589041,0.0422300004959106,0.2703,0.8608000300480769,-0.14989305466746514,0.29098446067816813,0.952237766047442,0,G9F6C 81.25 Comdty,arithmetic
10,1,70.29000091552734,81.25,1.1369863013698631,0.0427099990844726,0.2464,0.8651077035757212,-0.1449012669970316,0.2627352352380937,0.952599530106172,1,G9F6C 81.25 Comdty,arithmetic
10,2,70.0199966430664,81.25,1.1342465753424658,0.0432399988174438,0.2553,0.8617845740685096,-0.14874995362582474,0.2718970859900176,0.9521384533477378,2,G9F6C 81.25 Comdty,arithmetic
10,3,71.29000091552734,81.25,1.1315068493150684,0.0439900016784668,0.2607,0.8774153958834134,-0.130774743238013,0.2773126141112327,0.9514434864275215,3,G9F6C 81.25 Comdty,arithmetic
10,4,70.70999908447266,81.25,1.1232876712328768,0.0439699983596801,0.24989999999999998,0.8702769118088942,-0.13894382854133355,0.2648571809511116,0.9518089405217006,4,G9F6C 81.25 Comdty,arithmetic
10,5,70.08000183105469,81.25,1.1205479452054794,0.0438500022888183,0.2482,0.8625230994591346,-0.1478933484536477,0.2627344362659756,0.9520516133448755,5,G9F6C 81.25 Comdty,arithmetic
10,6,70.58000183105469,81.25,1.1178082191780825,0.0449399995803833,0.2446,0.8686769456129808,-0.14078397701975506,0.25860689626249445,0.9510065766974146,6,G9F6C 81.25 Comdty,arithmetic
10,7,69.91000366210938,81.25,1.115068493150685,0.0457000017166137,0.24789999999999998,0.8604308143028846,-0.15032206830275643,0.2617744761357844,0.9503179824250041,7,G9F6C 81.25 Comdty,arithmetic
10,8,69.45999908447266,81.25,1.1123287671232878,0.0452400016784668,0.2491,0.8548922964242789,-0.15677978707456022,0.26271829206642877,0.9509234106332246,8,G9F6C 81.25 Comdty,arithmetic
10,9,69.23999786376953,81.25,1.104109589041096,0.0459899997711181,0.25170000000000003,0.8521845890925481,-0.15995212175438744,0.2644778503815882,0.950489656055984,9,G9F6C 81.25 Comdty,arithmetic
10,10,70.0999984741211,81.25,1.1013698630136983,0.0459100008010864,0.2509,0.8627692119891827,-0.14760804893647686,0.2633099409181153,0.950693185714754,10,G9F6C 81.25 Comdty,arithmetic
10,11,69.62000274658203,81.25,1.095890410958904,0.045789999961853,0.2457,0.856861572265625,-0.15447889937550582,0.25721051556083097,0.9510574369616897,11,G9F6C 81.25 Comdty,arithmetic
10,12,70.5999984741211,81.25,1.093150684931507,0.0461899995803833,0.237,0.8689230581430288,-0.14050069832366638,0.247792616560538,0.9507609360604792,12,G9F6C 81.25 Comdty,arithmetic
10,13,70.98999786376953,81.25,1.084931506849315,0.0454500007629394,0.237,0.8737230506310096,-0.13499182925054415,0.24685930772044865,0.9518858681126297,13,G9F6C 81.25 Comdty,arithmetic
10,14,73.12999725341797,81.25,1.0767123287671232,0.0457499980926513,0.2253,0.9000615046574519,-0.10529217948451584,0.2337819811540846,0.951933987946338,14,G9F6C 81.25 Comdty,arithmetic
10,15,73.95999908447266,81.25,1.073972602739726,0.0459600019454956,0.2211,0.9102769118088943,-0.09400642706960513,0.22913178788456676,0.9518386128191062,15,G9F6C 81.25 Comdty,arithmetic
10,16,73.55999755859375,81.25,1.0657534246575342,0.0461800003051757,0.21739999999999998,0.9053538161057693,-0.09942945466304529,0.22443361675285436,0.9519750110085052,16,G9F6C 81.25 Comdty,arithmetic
10,17,73.31999969482422,81.25,1.0602739726027397,0.0469299983978271,0.2227,0.9023999962439904,-0.10269740240058733,0.22931331219683898,0.9514590258767754,17,G9F6C 81.25 Comdty,arithmetic
10,18,75.44000244140625,81.25,1.021917808219178,0.0459899997711181,0.20739999999999997,0.9284923377403846,-0.07419315052242036,0.20966055723543703,0.9540893059902346,18,G9F6C 81.25 Comdty,arithmetic
10,19,73.16999816894531,81.25,1.008219178082192,0.0452799987792968,0.1934,0.9005538236177885,-0.10474534533857288,0.19419316805837417,0.955374218757951,19,G9F6C 81.25 Comdty,arithmetic
11,0,69.94000244140625,71.1,2.1561643835616437,0.0422300004959106,0.2703,0.9836849851111991,-0.016449570266813412,0.3969053744238988,0.9129676579131434,0,G9F7C 71.1 Comdty,arithmetic
11,1,70.29000091552734,71.1,2.1342465753424658,0.0427099990844726,0.2464,0.9886076078133241,-0.011457782596379938,0.3599672581762182,0.9128774189055556,1,G9F7C 71.1 Comdty,arithmetic
11,2,70.0199966430664,71.1,2.1315068493150684,0.0432399988174438,0.2553,0.9848100793680227,-0.015306469225172982,0.37272985560627414,0.9119534301498611,2,G9F7C 71.1 Comdty,arithmetic
11,3,71.29000091552734,71.1,2.128767123287671,0.0439900016784668,0.2607,1.0026723054223257,0.0026687411626388387,0.380368994350241,0.910606453221938,3,G9F7C 71.1 Comdty,arithmetic
11,4,70.70999908447266,71.1,2.1205479452054794,0.0439699983596801,0.24989999999999998,0.9945147550558743,-0.0055003441406818,0.3639069117007282,0.9109743940172998,4,G9F7C 71.1 Comdty,arithmetic
11,5,70.08000183105469,71.1,2.117808219178082,0.0438500022888183,0.2482,0.9856540341920491,-0.01444986405299601,0.3611977962280501,0.9113157038590493,5,G9F7C 71.1 Comdty,arithmetic
11,6,70.58000183105469,71.1,2.115068493150685,0.0449399995803833,0.2446,0.9926863829965499,-0.007340492619103311,0.35572850783662424,0.9093263965033845,6,G9F7C 71.1 Comdty,arithmetic
11,7,69.91000366210938,71.1,2.112328767123288,0.0457000017166137,0.24789999999999998,0.9832630613517493,-0.01687858390210468,0.36029421048580434,0.9079795448947156,7,G9F7C 71.1 Comdty,arithmetic
11,8,69.45999908447266,71.1,2.1095890410958904,0.0452400016784668,0.2491,0.9769338830446225,-0.02333630267390858,0.3618034117682188,0.9089748874444392,8,G9F7C 71.1 Comdty,arithmetic
11,9,69.23999786376953,71.1,2.1013698630136988,0.0459899997711181,0.25170000000000003,0.9738396324018219,-0.026508637353735712,0.3648668987190013,0.9078809697850726,9,G9F7C 71.1 Comdty,arithmetic
11,10,70.0999984741211,71.1,2.0986301369863014,0.0459100008010864,0.2509,0.9859352809299733,-0.014164564535825047,0.3634700359227685,0.9081478245442283,10,G9F7C 71.1 Comdty,arithmetic
11,11,69.62000274658203,71.1,2.0931506849315067,0.045789999961853,0.2457,0.9791842861685237,-0.021035414974854064,0.3554720047933182,0.9086045029179726,11,G9F7C 71.1 Comdty,arithmetic
11,12,70.5999984741211,71.1,2.0904109589041098,0.0461899995803833,0.237,0.9929676297344739,-0.0070572139230146505,0.34266060927787556,0.9079589766388846,12,G9F7C 71.1 Comdty,arithmetic
11,13,70.98999786376953,71.1,2.0821917808219177,0.0454500007629394,0.237,0.9984528532175744,-0.0015483448498924118,0.3419863010955063,0.9097043539503136,13,G9F7C 71.1 Comdty,arithmetic
11,14,73.12999725341797,71.1,2.073972602739726,0.0457499980926513,0.2253,1.0285512975164273,0.028151304916135947,0.32446114709253365,0.9094782071899041,14,G9F7C 71.1 Comdty,arithmetic
11,15,73.95999908447266,71.1,2.0712328767123287,0.0459600019454956,0.2211,1.0402250222851288,0.03943705733104655,0.31820222208052895,0.9091966541142211,15,G9F7C 71.1 Comdty,arithmetic
11,16,73.55999755859375,71.1,2.063013698630137,0.0461800003051757,0.21739999999999998,1.0345991217805028,0.03401402973760638,0.31225585873617884,0.9091274612548168,16,G9F7C 71.1 Comdty,arithmetic
11,17,73.31999969482422,71.1,2.0575342465753423,0.0469299983978271,0.2227,1.031223624399778,0.03074608200006442,0.31944327766261665,0.9079553470069074,17,G9F7C 71.1 Comdty,arithmetic
11,18,75.44000244140625,71.1,2.0191780821917806,0.0459899997711181,0.20739999999999997,1.0610408219607068,0.05925033387823134,0.2947108084253777,0.9113192540971343,18,G9F7C 71.1 Comdty,arithmetic
11,19,73.16999816894531,71.1,2.0054794520547947,0.0452799987792968,0.1934,1.0291138982974024,0.02869813906207877,0.2738833164208777,0.9131929292892185,19,G9F7C 71.1 Comdty,arithmetic
12,0,69.94000244140625,70.85,1.2356164383561643,0.0422300004959106,0.2703,0.9871559977615562,-0.012927199594307654,0.3004608450774535,0.949157924430478,0,G9G6C 70.85 Comdty,arithmetic
12,1,70.29000091552734,70.85,1.2136986301369863,0.0427099990844726,0.2464,0.9920959903391299,-0.007935411923874102,0.27145393049937894,0.9494835560821488,1,G9G6C 70.85 Comdty,arithmetic
12,2,70.0199966430664,70.85,1.210958904109589,0.0432399988174438,0.2553,0.9882850620051716,-0.011784098552667259,0.28094125442582507,0.9489854033444775,2,G9G6C 70.85 Comdty,arithmetic
12,3,71.29000091552734,70.85,1.2082191780821918,0.0439900016784668,0.2607,1.0062103163800613,0.006191111835144439,0.2865588949004643,0.9482381798921437,3,G9G6C 70.85 Comdty,arithmetic
12,4,70.70999908447266,70.85,1.2,0.0439699983596801,0.24989999999999998,0.9980239814322183,-0.0019779734681760093,0.273751734241082,0.9486038584450249,4,G9G6C 70.85 Comdty,arithmetic
12,5,70.08000183105469,70.85,1.1972602739726028,0.0438500022888183,0.2482,0.9891319947925856,-0.010927493380490266,0.27157892407180645,0.9488544484356977,5,G9G6C 70.85 Comdty,arithmetic
12,6,70.58000183105469,70.85,1.1945205479452057,0.0449399995803833,0.2446,0.9961891578130514,-0.003818121946597631,0.2673334266160919,0.9477336719835748,6,G9G6C 70.85 Comdty,arithmetic
12,7,69.91000366210938,70.85,1.1917808219178083,0.0457000017166137,0.24789999999999998,0.9867325852097302,-0.013356213229598872,0.2706292431727842,0.9469922348104292,7,G9G6C 70.85 Comdty,arithmetic
12,8,69.45999908447266,70.85,1.189041095890411,0.0452400016784668,0.2491,0.9803810738810538,-0.0198139320014028,0.27162651402852345,0.947628983285451,8,G9G6C 70.85 Comdty,arithmetic
12,9,69.23999786376953,70.85,1.180821917808219,0.0459899997711181,0.25170000000000003,0.9772759049226469,-0.02298626668123001,0.2735113911128624,0.947142236885544,9,G9G6C 70.85 Comdty,arithmetic
12,10,70.0999984741211,70.85,1.178082191780822,0.0459100008010864,0.2509,0.989414233932549,-0.010642193863319344,0.2723255922956528,0.9473508635434195,10,G9G6C 70.85 Comdty,arithmetic
12,11,69.62000274658203,70.85,1.1726027397260277,0.045789999961853,0.2457,0.9826394177358085,-0.017513044302348325,0.2660606261120261,0.9477225584650838,11,G9G6C 70.85 Comdty,arithmetic
12,12,70.5999984741211,70.85,1.16986301369863,0.0461899995803833,0.237,0.9964713969530148,-0.0035348432505088977,0.2563396879463622,0.9473980259810749,12,G9G6C 70.85 Comdty,arithmetic
12,13,70.98999786376953,70.85,1.1616438356164382,0.0454500007629394,0.237,1.0019759754942772,0.001974025822613353,0.25543761000044557,0.9485728252034397,13,G9G6C 70.85 Comdty,arithmetic
12,14,73.12999725341797,70.85,1.1534246575342466,0.0457499980926513,0.2253,1.0321806246071696,0.031673675588641564,0.24196681471775738,0.9485989467286903,14,G9G6C 70.85 Comdty,arithmetic
12,15,73.95999908447266,70.85,1.1506849315068493,0.0459600019454956,0.2211,1.0438955410652457,0.04295942800355232,0.2371739330545158,0.94848862557687,15,G9G6C 70.85 Comdty,arithmetic
12,16,73.55999755859375,70.85,1.1424657534246576,0.0461800003051757,0.21739999999999998,1.0382497891121207,0.03753640041011215,0.23237057626198881,0.9486085343050242,16,G9G6C 70.85 Comdty,arithmetic
12,17,73.31999969482422,70.85,1.1369863013698631,0.0469299983978271,0.2227,1.0348623810137505,0.03426845267257017,0.23746402957598814,0.9480398276679541,17,G9G6C 70.85 Comdty,arithmetic
12,18,75.44000244140625,70.85,1.0986301369863014,0.0459899997711181,0.20739999999999997,1.0647847909866797,0.0627727045507371,0.21738746898391562,0.9507292096306006,18,G9G6C 70.85 Comdty,arithmetic
12,19,73.16999816894531,70.85,1.084931506849315,0.0452799987792968,0.1934,1.0327452105708583,0.03222050973458454,0.20144552790352224,0.9520614506177351,19,G9G6C 70.85 Comdty,arithmetic
13,0,69.94000244140625,71.1,1.2356164383561643,0.0422300004959106,0.2703,0.9836849851111991,-0.016449570266813412,0.3004608450774535,0.949157924430478,0,G9G6C 71.1 Comdty,arithmetic
13,1,70.29000091552734,71.1,1.2136986301369863,0.0427099990844726,0.2464,0.9886076078133241,-0.011457782596379938,0.27145393049937894,0.9494835560821488,1,G9G6C 71.1 Comdty,arithmetic
13,2,70.0199966430664,71.1,1.210958904109589,0.0432399988174438,0.2553,0.9848100793680227,-0.015306469225172982,0.28094125442582507,0.9489854033444775,2,G9G6C 71.1 Comdty,arithmetic
13,3,71.29000091552734,71.1,1.2082191780821918,0.0439900016784668,0.2607,1.0026723054223257,0.0026687411626388387,0.2865588949004643,0.9482381798921437,3,G9G6C 71.1 Comdty,arithmetic
13,4,70.70999908447266,71.1,1.2,0.0439699983596801,0.24989999999999998,0.9945147550558743,-0.0055003441406818,0.273751734241082,0.9486038584450249,4,G9G6C 71.1 Comdty,arithmetic
13,5,70.08000183105469,71.1,1.1972602739726028,0.0438500022888183,0.2482,0.9856540341920491,-0.01444986405299601,0.27157892407180645,0.9488544484356977,5,G9G6C 71.1 Comdty,arithmetic
13,6,70.58000183105469,71.1,1.1945205479452057,0.0449399995803833,0.2446,0.9926863829965499,-0.007340492619103311,0.2673334266160919,0.9477336719835748,6,G9G6C 71.1 Comdty,arithmetic
13,7,69.91000366210938,71.1,1.1917808219178083,0.0457000017166137,0.24789999999999998,0.9832630613517493,-0.01687858390210468,0.2706292431727842,0.9469922348104292,7,G9G6C 71.1 Comdty,arithmetic
13,8,69.45999908447266,71.1,1.189041095890411,0.0452400016784668,0.2491,0.9769338830446225,-0.02333630267390858,0.27162651402852345,0.947628983285451,8,G9G6C 71.1 Comdty,arithmetic
13,9,69.23999786376953,71.1,1.180821917808219,0.0459899997711181,0.25170000000000003,0.9738396324018219,-0.026508637353735712,0.2735113911128624,0.947142236885544,9,G9G6C 71.1 Comdty,arithmetic
13,10,70.0999984741211,71.1,1.178082191780822,0.0459100008010864,0.2509,0.9859352809299733,-0.014164564535825047,0.2723255922956528,0.9473508635434195,10,G9G6C 71.1 Comdty,arithmetic
13,11,69.62000274658203,71.1,1.1726027397260277,0.045789999961853,0.2457,0.9791842861685237,-0.021035414974854064,0.2660606261120261,0.9477225584650838,11,G9G6C 71.1 Comdty,arithmetic
13,12,70.5999984741211,71.1,1.16986301369863,0.0461899995803833,0.237,0.9929676297344739,-0.0070572139230146505,0.2563396879463622,0.9473980259810749,12,G9G6C 71.1 Comdty,arithmetic
13,13,70.98999786376953,71.1,1.1616438356164382,0.0454500007629394,0.237,0.9984528532175744,-0.0015483448498924118,0.25543761000044557,0.9485728252034397,13,G9G6C 71.1 Comdty,arithmetic
13,14,73.12999725341797,71.1,1.1534246575342466,0.0457499980926513,0.2253,1.0285512975164273,0.028151304916135947,0.24196681471775738,0.9485989467286903,14,G9G6C 71.1 Comdty,arithmetic
13,15,73.95999908447266,71.1,1.1506849315068493,0.0459600019454956,0.2211,1.0402250222851288,0.03943705733104655,0.2371739330545158,0.94848862557687,15,G9G6C 71.1 Comdty,arithmetic
13,16,73.55999755859375,71.1,1.1424657534246576,0.0461800003051757,0.21739999999999998,1.0345991217805028,0.03401402973760638,0.23237057626198881,0.9486085343050242,16,G9G6C 71.1 Comdty,arithmetic
13,17,73.31999969482422,71.1,1.1369863013698631,0.0469299983978271,0.2227,1.031223624399778,0.03074608200006442,0.23746402957598814,0.9480398276679541,17,G9G6C 71.1 Comdty,arithmetic
13,18,75.44000244140625,71.1,1.0986301369863014,0.0459899997711181,0.20739999999999997,1.0610408219607068,0.05925033387823134,0.21738746898391562,0.9507292096306006,18,G9G6C 71.1 Comdty,arithmetic
13,19,73.16999816894531,71.1,1.084931506849315,0.0452799987792968,0.1934,1.0291138982974024,0.02869813906207877,0.20144552790352224,0.9520614506177351,19,G9G6C 71.1 Comdty,arithmetic
14,0,69.94000244140625,71.65,1.2356164383561643,0.0422300004959106,0.2703,0.9761340187216503,-0.024155387731799222,0.3004608450774535,0.949157924430478,0,G9G6C 71.65 Comdty,arithmetic
14,1,70.29000091552734,71.65,1.2136986301369863,0.0427099990844726,0.2464,0.9810188543688393,-0.019163600061365752,0.27145393049937894,0.9494835560821488,1,G9G6C 71.65 Comdty,arithmetic
14,2,70.0199966430664,71.65,1.210958904109589,0.0432399988174438,0.2553,0.9772504765257,-0.023012286690158784,0.28094125442582507,0.9489854033444775,2,G9G6C 71.65 Comdty,arithmetic
14,3,71.29000091552734,71.65,1.2082191780821918,0.0439900016784668,0.2607,0.9949755884930542,-0.00503707630234709,0.2865588949004643,0.9482381798921437,3,G9G6C 71.65 Comdty,arithmetic
14,4,70.70999908447266,71.65,1.2,0.0439699983596801,0.24989999999999998,0.9868806571454661,-0.013206161605667644,0.273751734241082,0.9486038584450249,4,G9G6C 71.65 Comdty,arithmetic
14,5,70.08000183105469,71.65,1.1972602739726028,0.0438500022888183,0.2482,0.9780879529805259,-0.022155681517981866,0.27157892407180645,0.9488544484356977,5,G9G6C 71.65 Comdty,arithmetic
14,6,70.58000183105469,71.65,1.1945205479452057,0.0449399995803833,0.2446,0.9850663200426334,-0.01504631008408917,0.2673334266160919,0.9477336719835748,6,G9G6C 71.65 Comdty,arithmetic
14,7,69.91000366210938,71.65,1.1917808219178083,0.0457000017166137,0.24789999999999998,0.9757153337349528,-0.024584401367090513,0.2706292431727842,0.9469922348104292,7,G9G6C 71.65 Comdty,arithmetic
14,8,69.45999908447266,71.65,1.189041095890411,0.0452400016784668,0.2491,0.9694347394901975,-0.031042120138894305,0.27162651402852345,0.947628983285451,8,G9G6C 71.65 Comdty,arithmetic
14,9,69.23999786376953,71.65,1.180821917808219,0.0459899997711181,0.25170000000000003,0.9663642409458413,-0.03421445481872153,0.2735113911128624,0.947142236885544,9,G9G6C 71.65 Comdty,arithmetic
14,10,70.0999984741211,71.65,1.178082191780822,0.0459100008010864,0.2509,0.9783670408111805,-0.021870382000810935,0.2723255922956528,0.9473508635434195,10,G9G6C 71.65 Comdty,arithmetic
14,11,69.62000274658203,71.65,1.1726027397260277,0.045789999961853,0.2457,0.9716678680611588,-0.02874123243983985,0.2660606261120261,0.9477225584650838,11,G9G6C 71.65 Comdty,arithmetic
14,12,70.5999984741211,71.65,1.16986301369863,0.0461899995803833,0.237,0.9853454078732881,-0.014763031388000428,0.2563396879463622,0.9473980259810749,12,G9G6C 71.65 Comdty,arithmetic
14,13,70.98999786376953,71.65,1.1616438356164382,0.0454500007629394,0.237,0.9907885256632174,-0.009254162314878236,0.25543761000044557,0.9485728252034397,13,G9G6C 71.65 Comdty,arithmetic
14,14,73.12999725341797,71.65,1.1534246575342466,0.0457499980926513,0.2253,1.0206559281705228,0.020445487451149963,0.24196681471775738,0.9485989467286903,14,G9G6C 71.65 Comdty,arithmetic
14,15,73.95999908447266,71.65,1.1506849315068493,0.0459600019454956,0.2211,1.0322400430491647,0.0317312398660608,0.2371739330545158,0.94848862557687,15,G9G6C 71.65 Comdty,arithmetic
14,16,73.55999755859375,71.65,1.1424657534246576,0.0461800003051757,0.21739999999999998,1.0266573281031925,0.026308212272620632,0.23237057626198881,0.9486085343050242,16,G9G6C 71.65 Comdty,arithmetic
14,17,73.31999969482422,71.65,1.1369863013698631,0.0469299983978271,0.2227,1.0233077417281815,0.023040264535078514,0.23746402957598814,0.9480398276679541,17,G9G6C 71.65 Comdty,arithmetic
14,18,75.44000244140625,71.65,1.0986301369863014,0.0459899997711181,0.20739999999999997,1.0528960564048324,0.05154451641324552,0.21738746898391562,0.9507292096306006,18,G9G6C 71.65 Comdty,arithmetic
14,19,73.16999816894531,71.65,1.084931506849315,0.0452799987792968,0.1934,1.021214210313263,0.020992321597092967,0.20144552790352224,0.9520614506177351,19,G9G6C 71.65 Comdty,arithmetic
15,0,69.94000244140625,72.2,1.2356164383561643,0.0422300004959106,0.2703,0.9686980947563192,-0.031802279356398885,0.3004608450774535,0.949157924430478,0,G9G6C 72.2 Comdty,arithmetic
15,1,70.29000091552734,72.2,1.2136986301369863,0.0427099990844726,0.2464,0.9735457190516252,-0.026810491685965342,0.27145393049937894,0.9494835560821488,1,G9G6C 72.2 Comdty,arithmetic
15,2,70.0199966430664,72.2,1.210958904109589,0.0432399988174438,0.2553,0.9698060476879004,-0.03065917831475843,0.28094125442582507,0.9489854033444775,2,G9G6C 72.2 Comdty,arithmetic
15,3,71.29000091552734,72.2,1.2082191780821918,0.0439900016784668,0.2607,0.9873961345640906,-0.012683967926946711,0.2865588949004643,0.9482381798921437,3,G9G6C 72.2 Comdty,arithmetic
15,4,70.70999908447266,72.2,1.2,0.0439699983596801,0.24989999999999998,0.9793628682059924,-0.020853053230267305,0.273751734241082,0.9486038584450249,4,G9G6C 72.2 Comdty,arithmetic
15,5,70.08000183105469,72.2,1.1972602739726028,0.0438500022888183,0.2482,0.9706371444744416,-0.029802573142581477,0.27157892407180645,0.9488544484356977,5,G9G6C 72.2 Comdty,arithmetic
15,6,70.58000183105469,72.2,1.1945205479452057,0.0449399995803833,0.2446,0.9775623522306743,-0.022693201708688795,0.2673334266160919,0.9477336719835748,6,G9G6C 72.2 Comdty,arithmetic
15,7,69.91000366210938,72.2,1.1917808219178083,0.0457000017166137,0.24789999999999998,0.9682825991981907,-0.03223129299169017,0.2706292431727842,0.9469922348104292,7,G9G6C 72.2 Comdty,arithmetic
15,8,69.45999908447266,72.2,1.189041095890411,0.0452400016784668,0.2491,0.9620498488154107,-0.03868901176349404,0.27162651402852345,0.947628983285451,8,G9G6C 72.2 Comdty,arithmetic
15,9,69.23999786376953,72.2,1.180821917808219,0.0459899997711181,0.25170000000000003,0.9590027404954228,-0.04186134644332127,0.2735113911128624,0.947142236885544,9,G9G6C 72.2 Comdty,arithmetic
15,10,70.0999984741211,72.2,1.178082191780822,0.0459100008010864,0.2509,0.9709141062897658,-0.029517273625410526,0.2723255922956528,0.9473508635434195,10,G9G6C 72.2 Comdty,arithmetic
15,11,69.62000274658203,72.2,1.1726027397260277,0.045789999961853,0.2457,0.9642659660191417,-0.03638812406443947,0.2660606261120261,0.9477225584650838,11,G9G6C 72.2 Comdty,arithmetic
15,12,70.5999984741211,72.2,1.16986301369863,0.0461899995803833,0.237,0.9778393140459984,-0.022409923012600145,0.2563396879463622,0.9473980259810749,12,G9G6C 72.2 Comdty,arithmetic
15,13,70.98999786376953,72.2,1.1616438356164382,0.0454500007629394,0.237,0.9832409676422372,-0.016901053939477908,0.25543761000044557,0.9485728252034397,13,G9G6C 72.2 Comdty,arithmetic
15,14,73.12999725341797,72.2,1.1534246575342466,0.0457499980926513,0.2253,1.0128808483852905,0.012798595826550494,0.24196681471775738,0.9485989467286903,14,G9G6C 72.2 Comdty,arithmetic
15,15,73.95999908447266,72.2,1.1506849315068493,0.0459600019454956,0.2211,1.024376718621505,0.024084348241461148,0.2371739330545158,0.94848862557687,15,G9G6C 72.2 Comdty,arithmetic
15,16,73.55999755859375,72.2,1.1424657534246576,0.0461800003051757,0.21739999999999998,1.0188365312824619,0.018661320648020965,0.23237057626198881,0.9486085343050242,16,G9G6C 72.2 Comdty,arithmetic
15,17,73.31999969482422,72.2,1.1369863013698631,0.0469299983978271,0.2227,1.0155124611471498,0.015393372910478938,0.23746402957598814,0.9480398276679541,17,G9G6C 72.2 Comdty,arithmetic
15,18,75.44000244140625,72.2,1.0986301369863014,0.0459899997711181,0.20739999999999997,1.0448753800748787,0.04389762478864581,0.21738746898391562,0.9507292096306006,18,G9G6C 72.2 Comdty,arithmetic
15,19,73.16999816894531,72.2,1.084931506849315,0.0452799987792968,0.1934,1.0134348776862232,0.013345429972493474,0.20144552790352224,0.9520614506177351,19,G9G6C 72.2 Comdty,arithmetic
16,0,69.94000244140625,72.75,1.2356164383561643,0.0422300004959106,0.2703,0.9613746040055842,-0.039391139509220185,0.3004608450774535,0.949157924430478,0,G9G6C 72.75 Comdty,arithmetic
16,1,70.29000091552734,72.75,1.2136986301369863,0.0427099990844726,0.2464,0.9661855795948776,-0.03439935183878663,0.27145393049937894,0.9494835560821488,1,G9G6C 72.75 Comdty,arithmetic
16,2,70.0199966430664,72.75,1.210958904109589,0.0432399988174438,0.2553,0.9624741806607067,-0.03824803846757971,0.28094125442582507,0.9489854033444775,2,G9G6C 72.75 Comdty,arithmetic
16,3,71.29000091552734,72.75,1.2082191780821918,0.0439900016784668,0.2607,0.9799312840622315,-0.020272828079768032,0.2865588949004643,0.9482381798921437,3,G9G6C 72.75 Comdty,arithmetic
16,4,70.70999908447266,72.75,1.2,0.0439699983596801,0.24989999999999998,0.9719587503020296,-0.028441913383088605,0.273751734241082,0.9486038584450249,4,G9G6C 72.75 Comdty,arithmetic
16,5,70.08000183105469,72.75,1.1972602739726028,0.0438500022888183,0.2482,0.9632989942413015,-0.03739143329540282,0.27157892407180645,0.9488544484356977,5,G9G6C 72.75 Comdty,arithmetic
16,6,70.58000183105469,72.75,1.1945205479452057,0.0449399995803833,0.2446,0.9701718464749786,-0.0302820618615101,0.2673334266160919,0.9477336719835748,6,G9G6C 72.75 Comdty,arithmetic
16,7,69.91000366210938,72.75,1.1917808219178083,0.0457000017166137,0.24789999999999998,0.960962249650988,-0.03982015314451143,0.2706292431727842,0.9469922348104292,7,G9G6C 72.75 Comdty,arithmetic
16,8,69.45999908447266,72.75,1.189041095890411,0.0452400016784668,0.2491,0.9547766197178372,-0.04627787191631528,0.27162651402852345,0.947628983285451,8,G9G6C 72.75 Comdty,arithmetic
16,9,69.23999786376953,72.75,1.180821917808219,0.0459899997711181,0.25170000000000003,0.9517525479555949,-0.04945020659614251,0.2735113911128624,0.947142236885544,9,G9G6C 72.75 Comdty,arithmetic
16,10,70.0999984741211,72.75,1.178082191780822,0.0459100008010864,0.2509,0.9635738621872315,-0.03710613377823187,0.2723255922956528,0.9473508635434195,10,G9G6C 72.75 Comdty,arithmetic
16,11,69.62000274658203,72.75,1.1726027397260277,0.045789999961853,0.2457,0.956975982770887,-0.04397698421726084,0.2660606261120261,0.9477225584650838,11,G9G6C 72.75 Comdty,arithmetic
16,12,70.5999984741211,72.75,1.16986301369863,0.0461899995803833,0.237,0.9704467144209085,-0.02999878316542145,0.2563396879463622,0.9473980259810749,12,G9G6C 72.75 Comdty,arithmetic
16,13,70.98999786376953,72.75,1.1616438356164382,0.0454500007629394,0.237,0.9758075307734644,-0.024489914092299173,0.25543761000044557,0.9485728252034397,13,G9G6C 72.75 Comdty,arithmetic
16,14,73.12999725341797,72.75,1.1534246575342466,0.0457499980926513,0.2253,1.0052233299438895,0.005209735673729024,0.24196681471775738,0.9485989467286903,14,G9G6C 72.75 Comdty,arithmetic
16,15,73.95999908447266,72.75,1.1506849315068493,0.0459600019454956,0.2211,1.01663228982093,0.016495488088639737,0.2371739330545158,0.94848862557687,15,G9G6C 72.75 Comdty,arithmetic
16,16,73.55999755859375,72.75,1.1424657534246576,0.0461800003051757,0.21739999999999998,1.0111339870597078,0.011072460495199558,0.23237057626198881,0.9486085343050242,16,G9G6C 72.75 Comdty,arithmetic
16,17,73.31999969482422,72.75,1.1369863013698631,0.0469299983978271,0.2227,1.0078350473515356,0.007804512757657631,0.23746402957598814,0.9480398276679541,17,G9G6C 72.75 Comdty,arithmetic
16,18,75.44000244140625,72.75,1.0986301369863014,0.0459899997711181,0.20739999999999997,1.0369759785760309,0.036308764635824504,0.21738746898391562,0.9507292096306006,18,G9G6C 72.75 Comdty,arithmetic
16,19,73.16999816894531,72.75,1.084931506849315,0.0452799987792968,0.1934,1.005773170707152,0.005756569819672028,0.20144552790352224,0.9520614506177351,19,G9G6C 72.75 Comdty,arithmetic
17,0,69.94000244140625,73.75,1.2356164383561643,0.0422300004959106,0.2703,0.948339016154661,-0.05304322867754751,0.3004608450774535,0.949157924430478,0,G9G6C 73.75 Comdty,arithmetic
17,1,70.29000091552734,73.75,1.2136986301369863,0.0427099990844726,0.2464,0.953084758176642,-0.04805144100711397,0.27145393049937894,0.9494835560821488,1,G9G6C 73.75 Comdty,arithmetic
17,2,70.0199966430664,73.75,1.210958904109589,0.0432399988174438,0.2553,0.9494236832958157,-0.05190012763590703,0.28094125442582507,0.9489854033444775,2,G9G6C 73.75 Comdty,arithmetic
17,3,71.29000091552734,73.75,1.2082191780821918,0.0439900016784668,0.2607,0.9666440802105403,-0.033924917248095314,0.2865588949004643,0.9482381798921437,3,G9G6C 73.75 Comdty,arithmetic
17,4,70.70999908447266,73.75,1.2,0.0439699983596801,0.24989999999999998,0.9587796486030191,-0.04209400255141583,0.273751734241082,0.9486038584450249,4,G9G6C 73.75 Comdty,arithmetic
17,5,70.08000183105469,73.75,1.1972602739726028,0.0438500022888183,0.2482,0.9502373129634534,-0.051043522463730104,0.27157892407180645,0.9488544484356977,5,G9G6C 73.75 Comdty,arithmetic
17,6,70.58000183105469,73.75,1.1945205479452057,0.0449399995803833,0.2446,0.9570169739804025,-0.04393415102983746,0.2673334266160919,0.9477336719835748,6,G9G6C 73.75 Comdty,arithmetic
17,7,69.91000366210938,73.75,1.1917808219178083,0.0457000017166137,0.24789999999999998,0.9479322530455508,-0.05347224231283875,0.2706292431727842,0.9469922348104292,7,G9G6C 73.75 Comdty,arithmetic
17,8,69.45999908447266,73.75,1.189041095890411,0.0452400016784668,0.2491,0.9418304960606462,-0.05992996108464264,0.27162651402852345,0.947628983285451,8,G9G6C 73.75 Comdty,arithmetic
17,9,69.23999786376953,73.75,1.180821917808219,0.0459899997711181,0.25170000000000003,0.9388474286612818,-0.06310229576446982,0.2735113911128624,0.947142236885544,9,G9G6C 73.75 Comdty,arithmetic
17,10,70.0999984741211,73.75,1.178082191780822,0.0459100008010864,0.2509,0.9505084538863877,-0.050758222946559156,0.2723255922956528,0.9473508635434195,10,G9G6C 73.75 Comdty,arithmetic
17,11,69.62000274658203,73.75,1.1726027397260277,0.045789999961853,0.2457,0.9440000372417903,-0.05762907338558813,0.2660606261120261,0.9477225584650838,11,G9G6C 73.75 Comdty,arithmetic
17,12,70.5999984741211,73.75,1.16986301369863,0.0461899995803833,0.237,0.9572881149033369,-0.04365087233374871,0.2563396879463622,0.9473980259810749,12,G9G6C 73.75 Comdty,arithmetic
17,13,70.98999786376953,73.75,1.1616438356164382,0.0454500007629394,0.237,0.9625762422206038,-0.038142003260626556,0.25543761000044557,0.9485728252034397,13,G9G6C 73.75 Comdty,arithmetic
17,14,73.12999725341797,73.75,1.1534246575342466,0.0457499980926513,0.2253,0.9915931830971928,-0.008442353494598204,0.24196681471775738,0.9485989467286903,14,G9G6C 73.75 Comdty,arithmetic
17,15,73.95999908447266,73.75,1.1506849315068493,0.0459600019454956,0.2211,1.0028474452131886,0.0028433989203125246,0.2371739330545158,0.94848862557687,15,G9G6C 73.75 Comdty,arithmetic
17,16,73.55999755859375,73.75,1.1424657534246576,0.0461800003051757,0.21739999999999998,0.9974236957097458,-0.00257962867312766,0.23237057626198881,0.9486085343050242,16,G9G6C 73.75 Comdty,arithmetic
17,17,73.31999969482422,73.75,1.1369863013698631,0.0469299983978271,0.2227,0.994169487387447,-0.005847576410669644,0.23746402957598814,0.9480398276679541,17,G9G6C 73.75 Comdty,arithmetic
17,18,75.44000244140625,73.75,1.0986301369863014,0.0459899997711181,0.20739999999999997,1.0229152873411016,0.02265667546749718,0.21738746898391562,0.9507292096306006,18,G9G6C 73.75 Comdty,arithmetic
17,19,73.16999816894531,73.75,1.084931506849315,0.0452799987792968,0.1934,0.9921355683924789,-0.007895519348655185,0.20144552790352224,0.9520614506177351,19,G9G6C 73.75 Comdty,arithmetic
18,0,69.94000244140625,74.0,1.2356164383561643,0.0422300004959106,0.2703,0.9451351681271115,-0.05642732666178799,0.3004608450774535,0.949157924430478,0,G9G6C 74 Comdty,arithmetic
18,1,70.29000091552734,74.0,1.2136986301369863,0.0427099990844726,0.2464,0.949864877236856,-0.05143553899135455,0.27145393049937894,0.9494835560821488,1,G9G6C 74 Comdty,arithmetic
18,2,70.0199966430664,74.0,1.210958904109589,0.0432399988174438,0.2553,0.9462161708522487,-0.05528422562014762,0.28094125442582507,0.9489854033444775,2,G9G6C 74 Comdty,arithmetic
18,3,71.29000091552734,74.0,1.2082191780821918,0.0439900016784668,0.2607,0.9633783907503695,-0.03730901523233592,0.2865588949004643,0.9482381798921437,3,G9G6C 74 Comdty,arithmetic
18,4,70.70999908447266,74.0,1.2,0.0439699983596801,0.24989999999999998,0.9555405281685494,-0.04547810053565644,0.273751734241082,0.9486038584450249,4,G9G6C 74 Comdty,arithmetic
18,5,70.08000183105469,74.0,1.1972602739726028,0.0438500022888183,0.2482,0.9470270517710093,-0.0544276204479706,0.27157892407180645,0.9488544484356977,5,G9G6C 74 Comdty,arithmetic
18,6,70.58000183105469,74.0,1.1945205479452057,0.0449399995803833,0.2446,0.953783808527766,-0.04731824901407804,0.2673334266160919,0.9477336719835748,6,G9G6C 74 Comdty,arithmetic
18,7,69.91000366210938,74.0,1.1917808219178083,0.0457000017166137,0.24789999999999998,0.9447297792176943,-0.05685634029707925,0.2706292431727842,0.9469922348104292,7,G9G6C 74 Comdty,arithmetic
18,8,69.45999908447266,74.0,1.189041095890411,0.0452400016784668,0.2491,0.9386486362766575,-0.06331405906888318,0.27162651402852345,0.947628983285451,8,G9G6C 74 Comdty,arithmetic
18,9,69.23999786376953,74.0,1.180821917808219,0.0459899997711181,0.25170000000000003,0.9356756468076963,-0.06648639374871042,0.2735113911128624,0.947142236885544,9,G9G6C 74 Comdty,arithmetic
18,10,70.0999984741211,74.0,1.178082191780822,0.0459100008010864,0.2509,0.9472972766773121,-0.05414232093079967,0.2723255922956528,0.9473508635434195,10,G9G6C 74 Comdty,arithmetic
18,11,69.62000274658203,74.0,1.1726027397260277,0.045789999961853,0.2457,0.9408108479267842,-0.061013171369828735,0.2660606261120261,0.9477225584650838,11,G9G6C 74 Comdty,arithmetic
18,12,70.5999984741211,74.0,1.16986301369863,0.0461899995803833,0.237,0.9540540334340688,-0.0470349703179893,0.2563396879463622,0.9473980259810749,12,G9G6C 74 Comdty,arithmetic
18,13,70.98999786376953,74.0,1.1616438356164382,0.0454500007629394,0.237,0.959324295456345,-0.041526101244867074,0.25543761000044557,0.9485728252034397,13,G9G6C 74 Comdty,arithmetic
18,14,73.12999725341797,74.0,1.1534246575342466,0.0457499980926513,0.2253,0.9882432061272699,-0.011826451478838698,0.24196681471775738,0.9485989467286903,14,G9G6C 74 Comdty,arithmetic
18,15,73.95999908447266,74.0,1.1506849315068493,0.0459600019454956,0.2211,0.9994594470874684,-0.0005406990639280039,0.2371739330545158,0.94848862557687,15,G9G6C 74 Comdty,arithmetic
18,16,73.55999755859375,74.0,1.1424657534246576,0.0461800003051757,0.21739999999999998,0.9940540210620777,-0.005963726657368168,0.23237057626198881,0.9486085343050242,16,G9G6C 74 Comdty,arithmetic
18,17,73.31999969482422,74.0,1.1369863013698631,0.0469299983978271,0.2227,0.9908108066868138,-0.0092316743949102,0.23746402957598814,0.9480398276679541,17,G9G6C 74 Comdty,arithmetic
18,18,75.44000244140625,74.0,1.0986301369863014,0.0459899997711181,0.20739999999999997,1.0194594924514357,0.019272577483256656,0.21738746898391562,0.9507292096306006,18,G9G6C 74 Comdty,arithmetic
18,19,73.16999816894531,74.0,1.084931506849315,0.0452799987792968,0.1934,0.9887837590398015,-0.011279617332895755,0.20144552790352224,0.9520614506177351,19,G9G6C 74 Comdty,arithmetic
19,0,69.94000244140625,75.25,1.2356164383561643,0.0422300004959106,0.2703,0.9294352483907807,-0.07317813708660337,0.3004608450774535,0.949157924430478,0,G9G6C 75.25 Comdty,arithmetic
19,1,70.29000091552734,75.25,1.2136986301369863,0.0427099990844726,0.2464,0.9340863909040179,-0.06818634941616983,0.27145393049937894,0.9494835560821488,1,G9G6C 75.25 Comdty,arithmetic
19,2,70.0199966430664,75.25,1.210958904109589,0.0432399988174438,0.2553,0.9304982942600187,-0.07203503604496292,0.28094125442582507,0.9489854033444775,2,G9G6C 75.25 Comdty,arithmetic
19,3,71.29000091552734,75.25,1.2082191780821918,0.0439900016784668,0.2607,0.9473754274488684,-0.05405982565715121,0.2865588949004643,0.9482381798921437,3,G9G6C 75.25 Comdty,arithmetic
19,4,70.70999908447266,75.25,1.2,0.0439699983596801,0.24989999999999998,0.9396677619199024,-0.06222891096047177,0.273751734241082,0.9486038584450249,4,G9G6C 75.25 Comdty,arithmetic
19,5,70.08000183105469,75.25,1.1972602739726028,0.0438500022888183,0.2482,0.9312957053960755,-0.07117843087278604,0.27157892407180645,0.9488544484356977,5,G9G6C 75.25 Comdty,arithmetic
19,6,70.58000183105469,75.25,1.1945205479452057,0.0449399995803833,0.2446,0.9379402236685008,-0.06406905943889335,0.2673334266160919,0.9477336719835748,6,G9G6C 75.25 Comdty,arithmetic
19,7,69.91000366210938,75.25,1.1917808219178083,0.0457000017166137,0.24789999999999998,0.9290365935164037,-0.07360715072189464,0.2706292431727842,0.9469922348104292,7,G9G6C 75.25 Comdty,arithmetic
19,8,69.45999908447266,75.25,1.189041095890411,0.0452400016784668,0.2491,0.9230564662388393,-0.08006486949369851,0.27162651402852345,0.947628983285451,8,G9G6C 75.25 Comdty,arithmetic
19,9,69.23999786376953,75.25,1.180821917808219,0.0459899997711181,0.25170000000000003,0.9201328619770037,-0.08323720417352574,0.2735113911128624,0.947142236885544,9,G9G6C 75.25 Comdty,arithmetic
19,10,70.0999984741211,75.25,1.178082191780822,0.0459100008010864,0.2509,0.9315614415165594,-0.07089313135561505,0.2723255922956528,0.9473508635434195,10,G9G6C 75.25 Comdty,arithmetic
19,11,69.62000274658203,75.25,1.1726027397260277,0.045789999961853,0.2457,0.9251827607519206,-0.0777639817946441,0.2660606261120261,0.9477225584650838,11,G9G6C 75.25 Comdty,arithmetic
19,12,70.5999984741211,75.25,1.16986301369863,0.0461899995803833,0.237,0.9382059597889847,-0.06378578074280457,0.2563396879463622,0.9473980259810749,12,G9G6C 75.25 Comdty,arithmetic
19,13,70.98999786376953,75.25,1.1616438356164382,0.0454500007629394,0.237,0.9433886759304921,-0.058276911669682394,0.25543761000044557,0.9485728252034397,13,G9G6C 75.25 Comdty,arithmetic
19,14,73.12999725341797,75.25,1.1534246575342466,0.0457499980926513,0.2253,0.971827206025488,-0.028577261903654064,0.24196681471775738,0.9485989467286903,14,G9G6C 75.25 Comdty,arithmetic
19,15,73.95999908447266,75.25,1.1506849315068493,0.0459600019454956,0.2211,0.9828571306906665,-0.017291509488743438,0.2371739330545158,0.94848862557687,15,G9G6C 75.25 Comdty,arithmetic
19,16,73.55999755859375,75.25,1.1424657534246576,0.0461800003051757,0.21739999999999998,0.9775414957952658,-0.022714537082183506,0.23237057626198881,0.9486085343050242,16,G9G6C 75.25 Comdty,arithmetic
19,17,73.31999969482422,75.25,1.1369863013698631,0.0469299983978271,0.2227,0.9743521554129464,-0.025982484819725583,0.23746402957598814,0.9480398276679541,17,G9G6C 75.25 Comdty,arithmetic
19,18,75.44000244140625,75.25,1.0986301369863014,0.0459899997711181,0.20739999999999997,1.0025249493874584,0.0025217670584412946,0.21738746898391562,0.9507292096306006,18,G9G6C 75.25 Comdty,arithmetic
19,19,73.16999816894531,75.25,1.084931506849315,0.0452799987792968,0.1934,0.9723587796537583,-0.028030427757711158,0.20144552790352224,0.9520614506177351,19,G9G6C 75.25 Comdty,arithmetic
20,0,69.94000244140625,75.75,1.2356164383561643,0.0422300004959106,0.2703,0.9233003622627888,-0.0798006778470968,0.3004608450774535,0.949157924430478,0,G9G6C 75.75 Comdty,arithmetic
20,1,70.29000091552734,75.75,1.2136986301369863,0.0427099990844726,0.2464,0.9279208041653775,-0.0748088901766633,0.27145393049937894,0.9494835560821488,1,G9G6C 75.75 Comdty,arithmetic
20,2,70.0199966430664,75.75,1.210958904109589,0.0432399988174438,0.2553,0.9243563913276093,-0.07865757680545644,0.28094125442582507,0.9489854033444775,2,G9G6C 75.75 Comdty,arithmetic
20,3,71.29000091552734,75.75,1.2082191780821918,0.0439900016784668,0.2607,0.9411221242973907,-0.06068236641764459,0.2865588949004643,0.9482381798921437,3,G9G6C 75.75 Comdty,arithmetic
20,4,70.70999908447266,75.75,1.2,0.0439699983596801,0.24989999999999998,0.9334653344484839,-0.06885145172096521,0.273751734241082,0.9486038584450249,4,G9G6C 75.75 Comdty,arithmetic
20,5,70.08000183105469,75.75,1.1972602739726028,0.0438500022888183,0.2482,0.9251485390238242,-0.07780097163327945,0.27157892407180645,0.9488544484356977,5,G9G6C 75.75 Comdty,arithmetic
20,6,70.58000183105469,75.75,1.1945205479452057,0.0449399995803833,0.2446,0.9317491990898309,-0.07069160019938672,0.2673334266160919,0.9477336719835748,6,G9G6C 75.75 Comdty,arithmetic
20,7,69.91000366210938,75.75,1.1917808219178083,0.0457000017166137,0.24789999999999998,0.9229043387737211,-0.08022969148238805,0.2706292431727842,0.9469922348104292,7,G9G6C 75.75 Comdty,arithmetic
20,8,69.45999908447266,75.75,1.189041095890411,0.0452400016784668,0.2491,0.9169636842834674,-0.08668741025419192,0.27162651402852345,0.947628983285451,8,G9G6C 75.75 Comdty,arithmetic
20,9,69.23999786376953,75.75,1.180821917808219,0.0459899997711181,0.25170000000000003,0.9140593777395317,-0.0898597449340192,0.2735113911128624,0.947142236885544,9,G9G6C 75.75 Comdty,arithmetic
20,10,70.0999984741211,75.75,1.178082191780822,0.0459100008010864,0.2509,0.9254125211105095,-0.07751567211610844,0.2723255922956528,0.9473508635434195,10,G9G6C 75.75 Comdty,arithmetic
20,11,69.62000274658203,75.75,1.1726027397260277,0.045789999961853,0.2457,0.9190759438492677,-0.08438652255513748,0.2660606261120261,0.9477225584650838,11,G9G6C 75.75 Comdty,arithmetic
20,12,70.5999984741211,75.75,1.16986301369863,0.0461899995803833,0.237,0.9320131811765161,-0.07040832150329802,0.2563396879463622,0.9473980259810749,12,G9G6C 75.75 Comdty,arithmetic
20,13,70.98999786376953,75.75,1.1616438356164382,0.0454500007629394,0.237,0.9371616879705549,-0.06489945243017582,0.25543761000044557,0.9485728252034397,13,G9G6C 75.75 Comdty,arithmetic
20,14,73.12999725341797,75.75,1.1534246575342466,0.0457499980926513,0.2253,0.9654125049956167,-0.035199802664147566,0.24196681471775738,0.9485989467286903,14,G9G6C 75.75 Comdty,arithmetic
20,15,73.95999908447266,75.75,1.1506849315068493,0.0459600019454956,0.2211,0.9763696248775268,-0.023914050249236866,0.2371739330545158,0.94848862557687,15,G9G6C 75.75 Comdty,arithmetic
20,16,73.55999755859375,75.75,1.1424657534246576,0.0461800003051757,0.21739999999999998,0.9710890766811056,-0.029337077842677032,0.23237057626198881,0.9486085343050242,16,G9G6C 75.75 Comdty,arithmetic
20,17,73.31999969482422,75.75,1.1369863013698631,0.0469299983978271,0.2227,0.9679207880504848,-0.03260502558021894,0.23746402957598814,0.9480398276679541,17,G9G6C 75.75 Comdty,arithmetic
20,18,75.44000244140625,75.75,1.0986301369863014,0.0459899997711181,0.20739999999999997,0.9959076229888614,-0.004100773702052057,0.21738746898391562,0.9507292096306006,18,G9G6C 75.75 Comdty,arithmetic
20,19,73.16999816894531,75.75,1.084931506849315,0.0452799987792968,0.1934,0.9659405698870668,-0.03465296851820459,0.20144552790352224,0.9520614506177351,19,G9G6C 75.75 Comdty,arithmetic
21,0,69.94000244140625,77.25,1.2356164383561643,0.0422300004959106,0.2703,0.9053721998887541,-0.09940914923547309,0.3004608450774535,0.949157924430478,0,G9G6C 77.25 Comdty,arithmetic
21,1,70.29000091552734,77.25,1.2136986301369863,0.0427099990844726,0.2464,0.9099029244728458,-0.09441736156503967,0.27145393049937894,0.9494835560821488,1,G9G6C 77.25 Comdty,arithmetic
21,2,70.0199966430664,77.25,1.210958904109589,0.0432399988174438,0.2553,0.9064077235348402,-0.0982660481938327,0.28094125442582507,0.9489854033444775,2,G9G6C 77.25 Comdty,arithmetic
21,3,71.29000091552734,77.25,1.2082191780821918,0.0439900016784668,0.2607,0.9228479082916161,-0.08029083780602095,0.2865588949004643,0.9482381798921437,3,G9G6C 77.25 Comdty,arithmetic
21,4,70.70999908447266,77.25,1.2,0.0439699983596801,0.24989999999999998,0.9153397939737561,-0.0884599231093415,0.273751734241082,0.9486038584450249,4,G9G6C 77.25 Comdty,arithmetic
21,5,70.08000183105469,77.25,1.1972602739726028,0.0438500022888183,0.2482,0.9071844897223907,-0.09740944302165576,0.27157892407180645,0.9488544484356977,5,G9G6C 77.25 Comdty,arithmetic
21,6,70.58000183105469,77.25,1.1945205479452057,0.0449399995803833,0.2446,0.9136569816317759,-0.09030007158776308,0.2673334266160919,0.9477336719835748,6,G9G6C 77.25 Comdty,arithmetic
21,7,69.91000366210938,77.25,1.1917808219178083,0.0457000017166137,0.24789999999999998,0.9049838661761731,-0.09983816287076443,0.2706292431727842,0.9469922348104292,7,G9G6C 77.25 Comdty,arithmetic
21,8,69.45999908447266,77.25,1.189041095890411,0.0452400016784668,0.2491,0.8991585642002933,-0.10629588164256827,0.27162651402852345,0.947628983285451,8,G9G6C 77.25 Comdty,arithmetic
21,9,69.23999786376953,77.25,1.180821917808219,0.0459899997711181,0.25170000000000003,0.8963106519581816,-0.10946821632239552,0.2735113911128624,0.947142236885544,9,G9G6C 77.25 Comdty,arithmetic
21,10,70.0999984741211,77.25,1.178082191780822,0.0459100008010864,0.2509,0.9074433459433151,-0.09712414350448483,0.2723255922956528,0.9473508635434195,10,G9G6C 77.25 Comdty,arithmetic
21,11,69.62000274658203,77.25,1.1726027397260277,0.045789999961853,0.2457,0.9012298090172431,-0.10399499394351376,0.2660606261120261,0.9477225584650838,11,G9G6C 77.25 Comdty,arithmetic
21,12,70.5999984741211,77.25,1.16986301369863,0.0461899995803833,0.237,0.9139158378527003,-0.09001679289167434,0.2563396879463622,0.9473980259810749,12,G9G6C 77.25 Comdty,arithmetic
21,13,70.98999786376953,77.25,1.1616438356164382,0.0454500007629394,0.237,0.9189643736410296,-0.08450792381855213,0.25543761000044557,0.9485728252034397,13,G9G6C 77.25 Comdty,arithmetic
21,14,73.12999725341797,77.25,1.1534246575342466,0.0457499980926513,0.2253,0.9466666311122067,-0.05480827405252383,0.24196681471775738,0.9485989467286903,14,G9G6C 77.25 Comdty,arithmetic
21,15,73.95999908447266,77.25,1.1506849315068493,0.0459600019454956,0.2211,0.9574109913847593,-0.04352252163761317,0.2371739330545158,0.94848862557687,15,G9G6C 77.25 Comdty,arithmetic
21,16,73.55999755859375,77.25,1.1424657534246576,0.0461800003051757,0.21739999999999998,0.9522329781047735,-0.048945549231053286,0.23237057626198881,0.9486085343050242,16,G9G6C 77.25 Comdty,arithmetic
21,17,73.31999969482422,77.25,1.1369863013698631,0.0469299983978271,0.2227,0.9491262096417374,-0.052213496968595306,0.23746402957598814,0.9480398276679541,17,G9G6C 77.25 Comdty,arithmetic
21,18,75.44000244140625,77.25,1.0986301369863014,0.0459899997711181,0.20739999999999997,0.9765696108919902,-0.023709245090428422,0.21738746898391562,0.9507292096306006,18,G9G6C 77.25 Comdty,arithmetic
21,19,73.16999816894531,77.25,1.084931506849315,0.0452799987792968,0.1934,0.9471844423164442,-0.05426143990658087,0.20144552790352224,0.9520614506177351,19,G9G6C 77.25 Comdty,arithmetic
22,0,69.94000244140625,77.4,1.2356164383561643,0.0422300004959106,0.2703,0.9036176026021479,-0.10134901405329978,0.3004608450774535,0.949157924430478,0,G9G6C 77.4 Comdty,arithmetic
22,1,70.29000091552734,77.4,1.2136986301369863,0.0427099990844726,0.2464,0.9081395467122395,-0.09635722638286628,0.27145393049937894,0.9494835560821488,1,G9G6C 77.4 Comdty,arithmetic
22,2,70.0199966430664,77.4,1.210958904109589,0.0432399988174438,0.2553,0.9046511194194625,-0.1002059130116594,0.28094125442582507,0.9489854033444775,2,G9G6C 77.4 Comdty,arithmetic
22,3,71.29000091552734,77.4,1.2082191780821918,0.0439900016784668,0.2607,0.9210594433530664,-0.08223070262384756,0.2865588949004643,0.9482381798921437,3,G9G6C 77.4 Comdty,arithmetic
22,4,70.70999908447266,77.4,1.2,0.0439699983596801,0.24989999999999998,0.9135658796443495,-0.09039978792716813,0.273751734241082,0.9486038584450249,4,G9G6C 77.4 Comdty,arithmetic
22,5,70.08000183105469,77.4,1.1972602739726028,0.0438500022888183,0.2482,0.9054263802461845,-0.09934930783948243,0.27157892407180645,0.9488544484356977,5,G9G6C 77.4 Comdty,arithmetic
22,6,70.58000183105469,77.4,1.1945205479452057,0.0449399995803833,0.2446,0.911886328566598,-0.0922399364055897,0.2673334266160919,0.9477336719835748,6,G9G6C 77.4 Comdty,arithmetic
22,7,69.91000366210938,77.4,1.1917808219178083,0.0457000017166137,0.24789999999999998,0.9032300214742812,-0.1017780276885911,0.2706292431727842,0.9469922348104292,7,G9G6C 77.4 Comdty,arithmetic
22,8,69.45999908447266,77.4,1.189041095890411,0.0452400016784668,0.2491,0.897416008843316,-0.10823574646039487,0.27162651402852345,0.947628983285451,8,G9G6C 77.4 Comdty,arithmetic
22,9,69.23999786376953,77.4,1.180821917808219,0.0459899997711181,0.25170000000000003,0.8945736158109758,-0.11140808114022209,0.2735113911128624,0.947142236885544,9,G9G6C 77.4 Comdty,arithmetic
22,10,70.0999984741211,77.4,1.178082191780822,0.0459100008010864,0.2509,0.905684734807766,-0.09906400832231145,0.2723255922956528,0.9473508635434195,10,G9G6C 77.4 Comdty,arithmetic
22,11,69.62000274658203,77.4,1.1726027397260277,0.045789999961853,0.2457,0.8994832396199228,-0.10593485876134044,0.2660606261120261,0.9477225584650838,11,G9G6C 77.4 Comdty,arithmetic
22,12,70.5999984741211,77.4,1.16986301369863,0.0461899995803833,0.237,0.9121446831281794,-0.09195665770950104,0.2563396879463622,0.9473980259810749,12,G9G6C 77.4 Comdty,arithmetic
22,13,70.98999786376953,77.4,1.1616438356164382,0.0454500007629394,0.237,0.9171834349324228,-0.08644778863637881,0.25543761000044557,0.9485728252034397,13,G9G6C 77.4 Comdty,arithmetic
22,14,73.12999725341797,77.4,1.1534246575342466,0.0457499980926513,0.2253,0.9448320058581132,-0.056748138870350504,0.24196681471775738,0.9485989467286903,14,G9G6C 77.4 Comdty,arithmetic
22,15,73.95999908447266,77.4,1.1506849315068493,0.0459600019454956,0.2211,0.9555555437270369,-0.04546238645543974,0.2371739330545158,0.94848862557687,15,G9G6C 77.4 Comdty,arithmetic
22,16,73.55999755859375,77.4,1.1424657534246576,0.0461800003051757,0.21739999999999998,0.9503875653565084,-0.05088541404887992,0.23237057626198881,0.9486085343050242,16,G9G6C 77.4 Comdty,arithmetic
22,17,73.31999969482422,77.4,1.1369863013698631,0.0469299983978271,0.2227,0.9472868177625867,-0.054153361786421966,0.23746402957598814,0.9480398276679541,17,G9G6C 77.4 Comdty,arithmetic
22,18,75.44000244140625,77.4,1.0986301369863014,0.0459899997711181,0.20739999999999997,0.9746770341266957,-0.025649109908254985,0.21738746898391562,0.9507292096306006,18,G9G6C 77.4 Comdty,arithmetic
22,19,73.16999816894531,77.4,1.084931506849315,0.0452799987792968,0.1934,0.945348813552265,-0.05620130472440751,0.20144552790352224,0.9520614506177351,19,G9G6C 77.4 Comdty,arithmetic
23,0,69.94000244140625,81.25,1.2356164383561643,0.0422300004959106,0.2703,0.8608000300480769,-0.14989305466746514,0.3004608450774535,0.949157924430478,0,G9G6C 81.25 Comdty,arithmetic
23,1,70.29000091552734,81.25,1.2136986301369863,0.0427099990844726,0.2464,0.8651077035757212,-0.1449012669970316,0.27145393049937894,0.9494835560821488,1,G9G6C 81.25 Comdty,arithmetic
23,2,70.0199966430664,81.25,1.210958904109589,0.0432399988174438,0.2553,0.8617845740685096,-0.14874995362582474,0.28094125442582507,0.9489854033444775,2,G9G6C 81.25 Comdty,arithmetic
23,3,71.29000091552734,81.25,1.2082191780821918,0.0439900016784668,0.2607,0.8774153958834134,-0.130774743238013,0.2865588949004643,0.9482381798921437,3,G9G6C 81.25 Comdty,arithmetic
23,4,70.70999908447266,81.25,1.2,0.0439699983596801,0.24989999999999998,0.8702769118088942,-0.13894382854133355,0.273751734241082,0.9486038584450249,4,G9G6C 81.25 Comdty,arithmetic
23,5,70.08000183105469,81.25,1.1972602739726028,0.0438500022888183,0.2482,0.8625230994591346,-0.1478933484536477,0.27157892407180645,0.9488544484356977,5,G9G6C 81.25 Comdty,arithmetic
23,6,70.58000183105469,81.25,1.1945205479452057,0.0449399995803833,0.2446,0.8686769456129808,-0.14078397701975506,0.2673334266160919,0.9477336719835748,6,G9G6C 81.25 Comdty,arithmetic
23,7,69.91000366210938,81.25,1.1917808219178083,0.0457000017166137,0.24789999999999998,0.8604308143028846,-0.15032206830275643,0.2706292431727842,0.9469922348104292,7,G9G6C 81.25 Comdty,arithmetic
23,8,69.45999908447266,81.25,1.189041095890411,0.0452400016784668,0.2491,0.8548922964242789,-0.15677978707456022,0.27162651402852345,0.947628983285451,8,G9G6C 81.25 Comdty,arithmetic
23,9,69.23999786376953,81.25,1.180821917808219,0.0459899997711181,0.25170000000000003,0.8521845890925481,-0.15995212175438744,0.2735113911128624,0.947142236885544,9,G9G6C 81.25 Comdty,arithmetic
23,10,70.0999984741211,81.25,1.178082191780822,0.0459100008010864,0.2509,0.8627692119891827,-0.14760804893647686,0.2723255922956528,0.9473508635434195,10,G9G6C 81.25 Comdty,arithmetic
23,11,69.62000274658203,81.25,1.1726027397260277,0.045789999961853,0.2457,0.856861572265625,-0.15447889937550582,0.2660606261120261,0.9477225584650838,11,G9G6C 81.25 Comdty,arithmetic
23,12,70.5999984741211,81.25,1.16986301369863,0.0461899995803833,0.237,0.8689230581430288,-0.14050069832366638,0.2563396879463622,0.9473980259810749,12,G9G6C 81.25 Comdty,arithmetic
23,13,70.98999786376953,81.25,1.1616438356164382,0.0454500007629394,0.237,0.8737230506310096,-0.13499182925054415,0.25543761000044557,0.9485728252034397,13,G9G6C 81.25 Comdty,arithmetic
23,14,73.12999725341797,81.25,1.1534246575342466,0.0457499980926513,0.2253,0.9000615046574519,-0.10529217948451584,0.24196681471775738,0.9485989467286903,14,G9G6C 81.25 Comdty,arithmetic
23,15,73.95999908447266,81.25,1.1506849315068493,0.0459600019454956,0.2211,0.9102769118088943,-0.09400642706960513,0.2371739330545158,0.94848862557687,15,G9G6C 81.25 Comdty,arithmetic
23,16,73.55999755859375,81.25,1.1424657534246576,0.0461800003051757,0.21739999999999998,0.9053538161057693,-0.09942945466304529,0.23237057626198881,0.9486085343050242,16,G9G6C 81.25 Comdty,arithmetic
23,17,73.31999969482422,81.25,1.1369863013698631,0.0469299983978271,0.2227,0.9023999962439904,-0.10269740240058733,0.23746402957598814,0.9480398276679541,17,G9G6C 81.25 Comdty,arithmetic
23,18,75.44000244140625,81.25,1.0986301369863014,0.0459899997711181,0.20739999999999997,0.9284923377403846,-0.07419315052242036,0.21738746898391562,0.9507292096306006,18,G9G6C 81.25 Comdty,arithmetic
23,19,73.16999816894531,81.25,1.084931506849315,0.0452799987792968,0.1934,0.9005538236177885,-0.10474534533857288,0.20144552790352224,0.9520614506177351,19,G9G6C 81.25 Comdty,arithmetic
24,0,69.94000244140625,70.0,2.232876712328767,0.0422300004959106,0.2703,0.9991428920200893,-0.0008574755069772188,0.4039042452303126,0.9100148283908966,0,G9G7C 70 Comdty,arithmetic
24,1,70.29000091552734,70.0,2.210958904109589,0.0427099990844726,0.2464,1.0041428702218191,0.004134312163456184,0.36637939285234006,0.9098913767813169,1,G9G7C 70 Comdty,arithmetic
24,2,70.0199966430664,70.0,2.208219178082192,0.0432399988174438,0.2553,1.00028566632952,0.0002856255346631448,0.3793777910325895,0.908933454687472,2,G9G7C 70 Comdty,arithmetic
24,3,71.29000091552734,70.0,2.2054794520547945,0.0439900016784668,0.2607,1.0184285845075334,0.018260835922474787,0.3871618345916647,0.9075387220773076,3,G9G7C 70 Comdty,arithmetic
24,4,70.70999908447266,70.0,2.197260273972603,0.0439699983596801,0.24989999999999998,1.010142844063895,0.010091750619154342,0.37043073047763164,0.9079068165043432,4,G9G7C 70 Comdty,arithmetic
24,5,70.08000183105469,70.0,2.1945205479452055,0.0438500022888183,0.2482,1.0011428833007812,0.0011422307068400424,0.36768135117245204,0.9082553376470491,5,G9G7C 70 Comdty,arithmetic
24,6,70.58000183105469,70.0,2.191780821917808,0.0449399995803833,0.2446,1.0082857404436385,0.008251602140732874,0.3621220864286685,0.90619693481252,6,G9G7C 70 Comdty,arithmetic
24,7,69.91000366210938,70.0,2.1890410958904107,0.0457000017166137,0.24789999999999998,0.9987143380301339,-0.0012864891422685824,0.36677817412395003,0.9048019655356353,7,G9G7C 70 Comdty,arithmetic
24,8,69.45999908447266,70.0,2.186301369863014,0.0452400016784668,0.2491,0.9922857012067522,-0.007744207914072442,0.3683229166154471,0.9058257886903741,8,G9G7C 70 Comdty,arithmetic
24,9,69.23999786376953,70.0,2.1780821917808217,0.0459899997711181,0.25170000000000003,0.989142826625279,-0.010916542593899663,0.37146709343742595,0.9046836092000594,9,G9G7C 70 Comdty,arithmetic
24,10,70.0999984741211,70.0,2.175342465753425,0.0459100008010864,0.2509,1.0014285496303013,0.0014275302240109727,0.3700534694426947,0.9049550777627928,10,G9G7C 70 Comdty,arithmetic
24,11,69.62000274658203,70.0,2.16986301369863,0.045789999961853,0.2457,0.9945714678083147,-0.005443320215017923,0.36192727673364933,0.9054184854379133,11,G9G7C 70 Comdty,arithmetic
24,12,70.5999984741211,70.0,2.1671232876712327,0.0461899995803833,0.237,1.0085714067731584,0.008534880836821392,0.34889131251036537,0.9047474601804188,12,G9G7C 70 Comdty,arithmetic
24,13,70.98999786376953,70.0,2.158904109589041,0.0454500007629394,0.237,1.014142826625279,0.01404374990994367,0.3482290696244454,0.9065381239848554,13,G9G7C 70 Comdty,arithmetic
24,14,73.12999725341797,70.0,2.1506849315068495,0.0457499980926513,0.2253,1.0447142464773995,0.04374339967597198,0.3304072648791663,0.9062919071460595,14,G9G7C 70 Comdty,arithmetic
24,15,73.95999908447266,70.0,2.147945205479452,0.0459600019454956,0.2211,1.0565714154924666,0.05502915209088277,0.3240412819971495,0.9059967448534004,15,G9G7C 70 Comdty,arithmetic
24,16,73.55999755859375,70.0,2.1397260273972605,0.0461800003051757,0.21739999999999998,1.0508571079799107,0.04960612449744256,0.31800842394287315,0.9059125066778403,16,G9G7C 70 Comdty,arithmetic
24,17,73.31999969482422,70.0,2.1342465753424658,0.0469299983978271,0.2227,1.0474285670689174,0.04633817675990057,0.32534378407404135,0.9046924852212251,17,G9G7C 70 Comdty,arithmetic
24,18,75.44000244140625,70.0,2.095890410958904,0.0459899997711181,0.20739999999999997,1.0777143205915178,0.07484242863806748,0.30025692833588136,0.9081097846177777,18,G9G7C 70 Comdty,arithmetic
24,19,73.16999816894531,70.0,2.0821917808219177,0.0452799987792968,0.1934,1.04528568812779,0.04429023382191492,0.27907236553532033,0.9100264251250673,19,G9G7C 70 Comdty,arithmetic
25,0,69.94000244140625,75.0,2.232876712328767,0.0422300004959106,0.2703,0.9325333658854167,-0.06985034699392868,0.4039042452303126,0.9100148283908966,0,G9G7C 75 Comdty,arithmetic
25,1,70.29000091552734,75.0,2.210958904109589,0.0427099990844726,0.2464,0.9372000122070312,-0.06485855932349527,0.36637939285234006,0.9098913767813169,1,G9G7C 75 Comdty,arithmetic
25,2,70.0199966430664,75.0,2.208219178082192,0.0432399988174438,0.2553,0.9335999552408855,-0.06870724595228828,0.3793777910325895,0.908933454687472,2,G9G7C 75 Comdty,arithmetic
25,3,71.29000091552734,75.0,2.2054794520547945,0.0439900016784668,0.2607,0.9505333455403646,-0.05073203556447652,0.3871618345916647,0.9075387220773076,3,G9G7C 75 Comdty,arithmetic
25,4,70.70999908447266,75.0,2.197260273972603,0.0439699983596801,0.24989999999999998,0.9427999877929687,-0.058901120867797176,0.37043073047763164,0.9079068165043432,4,G9G7C 75 Comdty,arithmetic
25,5,70.08000183105469,75.0,2.1945205479452055,0.0438500022888183,0.2482,0.9344000244140624,-0.06785064078011138,0.36768135117245204,0.9082553376470491,5,G9G7C 75 Comdty,arithmetic
25,6,70.58000183105469,75.0,2.191780821917808,0.0449399995803833,0.2446,0.9410666910807292,-0.0607412693462187,0.3621220864286685,0.90619693481252,6,G9G7C 75 Comdty,arithmetic
25,7,69.91000366210938,75.0,2.1890410958904107,0.0457000017166137,0.24789999999999998,0.9321333821614584,-0.07027936062921995,0.36677817412395003,0.9048019655356353,7,G9G7C 75 Comdty,arithmetic
25,8,69.45999908447266,75.0,2.186301369863014,0.0452400016784668,0.2491,0.9261333211263021,-0.07673707940102384,0.3683229166154471,0.9058257886903741,8,G9G7C 75 Comdty,arithmetic
25,9,69.23999786376953,75.0,2.1780821917808217,0.0459899997711181,0.25170000000000003,0.9231999715169271,-0.07990941408085103,0.37146709343742595,0.9046836092000594,9,G9G7C 75 Comdty,arithmetic
25,10,70.0999984741211,75.0,2.175342465753425,0.0459100008010864,0.2509,0.9346666463216146,-0.06756534126294042,0.3700534694426947,0.9049550777627928,10,G9G7C 75 Comdty,arithmetic
25,11,69.62000274658203,75.0,2.16986301369863,0.045789999961853,0.2457,0.9282667032877604,-0.07443619170196938,0.36192727673364933,0.9054184854379133,11,G9G7C 75 Comdty,arithmetic
25,12,70.5999984741211,75.0,2.1671232876712327,0.0461899995803833,0.237,0.9413333129882813,-0.06045799065012993,0.34889131251036537,0.9047474601804188,12,G9G7C 75 Comdty,arithmetic
25,13,70.98999786376953,75.0,2.158904109589041,0.0454500007629394,0.237,0.9465333048502604,-0.05494912157700774,0.3482290696244454,0.9065381239848554,13,G9G7C 75 Comdty,arithmetic
25,14,73.12999725341797,75.0,2.1506849315068495,0.0457499980926513,0.2253,0.9750666300455729,-0.025249471810979432,0.3304072648791663,0.9062919071460595,14,G9G7C 75 Comdty,arithmetic
25,15,73.95999908447266,75.0,2.147945205479452,0.0459600019454956,0.2211,0.986133321126302,-0.013963719396068783,0.3240412819971495,0.9059967448534004,15,G9G7C 75 Comdty,arithmetic
25,16,73.55999755859375,75.0,2.1397260273972605,0.0461800003051757,0.21739999999999998,0.9807999674479166,-0.01938674698950892,0.31800842394287315,0.9059125066778403,16,G9G7C 75 Comdty,arithmetic
25,17,73.31999969482422,75.0,2.1342465753424658,0.0469299983978271,0.2227,0.9775999959309896,-0.0226546947270509,0.32534378407404135,0.9046924852212251,17,G9G7C 75 Comdty,arithmetic
25,18,75.44000244140625,75.0,2.095890410958904,0.0459899997711181,0.20739999999999997,1.00586669921875,0.005849557151115972,0.30025692833588136,0.9081097846177777,18,G9G7C 75 Comdty,arithmetic
25,19,73.16999816894531,75.0,2.0821917808219177,0.0452799987792968,0.1934,0.9755999755859375,-0.024702637665036484,0.27907236553532033,0.9100264251250673,19,G9G7C 75 Comdty,arithmetic
26,0,69.94000244140625,71.85,1.3232876712328767,0.0422300004959106,0.2703,0.9734168746194329,-0.026942845982652106,0.31093755471397605,0.9456503009392375,0,G9H6C 71.85 Comdty,arithmetic
26,1,70.29000091552734,71.85,1.3013698630136987,0.0427099990844726,0.2464,0.9782881129509722,-0.0219510583122186,0.28108720433053547,0.9459349214802625,1,G9H6C 71.85 Comdty,arithmetic
26,2,70.0199966430664,71.85,1.2986301369863014,0.0432399988174438,0.2553,0.9745302246773335,-0.0257997449410117,0.29093338059632395,0.9453947010813329,2,G9H6C 71.85 Comdty,arithmetic
26,3,71.29000091552734,71.85,1.295890410958904,0.0439900016784668,0.2607,0.9922059974325309,-0.007824534553200027,0.29677353466357526,0.9445881927314759,3,G9H6C 71.85 Comdty,arithmetic
26,4,70.70999908447266,71.85,1.2876712328767124,0.0439699983596801,0.24989999999999998,0.9841335989488192,-0.01599361985652052,0.28357553027344057,0.9449541208827293,4,G9H6C 71.85 Comdty,arithmetic
26,5,70.08000183105469,71.85,1.284931506849315,0.0438500022888183,0.2482,0.9753653699520486,-0.02494313976883476,0.281346661611614,0.9452136905206265,5,G9H6C 71.85 Comdty,arithmetic
26,6,70.58000183105469,71.85,1.282191780821918,0.0449399995803833,0.2446,0.982324312192828,-0.017833768334942105,0.27697013775040713,0.9440069995447847,6,G9H6C 71.85 Comdty,arithmetic
26,7,69.91000366210938,71.85,1.2794520547945205,0.0457000017166137,0.24789999999999998,0.9729993550745912,-0.0273718596179434,0.28040679583541644,0.9432056296555369,7,G9H6C 71.85 Comdty,arithmetic
26,8,69.45999908447266,71.85,1.2767123287671234,0.0452400016784668,0.2491,0.9667362433468707,-0.0338295783897473,0.28146231388409054,0.9438778967211447,8,G9H6C 71.85 Comdty,arithmetic
26,9,69.23999786376953,71.85,1.2684931506849315,0.0459899997711181,0.25170000000000003,0.9636742917713227,-0.0370019130695745,0.28348316888502556,0.9433310479255468,9,G9H6C 71.85 Comdty,arithmetic
26,10,70.0999984741211,71.85,1.2657534246575342,0.0459100008010864,0.2509,0.9756436809202659,-0.024657840251663756,0.2822768204129871,0.9435454527293309,10,G9H6C 71.85 Comdty,arithmetic
26,11,69.62000274658203,71.85,1.2602739726027397,0.045789999961853,0.2457,0.9689631558327354,-0.031528690690692765,0.2758275488640117,0.9439255852223789,11,G9H6C 71.85 Comdty,arithmetic
26,12,70.5999984741211,71.85,1.2575342465753423,0.0461899995803833,0.237,0.9826026231610452,-0.017550489638853403,0.26577140759662315,0.9435692628504546,12,G9H6C 71.85 Comdty,arithmetic
26,13,70.98999786376953,71.85,1.2493150684931509,0.0454500007629394,0.237,0.9880305896140507,-0.012041620565731128,0.26490144975479424,0.9448006077738029,13,G9H6C 71.85 Comdty,arithmetic
26,14,73.12999725341797,71.85,1.2410958904109588,0.0457499980926513,0.2253,1.017814853909784,0.017658029200297215,0.2509943009231293,0.9448017757342648,14,G9H6C 71.85 Comdty,arithmetic
26,15,73.95999908447266,71.85,1.2383561643835617,0.0459600019454956,0.2211,1.0293667235138853,0.02894378161520777,0.24604329121251187,0.9446745033471393,15,G9H6C 71.85 Comdty,arithmetic
26,16,73.55999755859375,71.85,1.2301369863013698,0.0461800003051757,0.21739999999999998,1.0237995484842555,0.02352075402176769,0.2411216895069478,0.9447757073276618,16,G9H6C 71.85 Comdty,arithmetic
26,17,73.31999969482422,71.85,1.2246575342465753,0.0469299983978271,0.2227,1.0204592859404902,0.020252806284225634,0.24644927583915485,0.9441472157383016,17,G9H6C 71.85 Comdty,arithmetic
26,18,75.44000244140625,71.85,1.1863013698630136,0.0459899997711181,0.20739999999999997,1.0499652392680063,0.04875705816239262,0.22589481780759987,0.9469035871141707,18,G9H6C 71.85 Comdty,arithmetic
26,19,73.16999816894531,71.85,1.1726027397260277,0.0452799987792968,0.1934,1.01837158203125,0.018204863346240052,0.20942663854320648,0.9482894933390148,19,G9H6C 71.85 Comdty,arithmetic
27,0,69.94000244140625,72.67,1.3232876712328767,0.0422300004959106,0.2703,0.9624329495170806,-0.038290878086162855,0.31093755471397605,0.9456503009392375,0,G9H6C 72.67 Comdty,arithmetic
27,1,70.29000091552734,72.67,1.3013698630136987,0.0427099990844726,0.2464,0.9672492213503143,-0.03329909041572932,0.28108720433053547,0.9459349214802625,1,G9H6C 72.67 Comdty,arithmetic
27,2,70.0199966430664,72.67,1.2986301369863014,0.0432399988174438,0.2553,0.9635337366597826,-0.037147777044522476,0.29093338059632395,0.9453947010813329,2,G9H6C 72.67 Comdty,arithmetic
27,3,71.29000091552734,72.67,1.295890410958904,0.0439900016784668,0.2607,0.9810100580091832,-0.019172566656710684,0.29677353466357526,0.9445881927314759,3,G9H6C 72.67 Comdty,arithmetic
27,4,70.70999908447266,72.67,1.2876712328767124,0.0439699983596801,0.24989999999999998,0.9730287475501948,-0.027341651960031257,0.28357553027344057,0.9449541208827293,4,G9H6C 72.67 Comdty,arithmetic
27,5,70.08000183105469,72.67,1.284931506849315,0.0438500022888183,0.2482,0.9643594582503741,-0.03629117187234547,0.281346661611614,0.9452136905206265,5,G9H6C 72.67 Comdty,arithmetic
27,6,70.58000183105469,72.67,1.282191780821918,0.0449399995803833,0.2446,0.9712398765798085,-0.029181800438452844,0.27697013775040713,0.9440069995447847,6,G9H6C 72.67 Comdty,arithmetic
27,7,69.91000366210938,72.67,1.2794520547945205,0.0457000017166137,0.24789999999999998,0.9620201412152108,-0.03871989172145411,0.28040679583541644,0.9432056296555369,7,G9H6C 72.67 Comdty,arithmetic
27,8,69.45999908447266,72.67,1.2767123287671234,0.0452400016784668,0.2491,0.9558277017266087,-0.045177610493257976,0.28146231388409054,0.9438778967211447,8,G9H6C 72.67 Comdty,arithmetic
27,9,69.23999786376953,72.67,1.2684931506849315,0.0459899997711181,0.25170000000000003,0.9528003008637612,-0.048349945173085204,0.28348316888502556,0.9433310479255468,9,G9H6C 72.67 Comdty,arithmetic
27,10,70.0999984741211,72.67,1.2657534246575342,0.0459100008010864,0.2509,0.9646346287893366,-0.03600587235517454,0.2822768204129871,0.9435454527293309,10,G9H6C 72.67 Comdty,arithmetic
27,11,69.62000274658203,72.67,1.2602739726027397,0.045789999961853,0.2457,0.9580294859857167,-0.04287672279420346,0.2758275488640117,0.9439255852223789,11,G9H6C 72.67 Comdty,arithmetic
27,12,70.5999984741211,72.67,1.2575342465753423,0.0461899995803833,0.237,0.971515047118771,-0.028898521742364097,0.26577140759662315,0.9435692628504546,12,G9H6C 72.67 Comdty,arithmetic
27,13,70.98999786376953,72.67,1.2493150684931509,0.0454500007629394,0.237,0.9768817650167817,-0.023389652669241916,0.26490144975479424,0.9448006077738029,13,G9H6C 72.67 Comdty,arithmetic
27,14,73.12999725341797,72.67,1.2410958904109588,0.0457499980926513,0.2253,1.0063299470678129,0.006309997096786368,0.2509943009231293,0.9448017757342648,14,G9H6C 72.67 Comdty,arithmetic
27,15,73.95999908447266,72.67,1.2383561643835617,0.0459600019454956,0.2211,1.0177514666915186,0.017595749511697206,0.24604329121251187,0.9446745033471393,15,G9H6C 72.67 Comdty,arithmetic
27,16,73.55999755859375,72.67,1.2301369863013698,0.0461800003051757,0.21739999999999998,1.0122471110306006,0.012172721918256968,0.2411216895069478,0.9447757073276618,16,G9H6C 72.67 Comdty,arithmetic
27,17,73.31999969482422,72.67,1.2246575342465753,0.0469299983978271,0.2227,1.0089445396287906,0.008904774180714954,0.24644927583915485,0.9441472157383016,17,G9H6C 72.67 Comdty,arithmetic
27,18,75.44000244140625,72.67,1.1863013698630136,0.0459899997711181,0.20739999999999997,1.0381175511408594,0.03740902605888193,0.22589481780759987,0.9469035871141707,18,G9H6C 72.67 Comdty,arithmetic
27,19,73.16999816894531,72.67,1.1726027397260277,0.0452799987792968,0.1934,1.00688039313259,0.006856831242729532,0.20942663854320648,0.9482894933390148,19,G9H6C 72.67 Comdty,arithmetic
28,0,69.94000244140625,73.75,1.3232876712328767,0.0422300004959106,0.2703,0.948339016154661,-0.05304322867754751,0.31093755471397605,0.9456503009392375,0,G9H6C 73.75 Comdty,arithmetic
28,1,70.29000091552734,73.75,1.3013698630136987,0.0427099990844726,0.2464,0.953084758176642,-0.04805144100711397,0.28108720433053547,0.9459349214802625,1,G9H6C 73.75 Comdty,arithmetic
28,2,70.0199966430664,73.75,1.2986301369863014,0.0432399988174438,0.2553,0.9494236832958157,-0.05190012763590703,0.29093338059632395,0.9453947010813329,2,G9H6C 73.75 Comdty,arithmetic
28,3,71.29000091552734,73.75,1.295890410958904,0.0439900016784668,0.2607,0.9666440802105403,-0.033924917248095314,0.29677353466357526,0.9445881927314759,3,G9H6C 73.75 Comdty,arithmetic
28,4,70.70999908447266,73.75,1.2876712328767124,0.0439699983596801,0.24989999999999998,0.9587796486030191,-0.04209400255141583,0.28357553027344057,0.9449541208827293,4,G9H6C 73.75 Comdty,arithmetic
28,5,70.08000183105469,73.75,1.284931506849315,0.0438500022888183,0.2482,0.9502373129634534,-0.051043522463730104,0.281346661611614,0.9452136905206265,5,G9H6C 73.75 Comdty,arithmetic
28,6,70.58000183105469,73.75,1.282191780821918,0.0449399995803833,0.2446,0.9570169739804025,-0.04393415102983746,0.27697013775040713,0.9440069995447847,6,G9H6C 73.75 Comdty,arithmetic
28,7,69.91000366210938,73.75,1.2794520547945205,0.0457000017166137,0.24789999999999998,0.9479322530455508,-0.05347224231283875,0.28040679583541644,0.9432056296555369,7,G9H6C 73.75 Comdty,arithmetic
28,8,69.45999908447266,73.75,1.2767123287671234,0.0452400016784668,0.2491,0.9418304960606462,-0.05992996108464264,0.28146231388409054,0.9438778967211447,8,G9H6C 73.75 Comdty,arithmetic
28,9,69.23999786376953,73.75,1.2684931506849315,0.0459899997711181,0.25170000000000003,0.9388474286612818,-0.06310229576446982,0.28348316888502556,0.9433310479255468,9,G9H6C 73.75 Comdty,arithmetic
28,10,70.0999984741211,73.75,1.2657534246575342,0.0459100008010864,0.2509,0.9505084538863877,-0.050758222946559156,0.2822768204129871,0.9435454527293309,10,G9H6C 73.75 Comdty,arithmetic
28,11,69.62000274658203,73.75,1.2602739726027397,0.045789999961853,0.2457,0.9440000372417903,-0.05762907338558813,0.2758275488640117,0.9439255852223789,11,G9H6C 73.75 Comdty,arithmetic
28,12,70.5999984741211,73.75,1.2575342465753423,0.0461899995803833,0.237,0.9572881149033369,-0.04365087233374871,0.26577140759662315,0.9435692628504546,12,G9H6C 73.75 Comdty,arithmetic
28,13,70.98999786376953,73.75,1.2493150684931509,0.0454500007629394,0.237,0.9625762422206038,-0.038142003260626556,0.26490144975479424,0.9448006077738029,13,G9H6C 73.75 Comdty,arithmetic
28,14,73.12999725341797,73.75,1.2410958904109588,0.0457499980926513,0.2253,0.9915931830971928,-0.008442353494598204,0.2509943009231293,0.9448017757342648,14,G9H6C 73.75 Comdty,arithmetic
28,15,73.95999908447266,73.75,1.2383561643835617,0.0459600019454956,0.2211,1.0028474452131886,0.0028433989203125246,0.24604329121251187,0.9446745033471393,15,G9H6C 73.75 Comdty,arithmetic
28,16,73.55999755859375,73.75,1.2301369863013698,0.0461800003051757,0.21739999999999998,0.9974236957097458,-0.00257962867312766,0.2411216895069478,0.9447757073276618,16,G9H6C 73.75 Comdty,arithmetic
28,17,73.31999969482422,73.75,1.2246575342465753,0.0469299983978271,0.2227,0.994169487387447,-0.005847576410669644,0.24644927583915485,0.9441472157383016,17,G9H6C 73.75 Comdty,arithmetic
28,18,75.44000244140625,73.75,1.1863013698630136,0.0459899997711181,0.20739999999999997,1.0229152873411016,0.02265667546749718,0.22589481780759987,0.9469035871141707,18,G9H6C 73.75 Comdty,arithmetic
28,19,73.16999816894531,73.75,1.1726027397260277,0.0452799987792968,0.1934,0.9921355683924789,-0.007895519348655185,0.20942663854320648,0.9482894933390148,19,G9H6C 73.75 Comdty,arithmetic
29,0,69.94000244140625,73.8,1.3232876712328767,0.0422300004959106,0.2703,0.9476965100461552,-0.05372096506404504,0.31093755471397605,0.9456503009392375,0,G9H6C 73.8 Comdty,arithmetic
29,1,70.29000091552734,73.8,1.3013698630136987,0.0427099990844726,0.2464,0.9524390367957635,-0.04872917739361158,0.28108720433053547,0.9459349214802625,1,G9H6C 73.8 Comdty,arithmetic
29,2,70.0199966430664,73.8,1.2986301369863014,0.0432399988174438,0.2553,0.948780442317973,-0.052577864022404684,0.29093338059632395,0.9453947010813329,2,G9H6C 73.8 Comdty,arithmetic
29,3,71.29000091552734,73.8,1.295890410958904,0.0439900016784668,0.2607,0.9659891722971186,-0.03460265363459285,0.29677353466357526,0.9445881927314759,3,G9H6C 73.8 Comdty,arithmetic
29,4,70.70999908447266,73.8,1.2876712328767124,0.0439699983596801,0.24989999999999998,0.9581300688952935,-0.04277173893791342,0.28357553027344057,0.9449541208827293,4,G9H6C 73.8 Comdty,arithmetic
29,5,70.08000183105469,73.8,1.284931506849315,0.0438500022888183,0.2482,0.9495935207459986,-0.051721258850227596,0.281346661611614,0.9452136905206265,5,G9H6C 73.8 Comdty,arithmetic
29,6,70.58000183105469,73.8,1.282191780821918,0.0449399995803833,0.2446,0.956368588496676,-0.04461188741633498,0.27697013775040713,0.9440069995447847,6,G9H6C 73.8 Comdty,arithmetic
29,7,69.91000366210938,73.8,1.2794520547945205,0.0457000017166137,0.24789999999999998,0.9472900225218073,-0.054149978699336326,0.28040679583541644,0.9432056296555369,7,G9H6C 73.8 Comdty,arithmetic
29,8,69.45999908447266,73.8,1.2767123287671234,0.0452400016784668,0.2491,0.9411923995185997,-0.060607697471140226,0.28146231388409054,0.9438778967211447,8,G9H6C 73.8 Comdty,arithmetic
29,9,69.23999786376953,73.8,1.2684931506849315,0.0459899997711181,0.25170000000000003,0.9382113531676088,-0.06378003215096742,0.28348316888502556,0.9433310479255468,9,G9H6C 73.8 Comdty,arithmetic
29,10,70.0999984741211,73.8,1.2657534246575342,0.0459100008010864,0.2509,0.9498644779691205,-0.05143595933305673,0.2822768204129871,0.9435454527293309,10,G9H6C 73.8 Comdty,arithmetic
29,11,69.62000274658203,73.8,1.2602739726027397,0.045789999961853,0.2457,0.9433604708208948,-0.058306809772085674,0.2758275488640117,0.9439255852223789,11,G9H6C 73.8 Comdty,arithmetic
29,12,70.5999984741211,73.8,1.2575342465753423,0.0461899995803833,0.237,0.956639545719798,-0.044328608720246306,0.26577140759662315,0.9435692628504546,12,G9H6C 73.8 Comdty,arithmetic
29,13,70.98999786376953,73.8,1.2493150684931509,0.0454500007629394,0.237,0.9619240902949802,-0.03881973964712406,0.26490144975479424,0.9448006077738029,13,G9H6C 73.8 Comdty,arithmetic
29,14,73.12999725341797,73.8,1.2410958904109588,0.0457499980926513,0.2253,0.9909213719975335,-0.009120089881095767,0.2509943009231293,0.9448017757342648,14,G9H6C 73.8 Comdty,arithmetic
29,15,73.95999908447266,73.8,1.2383561643835617,0.0459600019454956,0.2211,1.0021680092746972,0.0021656625338148383,0.24604329121251187,0.9446745033471393,15,G9H6C 73.8 Comdty,arithmetic
29,16,73.55999755859375,73.8,1.2301369863013698,0.0461800003051757,0.21739999999999998,0.9967479343982893,-0.0032573650596252127,0.2411216895069478,0.9447757073276618,16,G9H6C 73.8 Comdty,arithmetic
29,17,73.31999969482422,73.8,1.2246575342465753,0.0469299983978271,0.2227,0.9934959308241764,-0.006525312797167239,0.24644927583915485,0.9441472157383016,17,G9H6C 73.8 Comdty,arithmetic
29,18,75.44000244140625,73.8,1.1863013698630136,0.0459899997711181,0.20739999999999997,1.0222222553036078,0.021978939080999717,0.22589481780759987,0.9469035871141707,18,G9H6C 73.8 Comdty,arithmetic
29,19,73.16999816894531,73.8,1.1726027397260277,0.0452799987792968,0.1934,0.9914633898231072,-0.008573255735152822,0.20942663854320648,0.9482894933390148,19,G9H6C 73.8 Comdty,arithmetic
30,0,69.94000244140625,74.4,1.3232876712328767,0.0422300004959106,0.2703,0.9400537962554603,-0.06181817529666454,0.31093755471397605,0.9456503009392375,0,G9H6C 74.4 Comdty,arithmetic
30,1,70.29000091552734,74.4,1.3013698630136987,0.0427099990844726,0.2464,0.9447580768216041,-0.05682638762623097,0.28108720433053547,0.9459349214802625,1,G9H6C 74.4 Comdty,arithmetic
30,2,70.0199966430664,74.4,1.2986301369863014,0.0432399988174438,0.2553,0.9411289871379893,-0.06067507425502408,0.29093338059632395,0.9453947010813329,2,G9H6C 74.4 Comdty,arithmetic
30,3,71.29000091552734,74.4,1.295890410958904,0.0439900016784668,0.2607,0.9581989370366578,-0.042699863867212334,0.29677353466357526,0.9445881927314759,3,G9H6C 74.4 Comdty,arithmetic
30,4,70.70999908447266,74.4,1.2876712328767124,0.0439699983596801,0.24989999999999998,0.9504032135009765,-0.05086894917053297,0.28357553027344057,0.9449541208827293,4,G9H6C 74.4 Comdty,arithmetic
30,5,70.08000183105469,74.4,1.284931506849315,0.0438500022888183,0.2482,0.9419355084819178,-0.059818469082847145,0.281346661611614,0.9452136905206265,5,G9H6C 74.4 Comdty,arithmetic
30,6,70.58000183105469,74.4,1.282191780821918,0.0449399995803833,0.2446,0.9486559385894446,-0.05270909764895452,0.27697013775040713,0.9440069995447847,6,G9H6C 74.4 Comdty,arithmetic
30,7,69.91000366210938,74.4,1.2794520547945205,0.0457000017166137,0.24789999999999998,0.9396505868563088,-0.06224718893195577,0.28040679583541644,0.9432056296555369,7,G9H6C 74.4 Comdty,arithmetic
30,8,69.45999908447266,74.4,1.2767123287671234,0.0452400016784668,0.2491,0.9336021382321593,-0.06870490770375964,0.28146231388409054,0.9438778967211447,8,G9H6C 74.4 Comdty,arithmetic
30,9,69.23999786376953,74.4,1.2684931506849315,0.0459899997711181,0.25170000000000003,0.9306451325775474,-0.07187724238358684,0.28348316888502556,0.9433310479255468,9,G9H6C 74.4 Comdty,arithmetic
30,10,70.0999984741211,74.4,1.2657534246575342,0.0459100008010864,0.2509,0.9422042805661437,-0.05953316956567618,0.2822768204129871,0.9435454527293309,10,G9H6C 74.4 Comdty,arithmetic
30,11,69.62000274658203,74.4,1.2602739726027397,0.045789999961853,0.2457,0.9357527250884681,-0.06640402000470522,0.2758275488640117,0.9439255852223789,11,G9H6C 74.4 Comdty,arithmetic
30,12,70.5999984741211,74.4,1.2575342465753423,0.0461899995803833,0.237,0.9489247106736706,-0.052425818952865744,0.26577140759662315,0.9435692628504546,12,G9H6C 74.4 Comdty,arithmetic
30,13,70.98999786376953,74.4,1.2493150684931509,0.0454500007629394,0.237,0.9541666379538914,-0.046916949879743604,0.26490144975479424,0.9448006077738029,13,G9H6C 74.4 Comdty,arithmetic
30,14,73.12999725341797,74.4,1.2410958904109588,0.0457499980926513,0.2253,0.9829300706104565,-0.0172173001137153,0.2509943009231293,0.9448017757342648,14,G9H6C 74.4 Comdty,arithmetic
30,15,73.95999908447266,74.4,1.2383561643835617,0.0459600019454956,0.2211,0.9940860091999012,-0.005931547698804567,0.24604329121251187,0.9446745033471393,15,G9H6C 74.4 Comdty,arithmetic
30,16,73.55999755859375,74.4,1.2301369863013698,0.0461800003051757,0.21739999999999998,0.9887096446047546,-0.011354575292244706,0.2411216895069478,0.9447757073276618,16,G9H6C 74.4 Comdty,arithmetic
30,17,73.31999969482422,74.4,1.2246575342465753,0.0469299983978271,0.2227,0.9854838668659168,-0.014622523029786718,0.24644927583915485,0.9441472157383016,17,G9H6C 74.4 Comdty,arithmetic
30,18,75.44000244140625,74.4,1.1863013698630136,0.0459899997711181,0.20739999999999997,1.013978527438256,0.013881728848380258,0.22589481780759987,0.9469035871141707,18,G9H6C 74.4 Comdty,arithmetic
30,19,73.16999816894531,74.4,1.1726027397260277,0.0452799987792968,0.1934,0.9834677173245336,-0.01667046596777233,0.20942663854320648,0.9482894933390148,19,G9H6C 74.4 Comdty,arithmetic
31,0,69.94000244140625,75.0,1.3232876712328767,0.0422300004959106,0.2703,0.9325333658854167,-0.06985034699392868,0.31093755471397605,0.9456503009392375,0,G9H6C 75 Comdty,arithmetic
31,1,70.29000091552734,75.0,1.3013698630136987,0.0427099990844726,0.2464,0.9372000122070312,-0.06485855932349527,0.28108720433053547,0.9459349214802625,1,G9H6C 75 Comdty,arithmetic
31,2,70.0199966430664,75.0,1.2986301369863014,0.0432399988174438,0.2553,0.9335999552408855,-0.06870724595228828,0.29093338059632395,0.9453947010813329,2,G9H6C 75 Comdty,arithmetic
31,3,71.29000091552734,75.0,1.295890410958904,0.0439900016784668,0.2607,0.9505333455403646,-0.05073203556447652,0.29677353466357526,0.9445881927314759,3,G9H6C 75 Comdty,arithmetic
31,4,70.70999908447266,75.0,1.2876712328767124,0.0439699983596801,0.24989999999999998,0.9427999877929687,-0.058901120867797176,0.28357553027344057,0.9449541208827293,4,G9H6C 75 Comdty,arithmetic
31,5,70.08000183105469,75.0,1.284931506849315,0.0438500022888183,0.2482,0.9344000244140624,-0.06785064078011138,0.281346661611614,0.9452136905206265,5,G9H6C 75 Comdty,arithmetic
31,6,70.58000183105469,75.0,1.282191780821918,0.0449399995803833,0.2446,0.9410666910807292,-0.0607412693462187,0.27697013775040713,0.9440069995447847,6,G9H6C 75 Comdty,arithmetic
31,7,69.91000366210938,75.0,1.2794520547945205,0.0457000017166137,0.24789999999999998,0.9321333821614584,-0.07027936062921995,0.28040679583541644,0.9432056296555369,7,G9H6C 75 Comdty,arithmetic
31,8,69.45999908447266,75.0,1.2767123287671234,0.0452400016784668,0.2491,0.9261333211263021,-0.07673707940102384,0.28146231388409054,0.9438778967211447,8,G9H6C 75 Comdty,arithmetic
31,9,69.23999786376953,75.0,1.2684931506849315,0.0459899997711181,0.25170000000000003,0.9231999715169271,-0.07990941408085103,0.28348316888502556,0.9433310479255468,9,G9H6C 75 Comdty,arithmetic
31,10,70.0999984741211,75.0,1.2657534246575342,0.0459100008010864,0.2509,0.9346666463216146,-0.06756534126294042,0.2822768204129871,0.9435454527293309,10,G9H6C 75 Comdty,arithmetic
31,11,69.62000274658203,75.0,1.2602739726027397,0.045789999961853,0.2457,0.9282667032877604,-0.07443619170196938,0.2758275488640117,0.9439255852223789,11,G9H6C 75 Comdty,arithmetic
31,12,70.5999984741211,75.0,1.2575342465753423,0.0461899995803833,0.237,0.9413333129882813,-0.06045799065012993,0.26577140759662315,0.9435692628504546,12,G9H6C 75 Comdty,arithmetic
31,13,70.98999786376953,75.0,1.2493150684931509,0.0454500007629394,0.237,0.9465333048502604,-0.05494912157700774,0.26490144975479424,0.9448006077738029,13,G9H6C 75 Comdty,arithmetic
31,14,73.12999725341797,75.0,1.2410958904109588,0.0457499980926513,0.2253,0.9750666300455729,-0.025249471810979432,0.2509943009231293,0.9448017757342648,14,G9H6C 75 Comdty,arithmetic
31,15,73.95999908447266,75.0,1.2383561643835617,0.0459600019454956,0.2211,0.986133321126302,-0.013963719396068783,0.24604329121251187,0.9446745033471393,15,G9H6C 75 Comdty,arithmetic
31,16,73.55999755859375,75.0,1.2301369863013698,0.0461800003051757,0.21739999999999998,0.9807999674479166,-0.01938674698950892,0.2411216895069478,0.9447757073276618,16,G9H6C 75 Comdty,arithmetic
31,17,73.31999969482422,75.0,1.2246575342465753,0.0469299983978271,0.2227,0.9775999959309896,-0.0226546947270509,0.24644927583915485,0.9441472157383016,17,G9H6C 75 Comdty,arithmetic
31,18,75.44000244140625,75.0,1.1863013698630136,0.0459899997711181,0.20739999999999997,1.00586669921875,0.005849557151115972,0.22589481780759987,0.9469035871141707,18,G9H6C 75 Comdty,arithmetic
31,19,73.16999816894531,75.0,1.1726027397260277,0.0452799987792968,0.1934,0.9755999755859375,-0.024702637665036484,0.20942663854320648,0.9482894933390148,19,G9H6C 75 Comdty,arithmetic
32,0,69.94000244140625,75.25,1.3232876712328767,0.0422300004959106,0.2703,0.9294352483907807,-0.07317813708660337,0.31093755471397605,0.9456503009392375,0,G9H6C 75.25 Comdty,arithmetic
32,1,70.29000091552734,75.25,1.3013698630136987,0.0427099990844726,0.2464,0.9340863909040179,-0.06818634941616983,0.28108720433053547,0.9459349214802625,1,G9H6C 75.25 Comdty,arithmetic
32,2,70.0199966430664,75.25,1.2986301369863014,0.0432399988174438,0.2553,0.9304982942600187,-0.07203503604496292,0.29093338059632395,0.9453947010813329,2,G9H6C 75.25 Comdty,arithmetic
32,3,71.29000091552734,75.25,1.295890410958904,0.0439900016784668,0.2607,0.9473754274488684,-0.05405982565715121,0.29677353466357526,0.9445881927314759,3,G9H6C 75.25 Comdty,arithmetic
32,4,70.70999908447266,75.25,1.2876712328767124,0.0439699983596801,0.24989999999999998,0.9396677619199024,-0.06222891096047177,0.28357553027344057,0.9449541208827293,4,G9H6C 75.25 Comdty,arithmetic
32,5,70.08000183105469,75.25,1.284931506849315,0.0438500022888183,0.2482,0.9312957053960755,-0.07117843087278604,0.281346661611614,0.9452136905206265,5,G9H6C 75.25 Comdty,arithmetic
32,6,70.58000183105469,75.25,1.282191780821918,0.0449399995803833,0.2446,0.9379402236685008,-0.06406905943889335,0.27697013775040713,0.9440069995447847,6,G9H6C 75.25 Comdty,arithmetic
32,7,69.91000366210938,75.25,1.2794520547945205,0.0457000017166137,0.24789999999999998,0.9290365935164037,-0.07360715072189464,0.28040679583541644,0.9432056296555369,7,G9H6C 75.25 Comdty,arithmetic
32,8,69.45999908447266,75.25,1.2767123287671234,0.0452400016784668,0.2491,0.9230564662388393,-0.08006486949369851,0.28146231388409054,0.9438778967211447,8,G9H6C 75.25 Comdty,arithmetic
32,9,69.23999786376953,75.25,1.2684931506849315,0.0459899997711181,0.25170000000000003,0.9201328619770037,-0.08323720417352574,0.28348316888502556,0.9433310479255468,9,G9H6C 75.25 Comdty,arithmetic
32,10,70.0999984741211,75.25,1.2657534246575342,0.0459100008010864,0.2509,0.9315614415165594,-0.07089313135561505,0.2822768204129871,0.9435454527293309,10,G9H6C 75.25 Comdty,arithmetic
32,11,69.62000274658203,75.25,1.2602739726027397,0.045789999961853,0.2457,0.9251827607519206,-0.0777639817946441,0.2758275488640117,0.9439255852223789,11,G9H6C 75.25 Comdty,arithmetic
32,12,70.5999984741211,75.25,1.2575342465753423,0.0461899995803833,0.237,0.9382059597889847,-0.06378578074280457,0.26577140759662315,0.9435692628504546,12,G9H6C 75.25 Comdty,arithmetic
32,13,70.98999786376953,75.25,1.2493150684931509,0.0454500007629394,0.237,0.9433886759304921,-0.058276911669682394,0.26490144975479424,0.9448006077738029,13,G9H6C 75.25 Comdty,arithmetic
32,14,73.12999725341797,75.25,1.2410958904109588,0.0457499980926513,0.2253,0.971827206025488,-0.028577261903654064,0.2509943009231293,0.9448017757342648,14,G9H6C 75.25 Comdty,arithmetic
32,15,73.95999908447266,75.25,1.2383561643835617,0.0459600019454956,0.2211,0.9828571306906665,-0.017291509488743438,0.24604329121251187,0.9446745033471393,15,G9H6C 75.25 Comdty,arithmetic
32,16,73.55999755859375,75.25,1.2301369863013698,0.0461800003051757,0.21739999999999998,0.9775414957952658,-0.022714537082183506,0.2411216895069478,0.9447757073276618,16,G9H6C 75.25 Comdty,arithmetic
32,17,73.31999969482422,75.25,1.2246575342465753,0.0469299983978271,0.2227,0.9743521554129464,-0.025982484819725583,0.24644927583915485,0.9441472157383016,17,G9H6C 75.25 Comdty,arithmetic
32,18,75.44000244140625,75.25,1.1863013698630136,0.0459899997711181,0.20739999999999997,1.0025249493874584,0.0025217670584412946,0.22589481780759987,0.9469035871141707,18,G9H6C 75.25 Comdty,arithmetic
32,19,73.16999816894531,75.25,1.1726027397260277,0.0452799987792968,0.1934,0.9723587796537583,-0.028030427757711158,0.20942663854320648,0.9482894933390148,19,G9H6C 75.25 Comdty,arithmetic
33,0,69.94000244140625,76.55,1.3232876712328767,0.0422300004959106,0.2703,0.9136512402535109,-0.09030635556131095,0.31093755471397605,0.9456503009392375,0,G9H6C 76.55 Comdty,arithmetic
33,1,70.29000091552734,76.55,1.3013698630136987,0.0427099990844726,0.2464,0.9182233953693971,-0.08531456789087745,0.28108720433053547,0.9459349214802625,1,G9H6C 76.55 Comdty,arithmetic
33,2,70.0199966430664,76.55,1.2986301369863014,0.0432399988174438,0.2553,0.9146962330903515,-0.08916325451967058,0.29093338059632395,0.9453947010813329,2,G9H6C 76.55 Comdty,arithmetic
33,3,71.29000091552734,76.55,1.295890410958904,0.0439900016784668,0.2607,0.9312867526522187,-0.07118804413185889,0.29677353466357526,0.9445881927314759,3,G9H6C 76.55 Comdty,arithmetic
33,4,70.70999908447266,76.55,1.2876712328767124,0.0439699983596801,0.24989999999999998,0.9237099815084606,-0.07935712943517938,0.28357553027344057,0.9449541208827293,4,G9H6C 76.55 Comdty,arithmetic
33,5,70.08000183105469,76.55,1.284931506849315,0.0438500022888183,0.2482,0.9154801022998653,-0.0883066493474936,0.281346661611614,0.9452136905206265,5,G9H6C 76.55 Comdty,arithmetic
33,6,70.58000183105469,76.55,1.282191780821918,0.0449399995803833,0.2446,0.9220117809412761,-0.08119727791360101,0.27697013775040713,0.9440069995447847,6,G9H6C 76.55 Comdty,arithmetic
33,7,69.91000366210938,76.55,1.2794520547945205,0.0457000017166137,0.24789999999999998,0.9132593554815073,-0.0907353691966022,0.28040679583541644,0.9432056296555369,7,G9H6C 76.55 Comdty,arithmetic
33,8,69.45999908447266,76.55,1.2767123287671234,0.0452400016784668,0.2491,0.9073807849049335,-0.09719308796840617,0.28146231388409054,0.9438778967211447,8,G9H6C 76.55 Comdty,arithmetic
33,9,69.23999786376953,76.55,1.2684931506849315,0.0459899997711181,0.25170000000000003,0.9045068303562317,-0.10036542264823331,0.28348316888502556,0.9433310479255468,9,G9H6C 76.55 Comdty,arithmetic
33,10,70.0999984741211,76.55,1.2657534246575342,0.0459100008010864,0.2509,0.9157413255926988,-0.0880213498303227,0.2822768204129871,0.9435454527293309,10,G9H6C 76.55 Comdty,arithmetic
33,11,69.62000274658203,76.55,1.2602739726027397,0.045789999961853,0.2457,0.9094709699096282,-0.09489220026935162,0.2758275488640117,0.9439255852223789,11,G9H6C 76.55 Comdty,arithmetic
33,12,70.5999984741211,76.55,1.2575342465753423,0.0461899995803833,0.237,0.9222730042341097,-0.08091399921751218,0.26577140759662315,0.9435692628504546,12,G9H6C 76.55 Comdty,arithmetic
33,13,70.98999786376953,76.55,1.2493150684931509,0.0454500007629394,0.237,0.9273677056011697,-0.07540513014438999,0.26490144975479424,0.9448006077738029,13,G9H6C 76.55 Comdty,arithmetic
33,14,73.12999725341797,76.55,1.2410958904109588,0.0457499980926513,0.2253,0.9553232822131675,-0.045705480378361675,0.2509943009231293,0.9448017757342648,14,G9H6C 76.55 Comdty,arithmetic
33,15,73.95999908447266,76.55,1.2383561643835617,0.0459600019454956,0.2211,0.9661658926776311,-0.034419727963451004,0.24604329121251187,0.9446745033471393,15,G9H6C 76.55 Comdty,arithmetic
33,16,73.55999755859375,76.55,1.2301369863013698,0.0461800003051757,0.21739999999999998,0.9609405298314011,-0.03984275555689115,0.2411216895069478,0.9447757073276618,16,G9H6C 76.55 Comdty,arithmetic
33,17,73.31999969482422,76.55,1.2246575342465753,0.0469299983978271,0.2227,0.9578053519898657,-0.04311070329443318,0.24644927583915485,0.9441472157383016,17,G9H6C 76.55 Comdty,arithmetic
33,18,75.44000244140625,76.55,1.1863013698630136,0.0459899997711181,0.20739999999999997,0.9854997053090301,-0.014606451416266245,0.22589481780759987,0.9469035871141707,18,G9H6C 76.55 Comdty,arithmetic
33,19,73.16999816894531,76.55,1.1726027397260277,0.0452799987792968,0.1934,0.9558458284643412,-0.045158646232418706,0.20942663854320648,0.9482894933390148,19,G9H6C 76.55 Comdty,arithmetic
34,0,69.94000244140625,77.0,1.3232876712328767,0.0422300004959106,0.2703,0.908311720018263,-0.09616765531130211,0.31093755471397605,0.9456503009392375,0,G9H6C 77 Comdty,arithmetic
34,1,70.29000091552734,77.0,1.3013698630136987,0.0427099990844726,0.2464,0.9128571547471084,-0.0911758676408686,0.28108720433053547,0.9459349214802625,1,G9H6C 77 Comdty,arithmetic
34,2,70.0199966430664,77.0,1.2986301369863014,0.0432399988174438,0.2553,0.9093506057541092,-0.09502455426966169,0.29093338059632395,0.9453947010813329,2,G9H6C 77 Comdty,arithmetic
34,3,71.29000091552734,77.0,1.295890410958904,0.0439900016784668,0.2607,0.9258441677341214,-0.07704934388184995,0.29677353466357526,0.9445881927314759,3,G9H6C 77 Comdty,arithmetic
34,4,70.70999908447266,77.0,1.2876712328767124,0.0439699983596801,0.24989999999999998,0.9183116764217228,-0.08521842918517049,0.28357553027344057,0.9449541208827293,4,G9H6C 77 Comdty,arithmetic
34,5,70.08000183105469,77.0,1.284931506849315,0.0438500022888183,0.2482,0.9101298939098011,-0.09416794909748472,0.281346661611614,0.9452136905206265,5,G9H6C 77 Comdty,arithmetic
34,6,70.58000183105469,77.0,1.282191780821918,0.0449399995803833,0.2446,0.9166234004033076,-0.08705857766359214,0.27697013775040713,0.9440069995447847,6,G9H6C 77 Comdty,arithmetic
34,7,69.91000366210938,77.0,1.2794520547945205,0.0457000017166137,0.24789999999999998,0.90792212548194,-0.09659666894659337,0.28040679583541644,0.9432056296555369,7,G9H6C 77 Comdty,arithmetic
34,8,69.45999908447266,77.0,1.2767123287671234,0.0452400016784668,0.2491,0.9020779101879566,-0.10305438771839726,0.28146231388409054,0.9438778967211447,8,G9H6C 77 Comdty,arithmetic
34,9,69.23999786376953,77.0,1.2684931506849315,0.0459899997711181,0.25170000000000003,0.8992207514775263,-0.1062267223982245,0.28348316888502556,0.9433310479255468,9,G9H6C 77 Comdty,arithmetic
34,10,70.0999984741211,77.0,1.2657534246575342,0.0459100008010864,0.2509,0.9103895905730012,-0.09388264958031385,0.2822768204129871,0.9435454527293309,10,G9H6C 77 Comdty,arithmetic
34,11,69.62000274658203,77.0,1.2602739726027397,0.045789999961853,0.2457,0.9041558798257406,-0.10075350001934281,0.2758275488640117,0.9439255852223789,11,G9H6C 77 Comdty,arithmetic
34,12,70.5999984741211,77.0,1.2575342465753423,0.0461899995803833,0.237,0.9168830970665077,-0.08677529896750334,0.26577140759662315,0.9435692628504546,12,G9H6C 77 Comdty,arithmetic
34,13,70.98999786376953,77.0,1.2493150684931509,0.0454500007629394,0.237,0.9219480242047992,-0.08126642989438111,0.26490144975479424,0.9448006077738029,13,G9H6C 77 Comdty,arithmetic
34,14,73.12999725341797,77.0,1.2410958904109588,0.0457499980926513,0.2253,0.9497402240703632,-0.0515667801283529,0.2509943009231293,0.9448017757342648,14,G9H6C 77 Comdty,arithmetic
34,15,73.95999908447266,77.0,1.2383561643835617,0.0459600019454956,0.2211,0.960519468629515,-0.04028102771344218,0.24604329121251187,0.9446745033471393,15,G9H6C 77 Comdty,arithmetic
34,16,73.55999755859375,77.0,1.2301369863013698,0.0461800003051757,0.21739999999999998,0.9553246436181007,-0.04570405530688229,0.2411216895069478,0.9447757073276618,16,G9H6C 77 Comdty,arithmetic
34,17,73.31999969482422,77.0,1.2246575342465753,0.0469299983978271,0.2227,0.9522077882444704,-0.04897200304442428,0.24644927583915485,0.9441472157383016,17,G9H6C 77 Comdty,arithmetic
34,18,75.44000244140625,77.0,1.1863013698630136,0.0459899997711181,0.20739999999999997,0.9797402914468344,-0.0204677511662574,0.22589481780759987,0.9469035871141707,18,G9H6C 77 Comdty,arithmetic
34,19,73.16999816894531,77.0,1.1726027397260277,0.0452799987792968,0.1934,0.9502597164798092,-0.051019945982409894,0.20942663854320648,0.9482894933390148,19,G9H6C 77 Comdty,arithmetic
35,0,69.94000244140625,69.0,2.3232876712328765,0.0422300004959106,0.2703,1.0136232237884963,0.013531261945122317,0.4120003069555978,0.9065469663279798,0,G9H7C 69 Comdty,arithmetic
35,1,70.29000091552734,69.0,2.3013698630136985,0.0427099990844726,0.2464,1.0186956654424253,0.01852304961555587,0.37379536706379357,0.9063846498163414,1,G9H7C 69 Comdty,arithmetic
35,2,70.0199966430664,69.0,2.2986301369863016,0.0432399988174438,0.2553,1.0147825600444407,0.014674362986762751,0.38706630174326145,0.9053870343802686,2,G9H7C 69 Comdty,arithmetic
35,3,71.29000091552734,69.0,2.295890410958904,0.0439900016784668,0.2607,1.0331884190656138,0.03264957337457458,0.39501774754650243,0.9039364470187601,3,G9H7C 69 Comdty,arithmetic
35,4,70.70999908447266,69.0,2.287671232876712,0.0439699983596801,0.24989999999999998,1.02478259542714,0.024480488071253893,0.3779749877569454,0.9043047158270379,4,G9H7C 69 Comdty,arithmetic
35,5,70.08000183105469,69.0,2.2849315068493152,0.0438500022888183,0.2482,1.0156522004500679,0.01553096815893968,0.3751788693410118,0.9046616688045073,5,G9H7C 69 Comdty,arithmetic
35,6,70.58000183105469,69.0,2.282191780821918,0.0449399995803833,0.2446,1.0228985772616621,0.022640339592832348,0.36951538155465125,0.9025224644996873,6,G9H7C 69 Comdty,arithmetic
35,7,69.91000366210938,69.0,2.2794520547945205,0.0457000017166137,0.24789999999999998,1.0131884588711504,0.013102248309831106,0.37427580893063994,0.9010712345754468,7,G9H7C 69 Comdty,arithmetic
35,8,69.45999908447266,69.0,2.276712328767123,0.0452400016784668,0.2491,1.0066666533981545,0.006644529538027303,0.37586146934340886,0.9021283541204171,8,G9H7C 69 Comdty,arithmetic
35,9,69.23999786376953,69.0,2.2684931506849315,0.0459899997711181,0.25170000000000003,1.0034782299097034,0.003472194858200009,0.379098400209096,0.90092974446484,9,G9H7C 69 Comdty,arithmetic
35,10,70.0999984741211,69.0,2.265753424657534,0.0459100008010864,0.2509,1.0159420068713203,0.01581626767611076,0.377665213307323,0.9012066048135229,10,G9H7C 69 Comdty,arithmetic
35,11,69.62000274658203,69.0,2.26027397260274,0.045789999961853,0.2457,1.0089855470519136,0.00894541723708175,0.36939047999688457,0.9016778755804549,11,G9H7C 69 Comdty,arithmetic
35,12,70.5999984741211,69.0,2.2575342465753425,0.0461899995803833,0.237,1.0231883836829143,0.02292361828892102,0.356094708042524,0.9009770387326563,12,G9H7C 69 Comdty,arithmetic
35,13,70.98999786376953,69.0,2.249315068493151,0.0454500007629394,0.237,1.028840548750283,0.028432487362043207,0.35544588629240287,0.9028206404645185,13,G9H7C 69 Comdty,arithmetic
35,14,73.12999725341797,69.0,2.241095890410959,0.0457499980926513,0.2253,1.0598550326582314,0.05813213712807164,0.33728063848357853,0.9025509530354646,14,G9H7C 69 Comdty,arithmetic
35,15,73.95999908447266,69.0,2.2383561643835614,0.0459600019454956,0.2211,1.0718840447025022,0.06941788954298227,0.33079073619236216,0.902239878426312,15,G9H7C 69 Comdty,arithmetic
35,16,73.55999755859375,69.0,2.23013698630137,0.0461800003051757,0.21739999999999998,1.0660869211390398,0.06399486194954211,0.3246574027350754,0.902138045617246,16,G9H7C 69 Comdty,arithmetic
35,17,73.31999969482422,69.0,2.2246575342465755,0.0469299983978271,0.2227,1.0626086912293364,0.060726914212000105,0.33216341695262563,0.9008620195834969,17,G9H7C 69 Comdty,arithmetic
35,18,75.44000244140625,69.0,2.186301369863014,0.0459899997711181,0.20739999999999997,1.0933333687160327,0.08923116609016718,0.3066646844883329,0.9043417034217466,18,G9H7C 69 Comdty,arithmetic
35,19,73.16999816894531,69.0,2.1726027397260275,0.0452799987792968,0.1934,1.0604347560716711,0.05867897127401456,0.28506679380718275,0.9063085668581957,19,G9H7C 69 Comdty,arithmetic
36,0,69.94000244140625,75.0,2.3232876712328765,0.0422300004959106,0.2703,0.9325333658854167,-0.06985034699392868,0.4120003069555978,0.9065469663279798,0,G9H7C 75 Comdty,arithmetic
36,1,70.29000091552734,75.0,2.3013698630136985,0.0427099990844726,0.2464,0.9372000122070312,-0.06485855932349527,0.37379536706379357,0.9063846498163414,1,G9H7C 75 Comdty,arithmetic
36,2,70.0199966430664,75.0,2.2986301369863016,0.0432399988174438,0.2553,0.9335999552408855,-0.06870724595228828,0.38706630174326145,0.9053870343802686,2,G9H7C 75 Comdty,arithmetic
36,3,71.29000091552734,75.0,2.295890410958904,0.0439900016784668,0.2607,0.9505333455403646,-0.05073203556447652,0.39501774754650243,0.9039364470187601,3,G9H7C 75 Comdty,arithmetic
36,4,70.70999908447266,75.0,2.287671232876712,0.0439699983596801,0.24989999999999998,0.9427999877929687,-0.058901120867797176,0.3779749877569454,0.9043047158270379,4,G9H7C 75 Comdty,arithmetic
36,5,70.08000183105469,75.0,2.2849315068493152,0.0438500022888183,0.2482,0.9344000244140624,-0.06785064078011138,0.3751788693410118,0.9046616688045073,5,G9H7C 75 Comdty,arithmetic
36,6,70.58000183105469,75.0,2.282191780821918,0.0449399995803833,0.2446,0.9410666910807292,-0.0607412693462187,0.36951538155465125,0.9025224644996873,6,G9H7C 75 Comdty,arithmetic
36,7,69.91000366210938,75.0,2.2794520547945205,0.0457000017166137,0.24789999999999998,0.9321333821614584,-0.07027936062921995,0.37427580893063994,0.9010712345754468,7,G9H7C 75 Comdty,arithmetic
36,8,69.45999908447266,75.0,2.276712328767123,0.0452400016784668,0.2491,0.9261333211263021,-0.07673707940102384,0.37586146934340886,0.9021283541204171,8,G9H7C 75 Comdty,arithmetic
36,9,69.23999786376953,75.0,2.2684931506849315,0.0459899997711181,0.25170000000000003,0.9231999715169271,-0.07990941408085103,0.379098400209096,0.90092974446484,9,G9H7C 75 Comdty,arithmetic
36,10,70.0999984741211,75.0,2.265753424657534,0.0459100008010864,0.2509,0.9346666463216146,-0.06756534126294042,0.377665213307323,0.9012066048135229,10,G9H7C 75 Comdty,arithmetic
36,11,69.62000274658203,75.0,2.26027397260274,0.045789999961853,0.2457,0.9282667032877604,-0.07443619170196938,0.36939047999688457,0.9016778755804549,11,G9H7C 75 Comdty,arithmetic
36,12,70.5999984741211,75.0,2.2575342465753425,0.0461899995803833,0.237,0.9413333129882813,-0.06045799065012993,0.356094708042524,0.9009770387326563,12,G9H7C 75 Comdty,arithmetic
36,13,70.98999786376953,75.0,2.249315068493151,0.0454500007629394,0.237,0.9465333048502604,-0.05494912157700774,0.35544588629240287,0.9028206404645185,13,G9H7C 75 Comdty,arithmetic
36,14,73.12999725341797,75.0,2.241095890410959,0.0457499980926513,0.2253,0.9750666300455729,-0.025249471810979432,0.33728063848357853,0.9025509530354646,14,G9H7C 75 Comdty,arithmetic
36,15,73.95999908447266,75.0,2.2383561643835614,0.0459600019454956,0.2211,0.986133321126302,-0.013963719396068783,0.33079073619236216,0.902239878426312,15,G9H7C 75 Comdty,arithmetic
36,16,73.55999755859375,75.0,2.23013698630137,0.0461800003051757,0.21739999999999998,0.9807999674479166,-0.01938674698950892,0.3246574027350754,0.902138045617246,16,G9H7C 75 Comdty,arithmetic
36,17,73.31999969482422,75.0,2.2246575342465755,0.0469299983978271,0.2227,0.9775999959309896,-0.0226546947270509,0.33216341695262563,0.9008620195834969,17,G9H7C 75 Comdty,arithmetic
36,18,75.44000244140625,75.0,2.186301369863014,0.0459899997711181,0.20739999999999997,1.00586669921875,0.005849557151115972,0.3066646844883329,0.9043417034217466,18,G9H7C 75 Comdty,arithmetic
36,19,73.16999816894531,75.0,2.1726027397260275,0.0452799987792968,0.1934,0.9755999755859375,-0.024702637665036484,0.28506679380718275,0.9063085668581957,19,G9H7C 75 Comdty,arithmetic
37,0,69.94000244140625,71.85,1.4054794520547946,0.0422300004959106,0.2703,0.9734168746194329,-0.026942845982652106,0.32044853911225446,0.9423736773710237,0,G9J6C 71.85 Comdty,arithmetic
37,1,70.29000091552734,71.85,1.3835616438356164,0.0427099990844726,0.2464,0.9782881129509722,-0.0219510583122186,0.28982774666985567,0.9426201227933794,1,G9J6C 71.85 Comdty,arithmetic
37,2,70.0199966430664,71.85,1.3808219178082193,0.0432399988174438,0.2553,0.9745302246773335,-0.0257997449410117,0.29999889205274866,0.942040757748225,2,G9J6C 71.85 Comdty,arithmetic
37,3,71.29000091552734,71.85,1.378082191780822,0.0439900016784668,0.2607,0.9922059974325309,-0.007824534553200027,0.3060402805881372,0.9411790907207589,3,G9J6C 71.85 Comdty,arithmetic
37,4,70.70999908447266,71.85,1.36986301369863,0.0439699983596801,0.24989999999999998,0.9841335989488192,-0.01599361985652052,0.2924858268431303,0.9415452462062439,4,G9J6C 71.85 Comdty,arithmetic
37,5,70.08000183105469,71.85,1.367123287671233,0.0438500022888183,0.2482,0.9753653699520486,-0.02494313976883476,0.29020548581996175,0.941813168225891,5,G9J6C 71.85 Comdty,arithmetic
37,6,70.58000183105469,71.85,1.3643835616438356,0.0449399995803833,0.2446,0.982324312192828,-0.017833768334942105,0.28570950703635833,0.9405265540317306,6,G9J6C 71.85 Comdty,arithmetic
37,7,69.91000366210938,71.85,1.3616438356164384,0.0457000017166137,0.24789999999999998,0.9729993550745912,-0.0273718596179434,0.2892732593032844,0.9396694395435046,7,G9J6C 71.85 Comdty,arithmetic
37,8,69.45999908447266,71.85,1.358904109589041,0.0452400016784668,0.2491,0.9667362433468707,-0.0338295783897473,0.29038095790242296,0.9403747394250085,8,G9J6C 71.85 Comdty,arithmetic
37,9,69.23999786376953,71.85,1.3506849315068492,0.0459899997711181,0.25170000000000003,0.9636742917713227,-0.0370019130695745,0.2925231510332319,0.9397719874441829,9,G9J6C 71.85 Comdty,arithmetic
37,10,70.0999984741211,71.85,1.347945205479452,0.0459100008010864,0.2509,0.9756436809202659,-0.024657840251663756,0.2912975154726658,0.9399917639955039,10,G9J6C 71.85 Comdty,arithmetic
37,11,69.62000274658203,71.85,1.3424657534246576,0.045789999961853,0.2457,0.9689631558327354,-0.031528690690692765,0.28467987356144253,0.9403797397874873,11,G9J6C 71.85 Comdty,arithmetic
37,12,70.5999984741211,71.85,1.3397260273972602,0.0461899995803833,0.237,0.9826026231610452,-0.017550489638853403,0.27431928702312697,0.9399938515504009,12,G9J6C 71.85 Comdty,arithmetic
37,13,70.98999786376953,71.85,1.3315068493150686,0.0454500007629394,0.237,0.9880305896140507,-0.012041620565731128,0.2734765222449234,0.9412777790983591,13,G9J6C 71.85 Comdty,arithmetic
37,14,73.12999725341797,71.85,1.3232876712328767,0.0457499980926513,0.2253,1.017814853909784,0.017658029200297215,0.2591721460490522,0.9412557335788688,14,G9J6C 71.85 Comdty,arithmetic
37,15,73.95999908447266,71.85,1.3205479452054794,0.0459600019454956,0.2211,1.0293667235138853,0.02894378161520777,0.25407727882760067,0.9411126945709366,15,G9J6C 71.85 Comdty,arithmetic
37,16,73.55999755859375,71.85,1.3123287671232875,0.0461800003051757,0.21739999999999998,1.0237995484842555,0.02352075402176769,0.24904674172059313,0.9411964980485544,16,G9J6C 71.85 Comdty,arithmetic
37,17,73.31999969482422,71.85,1.3068493150684932,0.0469299983978271,0.2227,1.0204592859404902,0.020252806284225634,0.2545850953357704,0.9405124090188163,17,G9J6C 71.85 Comdty,arithmetic
37,18,75.44000244140625,71.85,1.2684931506849315,0.0459899997711181,0.20739999999999997,1.0499652392680063,0.04875705816239262,0.23358923014205119,0.9433310479255468,18,G9J6C 71.85 Comdty,arithmetic
37,19,73.16999816894531,71.85,1.2547945205479452,0.0452799987792968,0.1934,1.01837158203125,0.018204863346240052,0.21664205994447686,0.9447668567519807,19,G9J6C 71.85 Comdty,arithmetic
38,0,69.94000244140625,74.0,1.4054794520547946,0.0422300004959106,0.2703,0.9451351681271115,-0.05642732666178799,0.32044853911225446,0.9423736773710237,0,G9J6C 74 Comdty,arithmetic
38,1,70.29000091552734,74.0,1.3835616438356164,0.0427099990844726,0.2464,0.949864877236856,-0.05143553899135455,0.28982774666985567,0.9426201227933794,1,G9J6C 74 Comdty,arithmetic
38,2,70.0199966430664,74.0,1.3808219178082193,0.0432399988174438,0.2553,0.9462161708522487,-0.05528422562014762,0.29999889205274866,0.942040757748225,2,G9J6C 74 Comdty,arithmetic
38,3,71.29000091552734,74.0,1.378082191780822,0.0439900016784668,0.2607,0.9633783907503695,-0.03730901523233592,0.3060402805881372,0.9411790907207589,3,G9J6C 74 Comdty,arithmetic
38,4,70.70999908447266,74.0,1.36986301369863,0.0439699983596801,0.24989999999999998,0.9555405281685494,-0.04547810053565644,0.2924858268431303,0.9415452462062439,4,G9J6C 74 Comdty,arithmetic
38,5,70.08000183105469,74.0,1.367123287671233,0.0438500022888183,0.2482,0.9470270517710093,-0.0544276204479706,0.29020548581996175,0.941813168225891,5,G9J6C 74 Comdty,arithmetic
38,6,70.58000183105469,74.0,1.3643835616438356,0.0449399995803833,0.2446,0.953783808527766,-0.04731824901407804,0.28570950703635833,0.9405265540317306,6,G9J6C 74 Comdty,arithmetic
38,7,69.91000366210938,74.0,1.3616438356164384,0.0457000017166137,0.24789999999999998,0.9447297792176943,-0.05685634029707925,0.2892732593032844,0.9396694395435046,7,G9J6C 74 Comdty,arithmetic
38,8,69.45999908447266,74.0,1.358904109589041,0.0452400016784668,0.2491,0.9386486362766575,-0.06331405906888318,0.29038095790242296,0.9403747394250085,8,G9J6C 74 Comdty,arithmetic
38,9,69.23999786376953,74.0,1.3506849315068492,0.0459899997711181,0.25170000000000003,0.9356756468076963,-0.06648639374871042,0.2925231510332319,0.9397719874441829,9,G9J6C 74 Comdty,arithmetic
38,10,70.0999984741211,74.0,1.347945205479452,0.0459100008010864,0.2509,0.9472972766773121,-0.05414232093079967,0.2912975154726658,0.9399917639955039,10,G9J6C 74 Comdty,arithmetic
38,11,69.62000274658203,74.0,1.3424657534246576,0.045789999961853,0.2457,0.9408108479267842,-0.061013171369828735,0.28467987356144253,0.9403797397874873,11,G9J6C 74 Comdty,arithmetic
38,12,70.5999984741211,74.0,1.3397260273972602,0.0461899995803833,0.237,0.9540540334340688,-0.0470349703179893,0.27431928702312697,0.9399938515504009,12,G9J6C 74 Comdty,arithmetic
38,13,70.98999786376953,74.0,1.3315068493150686,0.0454500007629394,0.237,0.959324295456345,-0.041526101244867074,0.2734765222449234,0.9412777790983591,13,G9J6C 74 Comdty,arithmetic
38,14,73.12999725341797,74.0,1.3232876712328767,0.0457499980926513,0.2253,0.9882432061272699,-0.011826451478838698,0.2591721460490522,0.9412557335788688,14,G9J6C 74 Comdty,arithmetic
38,15,73.95999908447266,74.0,1.3205479452054794,0.0459600019454956,0.2211,0.9994594470874684,-0.0005406990639280039,0.25407727882760067,0.9411126945709366,15,G9J6C 74 Comdty,arithmetic
38,16,73.55999755859375,74.0,1.3123287671232875,0.0461800003051757,0.21739999999999998,0.9940540210620777,-0.005963726657368168,0.24904674172059313,0.9411964980485544,16,G9J6C 74 Comdty,arithmetic
38,17,73.31999969482422,74.0,1.3068493150684932,0.0469299983978271,0.2227,0.9908108066868138,-0.0092316743949102,0.2545850953357704,0.9405124090188163,17,G9J6C 74 Comdty,arithmetic
38,18,75.44000244140625,74.0,1.2684931506849315,0.0459899997711181,0.20739999999999997,1.0194594924514357,0.019272577483256656,0.23358923014205119,0.9433310479255468,18,G9J6C 74 Comdty,arithmetic
38,19,73.16999816894531,74.0,1.2547945205479452,0.0452799987792968,0.1934,0.9887837590398015,-0.011279617332895755,0.21664205994447686,0.9447668567519807,19,G9J6C 74 Comdty,arithmetic
39,0,69.94000244140625,74.4,1.4054794520547946,0.0422300004959106,0.2703,0.9400537962554603,-0.06181817529666454,0.32044853911225446,0.9423736773710237,0,G9J6C 74.4 Comdty,arithmetic
39,1,70.29000091552734,74.4,1.3835616438356164,0.0427099990844726,0.2464,0.9447580768216041,-0.05682638762623097,0.28982774666985567,0.9426201227933794,1,G9J6C 74.4 Comdty,arithmetic
39,2,70.0199966430664,74.4,1.3808219178082193,0.0432399988174438,0.2553,0.9411289871379893,-0.06067507425502408,0.29999889205274866,0.942040757748225,2,G9J6C 74.4 Comdty,arithmetic
39,3,71.29000091552734,74.4,1.378082191780822,0.0439900016784668,0.2607,0.9581989370366578,-0.042699863867212334,0.3060402805881372,0.9411790907207589,3,G9J6C 74.4 Comdty,arithmetic
39,4,70.70999908447266,74.4,1.36986301369863,0.0439699983596801,0.24989999999999998,0.9504032135009765,-0.05086894917053297,0.2924858268431303,0.9415452462062439,4,G9J6C 74.4 Comdty,arithmetic
39,5,70.08000183105469,74.4,1.367123287671233,0.0438500022888183,0.2482,0.9419355084819178,-0.059818469082847145,0.29020548581996175,0.941813168225891,5,G9J6C 74.4 Comdty,arithmetic
39,6,70.58000183105469,74.4,1.3643835616438356,0.0449399995803833,0.2446,0.9486559385894446,-0.05270909764895452,0.28570950703635833,0.9405265540317306,6,G9J6C 74.4 Comdty,arithmetic
39,7,69.91000366210938,74.4,1.3616438356164384,0.0457000017166137,0.24789999999999998,0.9396505868563088,-0.06224718893195577,0.2892732593032844,0.9396694395435046,7,G9J6C 74.4 Comdty,arithmetic
39,8,69.45999908447266,74.4,1.358904109589041,0.0452400016784668,0.2491,0.9336021382321593,-0.06870490770375964,0.29038095790242296,0.9403747394250085,8,G9J6C 74.4 Comdty,arithmetic
39,9,69.23999786376953,74.4,1.3506849315068492,0.0459899997711181,0.25170000000000003,0.9306451325775474,-0.07187724238358684,0.2925231510332319,0.9397719874441829,9,G9J6C 74.4 Comdty,arithmetic
39,10,70.0999984741211,74.4,1.347945205479452,0.0459100008010864,0.2509,0.9422042805661437,-0.05953316956567618,0.2912975154726658,0.9399917639955039,10,G9J6C 74.4 Comdty,arithmetic
39,11,69.62000274658203,74.4,1.3424657534246576,0.045789999961853,0.2457,0.9357527250884681,-0.06640402000470522,0.28467987356144253,0.9403797397874873,11,G9J6C 74.4 Comdty,arithmetic
39,12,70.5999984741211,74.4,1.3397260273972602,0.0461899995803833,0.237,0.9489247106736706,-0.052425818952865744,0.27431928702312697,0.9399938515504009,12,G9J6C 74.4 Comdty,arithmetic
39,13,70.98999786376953,74.4,1.3315068493150686,0.0454500007629394,0.237,0.9541666379538914,-0.046916949879743604,0.2734765222449234,0.9412777790983591,13,G9J6C 74.4 Comdty,arithmetic
39,14,73.12999725341797,74.4,1.3232876712328767,0.0457499980926513,0.2253,0.9829300706104565,-0.0172173001137153,0.2591721460490522,0.9412557335788688,14,G9J6C 74.4 Comdty,arithmetic
39,15,73.95999908447266,74.4,1.3205479452054794,0.0459600019454956,0.2211,0.9940860091999012,-0.005931547698804567,0.25407727882760067,0.9411126945709366,15,G9J6C 74.4 Comdty,arithmetic
39,16,73.55999755859375,74.4,1.3123287671232875,0.0461800003051757,0.21739999999999998,0.9887096446047546,-0.011354575292244706,0.24904674172059313,0.9411964980485544,16,G9J6C 74.4 Comdty,arithmetic
39,17,73.31999969482422,74.4,1.3068493150684932,0.0469299983978271,0.2227,0.9854838668659168,-0.014622523029786718,0.2545850953357704,0.9405124090188163,17,G9J6C 74.4 Comdty,arithmetic
39,18,75.44000244140625,74.4,1.2684931506849315,0.0459899997711181,0.20739999999999997,1.013978527438256,0.013881728848380258,0.23358923014205119,0.9433310479255468,18,G9J6C 74.4 Comdty,arithmetic
39,19,73.16999816894531,74.4,1.2547945205479452,0.0452799987792968,0.1934,0.9834677173245336,-0.01667046596777233,0.21664205994447686,0.9447668567519807,19,G9J6C 74.4 Comdty,arithmetic
40,0,69.94000244140625,75.75,1.4054794520547946,0.0422300004959106,0.2703,0.9233003622627888,-0.0798006778470968,0.32044853911225446,0.9423736773710237,0,G9J6C 75.75 Comdty,arithmetic
40,1,70.29000091552734,75.75,1.3835616438356164,0.0427099990844726,0.2464,0.9279208041653775,-0.0748088901766633,0.28982774666985567,0.9426201227933794,1,G9J6C 75.75 Comdty,arithmetic
40,2,70.0199966430664,75.75,1.3808219178082193,0.0432399988174438,0.2553,0.9243563913276093,-0.07865757680545644,0.29999889205274866,0.942040757748225,2,G9J6C 75.75 Comdty,arithmetic
40,3,71.29000091552734,75.75,1.378082191780822,0.0439900016784668,0.2607,0.9411221242973907,-0.06068236641764459,0.3060402805881372,0.9411790907207589,3,G9J6C 75.75 Comdty,arithmetic
40,4,70.70999908447266,75.75,1.36986301369863,0.0439699983596801,0.24989999999999998,0.9334653344484839,-0.06885145172096521,0.2924858268431303,0.9415452462062439,4,G9J6C 75.75 Comdty,arithmetic
40,5,70.08000183105469,75.75,1.367123287671233,0.0438500022888183,0.2482,0.9251485390238242,-0.07780097163327945,0.29020548581996175,0.941813168225891,5,G9J6C 75.75 Comdty,arithmetic
40,6,70.58000183105469,75.75,1.3643835616438356,0.0449399995803833,0.2446,0.9317491990898309,-0.07069160019938672,0.28570950703635833,0.9405265540317306,6,G9J6C 75.75 Comdty,arithmetic
40,7,69.91000366210938,75.75,1.3616438356164384,0.0457000017166137,0.24789999999999998,0.9229043387737211,-0.08022969148238805,0.2892732593032844,0.9396694395435046,7,G9J6C 75.75 Comdty,arithmetic
40,8,69.45999908447266,75.75,1.358904109589041,0.0452400016784668,0.2491,0.9169636842834674,-0.08668741025419192,0.29038095790242296,0.9403747394250085,8,G9J6C 75.75 Comdty,arithmetic
40,9,69.23999786376953,75.75,1.3506849315068492,0.0459899997711181,0.25170000000000003,0.9140593777395317,-0.0898597449340192,0.2925231510332319,0.9397719874441829,9,G9J6C 75.75 Comdty,arithmetic
40,10,70.0999984741211,75.75,1.347945205479452,0.0459100008010864,0.2509,0.9254125211105095,-0.07751567211610844,0.2912975154726658,0.9399917639955039,10,G9J6C 75.75 Comdty,arithmetic
40,11,69.62000274658203,75.75,1.3424657534246576,0.045789999961853,0.2457,0.9190759438492677,-0.08438652255513748,0.28467987356144253,0.9403797397874873,11,G9J6C 75.75 Comdty,arithmetic
40,12,70.5999984741211,75.75,1.3397260273972602,0.0461899995803833,0.237,0.9320131811765161,-0.07040832150329802,0.27431928702312697,0.9399938515504009,12,G9J6C 75.75 Comdty,arithmetic
40,13,70.98999786376953,75.75,1.3315068493150686,0.0454500007629394,0.237,0.9371616879705549,-0.06489945243017582,0.2734765222449234,0.9412777790983591,13,G9J6C 75.75 Comdty,arithmetic
40,14,73.12999725341797,75.75,1.3232876712328767,0.0457499980926513,0.2253,0.9654125049956167,-0.035199802664147566,0.2591721460490522,0.9412557335788688,14,G9J6C 75.75 Comdty,arithmetic
40,15,73.95999908447266,75.75,1.3205479452054794,0.0459600019454956,0.2211,0.9763696248775268,-0.023914050249236866,0.25407727882760067,0.9411126945709366,15,G9J6C 75.75 Comdty,arithmetic
40,16,73.55999755859375,75.75,1.3123287671232875,0.0461800003051757,0.21739999999999998,0.9710890766811056,-0.029337077842677032,0.24904674172059313,0.9411964980485544,16,G9J6C 75.75 Comdty,arithmetic
40,17,73.31999969482422,75.75,1.3068493150684932,0.0469299983978271,0.2227,0.9679207880504848,-0.03260502558021894,0.2545850953357704,0.9405124090188163,17,G9J6C 75.75 Comdty,arithmetic
40,18,75.44000244140625,75.75,1.2684931506849315,0.0459899997711181,0.20739999999999997,0.9959076229888614,-0.004100773702052057,0.23358923014205119,0.9433310479255468,18,G9J6C 75.75 Comdty,arithmetic
40,19,73.16999816894531,75.75,1.2547945205479452,0.0452799987792968,0.1934,0.9659405698870668,-0.03465296851820459,0.21664205994447686,0.9447668567519807,19,G9J6C 75.75 Comdty,arithmetic
41,0,69.94000244140625,76.55,1.4054794520547946,0.0422300004959106,0.2703,0.9136512402535109,-0.09030635556131095,0.32044853911225446,0.9423736773710237,0,G9J6C 76.55 Comdty,arithmetic
41,1,70.29000091552734,76.55,1.3835616438356164,0.0427099990844726,0.2464,0.9182233953693971,-0.08531456789087745,0.28982774666985567,0.9426201227933794,1,G9J6C 76.55 Comdty,arithmetic
41,2,70.0199966430664,76.55,1.3808219178082193,0.0432399988174438,0.2553,0.9146962330903515,-0.08916325451967058,0.29999889205274866,0.942040757748225,2,G9J6C 76.55 Comdty,arithmetic
41,3,71.29000091552734,76.55,1.378082191780822,0.0439900016784668,0.2607,0.9312867526522187,-0.07118804413185889,0.3060402805881372,0.9411790907207589,3,G9J6C 76.55 Comdty,arithmetic
41,4,70.70999908447266,76.55,1.36986301369863,0.0439699983596801,0.24989999999999998,0.9237099815084606,-0.07935712943517938,0.2924858268431303,0.9415452462062439,4,G9J6C 76.55 Comdty,arithmetic
41,5,70.08000183105469,76.55,1.367123287671233,0.0438500022888183,0.2482,0.9154801022998653,-0.0883066493474936,0.29020548581996175,0.941813168225891,5,G9J6C 76.55 Comdty,arithmetic
41,6,70.58000183105469,76.55,1.3643835616438356,0.0449399995803833,0.2446,0.9220117809412761,-0.08119727791360101,0.28570950703635833,0.9405265540317306,6,G9J6C 76.55 Comdty,arithmetic
41,7,69.91000366210938,76.55,1.3616438356164384,0.0457000017166137,0.24789999999999998,0.9132593554815073,-0.0907353691966022,0.2892732593032844,0.9396694395435046,7,G9J6C 76.55 Comdty,arithmetic
41,8,69.45999908447266,76.55,1.358904109589041,0.0452400016784668,0.2491,0.9073807849049335,-0.09719308796840617,0.29038095790242296,0.9403747394250085,8,G9J6C 76.55 Comdty,arithmetic
41,9,69.23999786376953,76.55,1.3506849315068492,0.0459899997711181,0.25170000000000003,0.9045068303562317,-0.10036542264823331,0.2925231510332319,0.9397719874441829,9,G9J6C 76.55 Comdty,arithmetic
41,10,70.0999984741211,76.55,1.347945205479452,0.0459100008010864,0.2509,0.9157413255926988,-0.0880213498303227,0.2912975154726658,0.9399917639955039,10,G9J6C 76.55 Comdty,arithmetic
41,11,69.62000274658203,76.55,1.3424657534246576,0.045789999961853,0.2457,0.9094709699096282,-0.09489220026935162,0.28467987356144253,0.9403797397874873,11,G9J6C 76.55 Comdty,arithmetic
41,12,70.5999984741211,76.55,1.3397260273972602,0.0461899995803833,0.237,0.9222730042341097,-0.08091399921751218,0.27431928702312697,0.9399938515504009,12,G9J6C 76.55 Comdty,arithmetic
41,13,70.98999786376953,76.55,1.3315068493150686,0.0454500007629394,0.237,0.9273677056011697,-0.07540513014438999,0.2734765222449234,0.9412777790983591,13,G9J6C 76.55 Comdty,arithmetic
41,14,73.12999725341797,76.55,1.3232876712328767,0.0457499980926513,0.2253,0.9553232822131675,-0.045705480378361675,0.2591721460490522,0.9412557335788688,14,G9J6C 76.55 Comdty,arithmetic
41,15,73.95999908447266,76.55,1.3205479452054794,0.0459600019454956,0.2211,0.9661658926776311,-0.034419727963451004,0.25407727882760067,0.9411126945709366,15,G9J6C 76.55 Comdty,arithmetic
41,16,73.55999755859375,76.55,1.3123287671232875,0.0461800003051757,0.21739999999999998,0.9609405298314011,-0.03984275555689115,0.24904674172059313,0.9411964980485544,16,G9J6C 76.55 Comdty,arithmetic
41,17,73.31999969482422,76.55,1.3068493150684932,0.0469299983978271,0.2227,0.9578053519898657,-0.04311070329443318,0.2545850953357704,0.9405124090188163,17,G9J6C 76.55 Comdty,arithmetic
41,18,75.44000244140625,76.55,1.2684931506849315,0.0459899997711181,0.20739999999999997,0.9854997053090301,-0.014606451416266245,0.23358923014205119,0.9433310479255468,18,G9J6C 76.55 Comdty,arithmetic
41,19,73.16999816894531,76.55,1.2547945205479452,0.0452799987792968,0.1934,0.9558458284643412,-0.045158646232418706,0.21664205994447686,0.9447668567519807,19,G9J6C 76.55 Comdty,arithmetic
42,0,69.94000244140625,77.0,1.4054794520547946,0.0422300004959106,0.2703,0.908311720018263,-0.09616765531130211,0.32044853911225446,0.9423736773710237,0,G9J6C 77 Comdty,arithmetic
42,1,70.29000091552734,77.0,1.3835616438356164,0.0427099990844726,0.2464,0.9128571547471084,-0.0911758676408686,0.28982774666985567,0.9426201227933794,1,G9J6C 77 Comdty,arithmetic
42,2,70.0199966430664,77.0,1.3808219178082193,0.0432399988174438,0.2553,0.9093506057541092,-0.09502455426966169,0.29999889205274866,0.942040757748225,2,G9J6C 77 Comdty,arithmetic
42,3,71.29000091552734,77.0,1.378082191780822,0.0439900016784668,0.2607,0.9258441677341214,-0.07704934388184995,0.3060402805881372,0.9411790907207589,3,G9J6C 77 Comdty,arithmetic
42,4,70.70999908447266,77.0,1.36986301369863,0.0439699983596801,0.24989999999999998,0.9183116764217228,-0.08521842918517049,0.2924858268431303,0.9415452462062439,4,G9J6C 77 Comdty,arithmetic
42,5,70.08000183105469,77.0,1.367123287671233,0.0438500022888183,0.2482,0.9101298939098011,-0.09416794909748472,0.29020548581996175,0.941813168225891,5,G9J6C 77 Comdty,arithmetic
42,6,70.58000183105469,77.0,1.3643835616438356,0.0449399995803833,0.2446,0.9166234004033076,-0.08705857766359214,0.28570950703635833,0.9405265540317306,6,G9J6C 77 Comdty,arithmetic
42,7,69.91000366210938,77.0,1.3616438356164384,0.0457000017166137,0.24789999999999998,0.90792212548194,-0.09659666894659337,0.2892732593032844,0.9396694395435046,7,G9J6C 77 Comdty,arithmetic
42,8,69.45999908447266,77.0,1.358904109589041,0.0452400016784668,0.2491,0.9020779101879566,-0.10305438771839726,0.29038095790242296,0.9403747394250085,8,G9J6C 77 Comdty,arithmetic
42,9,69.23999786376953,77.0,1.3506849315068492,0.0459899997711181,0.25170000000000003,0.8992207514775263,-0.1062267223982245,0.2925231510332319,0.9397719874441829,9,G9J6C 77 Comdty,arithmetic
42,10,70.0999984741211,77.0,1.347945205479452,0.0459100008010864,0.2509,0.9103895905730012,-0.09388264958031385,0.2912975154726658,0.9399917639955039,10,G9J6C 77 Comdty,arithmetic
42,11,69.62000274658203,77.0,1.3424657534246576,0.045789999961853,0.2457,0.9041558798257406,-0.10075350001934281,0.28467987356144253,0.9403797397874873,11,G9J6C 77 Comdty,arithmetic
42,12,70.5999984741211,77.0,1.3397260273972602,0.0461899995803833,0.237,0.9168830970665077,-0.08677529896750334,0.27431928702312697,0.9399938515504009,12,G9J6C 77 Comdty,arithmetic
42,13,70.98999786376953,77.0,1.3315068493150686,0.0454500007629394,0.237,0.9219480242047992,-0.08126642989438111,0.2734765222449234,0.9412777790983591,13,G9J6C 77 Comdty,arithmetic
42,14,73.12999725341797,77.0,1.3232876712328767,0.0457499980926513,0.2253,0.9497402240703632,-0.0515667801283529,0.2591721460490522,0.9412557335788688,14,G9J6C 77 Comdty,arithmetic
42,15,73.95999908447266,77.0,1.3205479452054794,0.0459600019454956,0.2211,0.960519468629515,-0.04028102771344218,0.25407727882760067,0.9411126945709366,15,G9J6C 77 Comdty,arithmetic
42,16,73.55999755859375,77.0,1.3123287671232875,0.0461800003051757,0.21739999999999998,0.9553246436181007,-0.04570405530688229,0.24904674172059313,0.9411964980485544,16,G9J6C 77 Comdty,arithmetic
42,17,73.31999969482422,77.0,1.3068493150684932,0.0469299983978271,0.2227,0.9522077882444704,-0.04897200304442428,0.2545850953357704,0.9405124090188163,17,G9J6C 77 Comdty,arithmetic
42,18,75.44000244140625,77.0,1.2684931506849315,0.0459899997711181,0.20739999999999997,0.9797402914468344,-0.0204677511662574,0.23358923014205119,0.9433310479255468,18,G9J6C 77 Comdty,arithmetic
42,19,73.16999816894531,77.0,1.2547945205479452,0.0452799987792968,0.1934,0.9502597164798092,-0.051019945982409894,0.21664205994447686,0.9447668567519807,19,G9J6C 77 Comdty,arithmetic
43,0,69.94000244140625,77.4,1.4054794520547946,0.0422300004959106,0.2703,0.9036176026021479,-0.10134901405329978,0.32044853911225446,0.9423736773710237,0,G9J6C 77.4 Comdty,arithmetic
43,1,70.29000091552734,77.4,1.3835616438356164,0.0427099990844726,0.2464,0.9081395467122395,-0.09635722638286628,0.28982774666985567,0.9426201227933794,1,G9J6C 77.4 Comdty,arithmetic
43,2,70.0199966430664,77.4,1.3808219178082193,0.0432399988174438,0.2553,0.9046511194194625,-0.1002059130116594,0.29999889205274866,0.942040757748225,2,G9J6C 77.4 Comdty,arithmetic
43,3,71.29000091552734,77.4,1.378082191780822,0.0439900016784668,0.2607,0.9210594433530664,-0.08223070262384756,0.3060402805881372,0.9411790907207589,3,G9J6C 77.4 Comdty,arithmetic
43,4,70.70999908447266,77.4,1.36986301369863,0.0439699983596801,0.24989999999999998,0.9135658796443495,-0.09039978792716813,0.2924858268431303,0.9415452462062439,4,G9J6C 77.4 Comdty,arithmetic
43,5,70.08000183105469,77.4,1.367123287671233,0.0438500022888183,0.2482,0.9054263802461845,-0.09934930783948243,0.29020548581996175,0.941813168225891,5,G9J6C 77.4 Comdty,arithmetic
43,6,70.58000183105469,77.4,1.3643835616438356,0.0449399995803833,0.2446,0.911886328566598,-0.0922399364055897,0.28570950703635833,0.9405265540317306,6,G9J6C 77.4 Comdty,arithmetic
43,7,69.91000366210938,77.4,1.3616438356164384,0.0457000017166137,0.24789999999999998,0.9032300214742812,-0.1017780276885911,0.2892732593032844,0.9396694395435046,7,G9J6C 77.4 Comdty,arithmetic
43,8,69.45999908447266,77.4,1.358904109589041,0.0452400016784668,0.2491,0.897416008843316,-0.10823574646039487,0.29038095790242296,0.9403747394250085,8,G9J6C 77.4 Comdty,arithmetic
43,9,69.23999786376953,77.4,1.3506849315068492,0.0459899997711181,0.25170000000000003,0.8945736158109758,-0.11140808114022209,0.2925231510332319,0.9397719874441829,9,G9J6C 77.4 Comdty,arithmetic
43,10,70.0999984741211,77.4,1.347945205479452,0.0459100008010864,0.2509,0.905684734807766,-0.09906400832231145,0.2912975154726658,0.9399917639955039,10,G9J6C 77.4 Comdty,arithmetic
43,11,69.62000274658203,77.4,1.3424657534246576,0.045789999961853,0.2457,0.8994832396199228,-0.10593485876134044,0.28467987356144253,0.9403797397874873,11,G9J6C 77.4 Comdty,arithmetic
43,12,70.5999984741211,77.4,1.3397260273972602,0.0461899995803833,0.237,0.9121446831281794,-0.09195665770950104,0.27431928702312697,0.9399938515504009,12,G9J6C 77.4 Comdty,arithmetic
43,13,70.98999786376953,77.4,1.3315068493150686,0.0454500007629394,0.237,0.9171834349324228,-0.08644778863637881,0.2734765222449234,0.9412777790983591,13,G9J6C 77.4 Comdty,arithmetic
43,14,73.12999725341797,77.4,1.3232876712328767,0.0457499980926513,0.2253,0.9448320058581132,-0.056748138870350504,0.2591721460490522,0.9412557335788688,14,G9J6C 77.4 Comdty,arithmetic
43,15,73.95999908447266,77.4,1.3205479452054794,0.0459600019454956,0.2211,0.9555555437270369,-0.04546238645543974,0.25407727882760067,0.9411126945709366,15,G9J6C 77.4 Comdty,arithmetic
43,16,73.55999755859375,77.4,1.3123287671232875,0.0461800003051757,0.21739999999999998,0.9503875653565084,-0.05088541404887992,0.24904674172059313,0.9411964980485544,16,G9J6C 77.4 Comdty,arithmetic
43,17,73.31999969482422,77.4,1.3068493150684932,0.0469299983978271,0.2227,0.9472868177625867,-0.054153361786421966,0.2545850953357704,0.9405124090188163,17,G9J6C 77.4 Comdty,arithmetic
43,18,75.44000244140625,77.4,1.2684931506849315,0.0459899997711181,0.20739999999999997,0.9746770341266957,-0.025649109908254985,0.23358923014205119,0.9433310479255468,18,G9J6C 77.4 Comdty,arithmetic
43,19,73.16999816894531,77.4,1.2547945205479452,0.0452799987792968,0.1934,0.945348813552265,-0.05620130472440751,0.21664205994447686,0.9447668567519807,19,G9J6C 77.4 Comdty,arithmetic
44,0,69.94000244140625,78.45,1.4054794520547946,0.0422300004959106,0.2703,0.8915232943455226,-0.1148237126366599,0.32044853911225446,0.9423736773710237,0,G9J6C 78.45 Comdty,arithmetic
44,1,70.29000091552734,78.45,1.3835616438356164,0.0427099990844726,0.2464,0.8959847153030891,-0.10983192496622643,0.28982774666985567,0.9426201227933794,1,G9J6C 78.45 Comdty,arithmetic
44,2,70.0199966430664,78.45,1.3808219178082193,0.0432399988174438,0.2553,0.8925429782417642,-0.11368061159501953,0.29999889205274866,0.942040757748225,2,G9J6C 78.45 Comdty,arithmetic
44,3,71.29000091552734,78.45,1.378082191780822,0.0439900016784668,0.2607,0.908731687897098,-0.09570540120720777,0.3060402805881372,0.9411790907207589,3,G9J6C 78.45 Comdty,arithmetic
44,4,70.70999908447266,78.45,1.36986301369863,0.0439699983596801,0.24989999999999998,0.9013384204521689,-0.10387448651052832,0.2924858268431303,0.9415452462062439,4,G9J6C 78.45 Comdty,arithmetic
44,5,70.08000183105469,78.45,1.367123287671233,0.0438500022888183,0.2482,0.8933078627285492,-0.11282400642284249,0.29020548581996175,0.941813168225891,5,G9J6C 78.45 Comdty,arithmetic
44,6,70.58000183105469,78.45,1.3643835616438356,0.0449399995803833,0.2446,0.8996813490255536,-0.10571463498894991,0.28570950703635833,0.9405265540317306,6,G9J6C 78.45 Comdty,arithmetic
44,7,69.91000366210938,78.45,1.3616438356164384,0.0457000017166137,0.24789999999999998,0.8911409007279716,-0.1152527262719512,0.2892732593032844,0.9396694395435046,7,G9J6C 78.45 Comdty,arithmetic
44,8,69.45999908447266,78.45,1.358904109589041,0.0452400016784668,0.2491,0.8854047047096578,-0.12171044504375501,0.29038095790242296,0.9403747394250085,8,G9J6C 78.45 Comdty,arithmetic
44,9,69.23999786376953,78.45,1.3506849315068492,0.0459899997711181,0.25170000000000003,0.8826003551787065,-0.12488277972358232,0.2925231510332319,0.9397719874441829,9,G9J6C 78.45 Comdty,arithmetic
44,10,70.0999984741211,78.45,1.347945205479452,0.0459100008010864,0.2509,0.8935627593896889,-0.11253870690567158,0.2912975154726658,0.9399917639955039,10,G9J6C 78.45 Comdty,arithmetic
44,11,69.62000274658203,78.45,1.3424657534246576,0.045789999961853,0.2457,0.887444267005507,-0.11940955734470059,0.28467987356144253,0.9403797397874873,11,G9J6C 78.45 Comdty,arithmetic
44,12,70.5999984741211,78.45,1.3397260273972602,0.0461899995803833,0.237,0.8999362456866933,-0.1054313562928612,0.27431928702312697,0.9399938515504009,12,G9J6C 78.45 Comdty,arithmetic
44,13,70.98999786376953,78.45,1.3315068493150686,0.0454500007629394,0.237,0.9049075572182221,-0.09992248721973898,0.2734765222449234,0.9412777790983591,13,G9J6C 78.45 Comdty,arithmetic
44,14,73.12999725341797,78.45,1.3232876712328767,0.0457499980926513,0.2253,0.9321860707892666,-0.07022283745371062,0.2591721460490522,0.9412557335788688,14,G9J6C 78.45 Comdty,arithmetic
44,15,73.95999908447266,78.45,1.3205479452054794,0.0459600019454956,0.2211,0.9427660813826979,-0.05893708503879996,0.25407727882760067,0.9411126945709366,15,G9J6C 78.45 Comdty,arithmetic
44,16,73.55999755859375,78.45,1.3123287671232875,0.0461800003051757,0.21739999999999998,0.9376672728947578,-0.06436011263224004,0.24904674172059313,0.9411964980485544,16,G9J6C 78.45 Comdty,arithmetic
44,17,73.31999969482422,78.45,1.3068493150684932,0.0469299983978271,0.2227,0.9346080267026668,-0.0676280603697821,0.2545850953357704,0.9405124090188163,17,G9J6C 78.45 Comdty,arithmetic
44,18,75.44000244140625,78.45,1.2684931506849315,0.0459899997711181,0.20739999999999997,0.9616316436125717,-0.039123808491615134,0.23358923014205119,0.9433310479255468,18,G9J6C 78.45 Comdty,arithmetic
44,19,73.16999816894531,78.45,1.2547945205479452,0.0452799987792968,0.1934,0.932695961363229,-0.06967600330776762,0.21664205994447686,0.9447668567519807,19,G9J6C 78.45 Comdty,arithmetic
45,0,69.94000244140625,69.0,2.405479452054794,0.0422300004959106,0.2703,1.0136232237884963,0.013531261945122317,0.41922470850270505,0.9034058335512941,0,G9J7C 69 Comdty,arithmetic
45,1,70.29000091552734,69.0,2.3835616438356166,0.0427099990844726,0.2464,1.0186956654424253,0.01852304961555587,0.38041172792084904,0.9032084454297641,1,G9J7C 69 Comdty,arithmetic
45,2,70.0199966430664,69.0,2.3808219178082193,0.0432399988174438,0.2553,1.0147825600444407,0.014674362986762751,0.39392565952585107,0.902175024830851,2,G9J7C 69 Comdty,arithmetic
45,3,71.29000091552734,69.0,2.378082191780822,0.0439900016784668,0.2607,1.0331884190656138,0.03264957337457458,0.40202629682953045,0.9006740607399513,3,G9J7C 69 Comdty,arithmetic
45,4,70.70999908447266,69.0,2.3698630136986303,0.0439699983596801,0.24989999999999998,1.02478259542714,0.024480488071253893,0.3847050414331863,0.901042481843943,4,G9J7C 69 Comdty,arithmetic
45,5,70.08000183105469,69.0,2.367123287671233,0.0438500022888183,0.2482,1.0156522004500679,0.01553096815893968,0.3818670763498734,0.9014070373864329,5,G9J7C 69 Comdty,arithmetic
45,6,70.58000183105469,69.0,2.3643835616438356,0.0449399995803833,0.2446,1.0228985772616621,0.022640339592832348,0.37611046570250994,0.899194967708336,6,G9J7C 69 Comdty,arithmetic
45,7,69.91000366210938,69.0,2.361643835616438,0.0457000017166137,0.24789999999999998,1.0131884588711504,0.013102248309831106,0.38096381527376744,0.8976930113229985,7,G9J7C 69 Comdty,arithmetic
45,8,69.45999908447266,69.0,2.3589041095890413,0.0452400016784668,0.2491,1.0066666533981545,0.006644529538027303,0.3825858213686555,0.8987801482383144,8,G9J7C 69 Comdty,arithmetic
45,9,69.23999786376953,69.0,2.350684931506849,0.0459899997711181,0.25170000000000003,1.0034782299097034,0.003472194858200009,0.3859050192604535,0.8975306583676939,9,G9J7C 69 Comdty,arithmetic
45,10,70.0999984741211,69.0,2.347945205479452,0.0459100008010864,0.2509,1.0159420068713203,0.01581626767611076,0.38445422682101954,0.8978123774881596,10,G9J7C 69 Comdty,arithmetic
45,11,69.62000274658203,69.0,2.3424657534246576,0.045789999961853,0.2457,1.0089855470519136,0.00894541723708175,0.37604669977405586,0.8982907331733376,11,G9J7C 69 Comdty,arithmetic
45,12,70.5999984741211,69.0,2.33972602739726,0.0461899995803833,0.237,1.0231883836829143,0.02292361828892102,0.3625190632682324,0.8975630196328375,12,G9J7C 69 Comdty,arithmetic
45,13,70.98999786376953,69.0,2.331506849315069,0.0454500007629394,0.237,1.028840548750283,0.028432487362043207,0.3618817599979005,0.899454340300397,13,G9J7C 69 Comdty,arithmetic
45,14,73.12999725341797,69.0,2.3232876712328765,0.0457499980926513,0.2253,1.0598550326582314,0.05813213712807164,0.3434098008031676,0.899163487210298,14,G9J7C 69 Comdty,arithmetic
45,15,73.95999908447266,69.0,2.3205479452054796,0.0459600019454956,0.2211,1.0718840447025022,0.06941788954298227,0.3368092540540393,0.8988380655205623,15,G9J7C 69 Comdty,arithmetic
45,16,73.55999755859375,69.0,2.3123287671232875,0.0461800003051757,0.21739999999999998,1.0660869211390398,0.06399486194954211,0.33058590345270894,0.8987203658030154,16,G9J7C 69 Comdty,arithmetic
45,17,73.31999969482422,69.0,2.3068493150684932,0.0469299983978271,0.2227,1.0626086912293364,0.060726914212000105,0.33824378895572244,0.8973938535310761,17,G9J7C 69 Comdty,arithmetic
45,18,75.44000244140625,69.0,2.2684931506849315,0.0459899997711181,0.20739999999999997,1.0933333687160327,0.08923116609016718,0.31237587685088003,0.90092974446484,18,G9J7C 69 Comdty,arithmetic
45,19,73.16999816894531,69.0,2.254794520547945,0.0452799987792968,0.1934,1.0604347560716711,0.05867897127401456,0.2904089222751021,0.9029418779523471,19,G9J7C 69 Comdty,arithmetic
46,0,69.94000244140625,70.0,2.405479452054794,0.0422300004959106,0.2703,0.9991428920200893,-0.0008574755069772188,0.41922470850270505,0.9034058335512941,0,G9J7C 70 Comdty,arithmetic
46,1,70.29000091552734,70.0,2.3835616438356166,0.0427099990844726,0.2464,1.0041428702218191,0.004134312163456184,0.38041172792084904,0.9032084454297641,1,G9J7C 70 Comdty,arithmetic
46,2,70.0199966430664,70.0,2.3808219178082193,0.0432399988174438,0.2553,1.00028566632952,0.0002856255346631448,0.39392565952585107,0.902175024830851,2,G9J7C 70 Comdty,arithmetic
46,3,71.29000091552734,70.0,2.378082191780822,0.0439900016784668,0.2607,1.0184285845075334,0.018260835922474787,0.40202629682953045,0.9006740607399513,3,G9J7C 70 Comdty,arithmetic
46,4,70.70999908447266,70.0,2.3698630136986303,0.0439699983596801,0.24989999999999998,1.010142844063895,0.010091750619154342,0.3847050414331863,0.901042481843943,4,G9J7C 70 Comdty,arithmetic
46,5,70.08000183105469,70.0,2.367123287671233,0.0438500022888183,0.2482,1.0011428833007812,0.0011422307068400424,0.3818670763498734,0.9014070373864329,5,G9J7C 70 Comdty,arithmetic
46,6,70.58000183105469,70.0,2.3643835616438356,0.0449399995803833,0.2446,1.0082857404436385,0.008251602140732874,0.37611046570250994,0.899194967708336,6,G9J7C 70 Comdty,arithmetic
46,7,69.91000366210938,70.0,2.361643835616438,0.0457000017166137,0.24789999999999998,0.9987143380301339,-0.0012864891422685824,0.38096381527376744,0.8976930113229985,7,G9J7C 70 Comdty,arithmetic
46,8,69.45999908447266,70.0,2.3589041095890413,0.0452400016784668,0.2491,0.9922857012067522,-0.007744207914072442,0.3825858213686555,0.8987801482383144,8,G9J7C 70 Comdty,arithmetic
46,9,69.23999786376953,70.0,2.350684931506849,0.0459899997711181,0.25170000000000003,0.989142826625279,-0.010916542593899663,0.3859050192604535,0.8975306583676939,9,G9J7C 70 Comdty,arithmetic
46,10,70.0999984741211,70.0,2.347945205479452,0.0459100008010864,0.2509,1.0014285496303013,0.0014275302240109727,0.38445422682101954,0.8978123774881596,10,G9J7C 70 Comdty,arithmetic
46,11,69.62000274658203,70.0,2.3424657534246576,0.045789999961853,0.2457,0.9945714678083147,-0.005443320215017923,0.37604669977405586,0.8982907331733376,11,G9J7C 70 Comdty,arithmetic
46,12,70.5999984741211,70.0,2.33972602739726,0.0461899995803833,0.237,1.0085714067731584,0.008534880836821392,0.3625190632682324,0.8975630196328375,12,G9J7C 70 Comdty,arithmetic
46,13,70.98999786376953,70.0,2.331506849315069,0.0454500007629394,0.237,1.014142826625279,0.01404374990994367,0.3618817599979005,0.899454340300397,13,G9J7C 70 Comdty,arithmetic
46,14,73.12999725341797,70.0,2.3232876712328765,0.0457499980926513,0.2253,1.0447142464773995,0.04374339967597198,0.3434098008031676,0.899163487210298,14,G9J7C 70 Comdty,arithmetic
46,15,73.95999908447266,70.0,2.3205479452054796,0.0459600019454956,0.2211,1.0565714154924666,0.05502915209088277,0.3368092540540393,0.8988380655205623,15,G9J7C 70 Comdty,arithmetic
46,16,73.55999755859375,70.0,2.3123287671232875,0.0461800003051757,0.21739999999999998,1.0508571079799107,0.04960612449744256,0.33058590345270894,0.8987203658030154,16,G9J7C 70 Comdty,arithmetic
46,17,73.31999969482422,70.0,2.3068493150684932,0.0469299983978271,0.2227,1.0474285670689174,0.04633817675990057,0.33824378895572244,0.8973938535310761,17,G9J7C 70 Comdty,arithmetic
46,18,75.44000244140625,70.0,2.2684931506849315,0.0459899997711181,0.20739999999999997,1.0777143205915178,0.07484242863806748,0.31237587685088003,0.90092974446484,18,G9J7C 70 Comdty,arithmetic
46,19,73.16999816894531,70.0,2.254794520547945,0.0452799987792968,0.1934,1.04528568812779,0.04429023382191492,0.2904089222751021,0.9029418779523471,19,G9J7C 70 Comdty,arithmetic
47,0,69.94000244140625,70.85,1.484931506849315,0.0422300004959106,0.2703,0.9871559977615562,-0.012927199594307654,0.329381540765812,0.939217066957162,0,G9K6C 70.85 Comdty,arithmetic
47,1,70.29000091552734,70.85,1.463013698630137,0.0427099990844726,0.2464,0.9920959903391299,-0.007935411923874102,0.298033374245878,0.939426859389547,1,G9K6C 70.85 Comdty,arithmetic
47,2,70.0199966430664,70.85,1.4602739726027398,0.0432399988174438,0.2553,0.9882850620051716,-0.011784098552667259,0.3085091058801327,0.9388099233156325,2,G9K6C 70.85 Comdty,arithmetic
47,3,71.29000091552734,70.85,1.4575342465753425,0.0439900016784668,0.2607,1.0062103163800613,0.006191111835144439,0.3147388945237423,0.9378953213106243,3,G9K6C 70.85 Comdty,arithmetic
47,4,70.70999908447266,70.85,1.4493150684931506,0.0439699983596801,0.24989999999999998,0.9980239814322183,-0.0019779734681760093,0.30084836798717707,0.9382616904639516,4,G9K6C 70.85 Comdty,arithmetic
47,5,70.08000183105469,70.85,1.4465753424657537,0.0438500022888183,0.2482,0.9891319947925856,-0.010927493380490266,0.2985192255115238,0.9385376260427613,5,G9K6C 70.85 Comdty,arithmetic
47,6,70.58000183105469,70.85,1.443835616438356,0.0449399995803833,0.2446,0.9961891578130514,-0.003818121946597631,0.2939106532767893,0.9371743214013268,6,G9K6C 70.85 Comdty,arithmetic
47,7,69.91000366210938,70.85,1.441095890410959,0.0457000017166137,0.24789999999999998,0.9867325852097302,-0.013356213229598872,0.2975931748186274,0.9362637250435463,7,G9K6C 70.85 Comdty,arithmetic
47,8,69.45999908447266,70.85,1.4383561643835616,0.0452400016784668,0.2491,0.9803810738810538,-0.0198139320014028,0.29874933484192584,0.9370007134815166,8,G9K6C 70.85 Comdty,arithmetic
47,9,69.23999786376953,70.85,1.4301369863013698,0.0459899997711181,0.25170000000000003,0.9772759049226469,-0.02298626668123001,0.3010038391417661,0.936344326768936,9,G9K6C 70.85 Comdty,arithmetic
47,10,70.0999984741211,70.85,1.4273972602739726,0.0459100008010864,0.2509,0.989414233932549,-0.010642193863319344,0.29975959321767737,0.9365692546147321,10,G9K6C 70.85 Comdty,arithmetic
47,11,69.62000274658203,70.85,1.421917808219178,0.045789999961853,0.2457,0.9826394177358085,-0.017513044302348325,0.2929829875373336,0.9369647510599761,11,G9K6C 70.85 Comdty,arithmetic
47,12,70.5999984741211,70.85,1.4191780821917808,0.0461899995803833,0.237,0.9964713969530148,-0.0035348432505088977,0.28233634852535394,0.9365504993866763,12,G9K6C 70.85 Comdty,arithmetic
47,13,70.98999786376953,70.85,1.4109589041095891,0.0454500007629394,0.237,1.0019759754942772,0.001974025822613353,0.2815175850367637,0.9378848644785575,13,G9K6C 70.85 Comdty,arithmetic
47,14,73.12999725341797,70.85,1.4027397260273973,0.0457499980926513,0.2253,1.0321806246071696,0.031673675588641564,0.26683926761203275,0.937840544349058,14,G9K6C 70.85 Comdty,arithmetic
47,15,73.95999908447266,70.85,1.4,0.0459600019454956,0.2211,1.0438955410652457,0.04295942800355232,0.261609048008665,0.9376823787504476,15,G9K6C 70.85 Comdty,arithmetic
47,16,73.55999755859375,70.85,1.3917808219178085,0.0461800003051757,0.21739999999999998,1.0382497891121207,0.03753640041011215,0.25647495581226665,0.9377494853997369,16,G9K6C 70.85 Comdty,arithmetic
47,17,73.31999969482422,70.85,1.3863013698630138,0.0469299983978271,0.2227,1.0348623810137505,0.03426845267257017,0.2622098748440902,0.9370120645871481,17,G9K6C 70.85 Comdty,arithmetic
47,18,75.44000244140625,70.85,1.347945205479452,0.0459899997711181,0.20739999999999997,1.0647847909866797,0.0627727045507371,0.24079356201287713,0.9398904061742348,18,G9K6C 70.85 Comdty,arithmetic
47,19,73.16999816894531,70.85,1.3342465753424655,0.0452799987792968,0.1934,1.0327452105708583,0.03222050973458454,0.2233955501696854,0.941374080519792,19,G9K6C 70.85 Comdty,arithmetic
48,0,69.94000244140625,71.85,1.484931506849315,0.0422300004959106,0.2703,0.9734168746194329,-0.026942845982652106,0.329381540765812,0.939217066957162,0,G9K6C 71.85 Comdty,arithmetic
48,1,70.29000091552734,71.85,1.463013698630137,0.0427099990844726,0.2464,0.9782881129509722,-0.0219510583122186,0.298033374245878,0.939426859389547,1,G9K6C 71.85 Comdty,arithmetic
48,2,70.0199966430664,71.85,1.4602739726027398,0.0432399988174438,0.2553,0.9745302246773335,-0.0257997449410117,0.3085091058801327,0.9388099233156325,2,G9K6C 71.85 Comdty,arithmetic
48,3,71.29000091552734,71.85,1.4575342465753425,0.0439900016784668,0.2607,0.9922059974325309,-0.007824534553200027,0.3147388945237423,0.9378953213106243,3,G9K6C 71.85 Comdty,arithmetic
48,4,70.70999908447266,71.85,1.4493150684931506,0.0439699983596801,0.24989999999999998,0.9841335989488192,-0.01599361985652052,0.30084836798717707,0.9382616904639516,4,G9K6C 71.85 Comdty,arithmetic
48,5,70.08000183105469,71.85,1.4465753424657537,0.0438500022888183,0.2482,0.9753653699520486,-0.02494313976883476,0.2985192255115238,0.9385376260427613,5,G9K6C 71.85 Comdty,arithmetic
48,6,70.58000183105469,71.85,1.443835616438356,0.0449399995803833,0.2446,0.982324312192828,-0.017833768334942105,0.2939106532767893,0.9371743214013268,6,G9K6C 71.85 Comdty,arithmetic
48,7,69.91000366210938,71.85,1.441095890410959,0.0457000017166137,0.24789999999999998,0.9729993550745912,-0.0273718596179434,0.2975931748186274,0.9362637250435463,7,G9K6C 71.85 Comdty,arithmetic
48,8,69.45999908447266,71.85,1.4383561643835616,0.0452400016784668,0.2491,0.9667362433468707,-0.0338295783897473,0.29874933484192584,0.9370007134815166,8,G9K6C 71.85 Comdty,arithmetic
48,9,69.23999786376953,71.85,1.4301369863013698,0.0459899997711181,0.25170000000000003,0.9636742917713227,-0.0370019130695745,0.3010038391417661,0.936344326768936,9,G9K6C 71.85 Comdty,arithmetic
48,10,70.0999984741211,71.85,1.4273972602739726,0.0459100008010864,0.2509,0.9756436809202659,-0.024657840251663756,0.29975959321767737,0.9365692546147321,10,G9K6C 71.85 Comdty,arithmetic
48,11,69.62000274658203,71.85,1.421917808219178,0.045789999961853,0.2457,0.9689631558327354,-0.031528690690692765,0.2929829875373336,0.9369647510599761,11,G9K6C 71.85 Comdty,arithmetic
48,12,70.5999984741211,71.85,1.4191780821917808,0.0461899995803833,0.237,0.9826026231610452,-0.017550489638853403,0.28233634852535394,0.9365504993866763,12,G9K6C 71.85 Comdty,arithmetic
48,13,70.98999786376953,71.85,1.4109589041095891,0.0454500007629394,0.237,0.9880305896140507,-0.012041620565731128,0.2815175850367637,0.9378848644785575,13,G9K6C 71.85 Comdty,arithmetic
48,14,73.12999725341797,71.85,1.4027397260273973,0.0457499980926513,0.2253,1.017814853909784,0.017658029200297215,0.26683926761203275,0.937840544349058,14,G9K6C 71.85 Comdty,arithmetic
48,15,73.95999908447266,71.85,1.4,0.0459600019454956,0.2211,1.0293667235138853,0.02894378161520777,0.261609048008665,0.9376823787504476,15,G9K6C 71.85 Comdty,arithmetic
48,16,73.55999755859375,71.85,1.3917808219178085,0.0461800003051757,0.21739999999999998,1.0237995484842555,0.02352075402176769,0.25647495581226665,0.9377494853997369,16,G9K6C 71.85 Comdty,arithmetic
48,17,73.31999969482422,71.85,1.3863013698630138,0.0469299983978271,0.2227,1.0204592859404902,0.020252806284225634,0.2622098748440902,0.9370120645871481,17,G9K6C 71.85 Comdty,arithmetic
48,18,75.44000244140625,71.85,1.347945205479452,0.0459899997711181,0.20739999999999997,1.0499652392680063,0.04875705816239262,0.24079356201287713,0.9398904061742348,18,G9K6C 71.85 Comdty,arithmetic
48,19,73.16999816894531,71.85,1.3342465753424655,0.0452799987792968,0.1934,1.01837158203125,0.018204863346240052,0.2233955501696854,0.941374080519792,19,G9K6C 71.85 Comdty,arithmetic
49,0,69.94000244140625,72.2,1.484931506849315,0.0422300004959106,0.2703,0.9686980947563192,-0.031802279356398885,0.329381540765812,0.939217066957162,0,G9K6C 72.2 Comdty,arithmetic
49,1,70.29000091552734,72.2,1.463013698630137,0.0427099990844726,0.2464,0.9735457190516252,-0.026810491685965342,0.298033374245878,0.939426859389547,1,G9K6C 72.2 Comdty,arithmetic
49,2,70.0199966430664,72.2,1.4602739726027398,0.0432399988174438,0.2553,0.9698060476879004,-0.03065917831475843,0.3085091058801327,0.9388099233156325,2,G9K6C 72.2 Comdty,arithmetic
49,3,71.29000091552734,72.2,1.4575342465753425,0.0439900016784668,0.2607,0.9873961345640906,-0.012683967926946711,0.3147388945237423,0.9378953213106243,3,G9K6C 72.2 Comdty,arithmetic
49,4,70.70999908447266,72.2,1.4493150684931506,0.0439699983596801,0.24989999999999998,0.9793628682059924,-0.020853053230267305,0.30084836798717707,0.9382616904639516,4,G9K6C 72.2 Comdty,arithmetic
49,5,70.08000183105469,72.2,1.4465753424657537,0.0438500022888183,0.2482,0.9706371444744416,-0.029802573142581477,0.2985192255115238,0.9385376260427613,5,G9K6C 72.2 Comdty,arithmetic
49,6,70.58000183105469,72.2,1.443835616438356,0.0449399995803833,0.2446,0.9775623522306743,-0.022693201708688795,0.2939106532767893,0.9371743214013268,6,G9K6C 72.2 Comdty,arithmetic
49,7,69.91000366210938,72.2,1.441095890410959,0.0457000017166137,0.24789999999999998,0.9682825991981907,-0.03223129299169017,0.2975931748186274,0.9362637250435463,7,G9K6C 72.2 Comdty,arithmetic
49,8,69.45999908447266,72.2,1.4383561643835616,0.0452400016784668,0.2491,0.9620498488154107,-0.03868901176349404,0.29874933484192584,0.9370007134815166,8,G9K6C 72.2 Comdty,arithmetic
49,9,69.23999786376953,72.2,1.4301369863013698,0.0459899997711181,0.25170000000000003,0.9590027404954228,-0.04186134644332127,0.3010038391417661,0.936344326768936,9,G9K6C 72.2 Comdty,arithmetic
49,10,70.0999984741211,72.2,1.4273972602739726,0.0459100008010864,0.2509,0.9709141062897658,-0.029517273625410526,0.29975959321767737,0.9365692546147321,10,G9K6C 72.2 Comdty,arithmetic
49,11,69.62000274658203,72.2,1.421917808219178,0.045789999961853,0.2457,0.9642659660191417,-0.03638812406443947,0.2929829875373336,0.9369647510599761,11,G9K6C 72.2 Comdty,arithmetic
49,12,70.5999984741211,72.2,1.4191780821917808,0.0461899995803833,0.237,0.9778393140459984,-0.022409923012600145,0.28233634852535394,0.9365504993866763,12,G9K6C 72.2 Comdty,arithmetic
49,13,70.98999786376953,72.2,1.4109589041095891,0.0454500007629394,0.237,0.9832409676422372,-0.016901053939477908,0.2815175850367637,0.9378848644785575,13,G9K6C 72.2 Comdty,arithmetic
49,14,73.12999725341797,72.2,1.4027397260273973,0.0457499980926513,0.2253,1.0128808483852905,0.012798595826550494,0.26683926761203275,0.937840544349058,14,G9K6C 72.2 Comdty,arithmetic
49,15,73.95999908447266,72.2,1.4,0.0459600019454956,0.2211,1.024376718621505,0.024084348241461148,0.261609048008665,0.9376823787504476,15,G9K6C 72.2 Comdty,arithmetic
49,16,73.55999755859375,72.2,1.3917808219178085,0.0461800003051757,0.21739999999999998,1.0188365312824619,0.018661320648020965,0.25647495581226665,0.9377494853997369,16,G9K6C 72.2 Comdty,arithmetic
49,17,73.31999969482422,72.2,1.3863013698630138,0.0469299983978271,0.2227,1.0155124611471498,0.015393372910478938,0.2622098748440902,0.9370120645871481,17,G9K6C 72.2 Comdty,arithmetic
49,18,75.44000244140625,72.2,1.347945205479452,0.0459899997711181,0.20739999999999997,1.0448753800748787,0.04389762478864581,0.24079356201287713,0.9398904061742348,18,G9K6C 72.2 Comdty,arithmetic
49,19,73.16999816894531,72.2,1.3342465753424655,0.0452799987792968,0.1934,1.0134348776862232,0.013345429972493474,0.2233955501696854,0.941374080519792,19,G9K6C 72.2 Comdty,arithmetic
50,0,69.94000244140625,73.8,1.484931506849315,0.0422300004959106,0.2703,0.9476965100461552,-0.05372096506404504,0.329381540765812,0.939217066957162,0,G9K6C 73.8 Comdty,arithmetic
50,1,70.29000091552734,73.8,1.463013698630137,0.0427099990844726,0.2464,0.9524390367957635,-0.04872917739361158,0.298033374245878,0.939426859389547,1,G9K6C 73.8 Comdty,arithmetic
50,2,70.0199966430664,73.8,1.4602739726027398,0.0432399988174438,0.2553,0.948780442317973,-0.052577864022404684,0.3085091058801327,0.9388099233156325,2,G9K6C 73.8 Comdty,arithmetic
50,3,71.29000091552734,73.8,1.4575342465753425,0.0439900016784668,0.2607,0.9659891722971186,-0.03460265363459285,0.3147388945237423,0.9378953213106243,3,G9K6C 73.8 Comdty,arithmetic
50,4,70.70999908447266,73.8,1.4493150684931506,0.0439699983596801,0.24989999999999998,0.9581300688952935,-0.04277173893791342,0.30084836798717707,0.9382616904639516,4,G9K6C 73.8 Comdty,arithmetic
50,5,70.08000183105469,73.8,1.4465753424657537,0.0438500022888183,0.2482,0.9495935207459986,-0.051721258850227596,0.2985192255115238,0.9385376260427613,5,G9K6C 73.8 Comdty,arithmetic
50,6,70.58000183105469,73.8,1.443835616438356,0.0449399995803833,0.2446,0.956368588496676,-0.04461188741633498,0.2939106532767893,0.9371743214013268,6,G9K6C 73.8 Comdty,arithmetic
50,7,69.91000366210938,73.8,1.441095890410959,0.0457000017166137,0.24789999999999998,0.9472900225218073,-0.054149978699336326,0.2975931748186274,0.9362637250435463,7,G9K6C 73.8 Comdty,arithmetic
50,8,69.45999908447266,73.8,1.4383561643835616,0.0452400016784668,0.2491,0.9411923995185997,-0.060607697471140226,0.29874933484192584,0.9370007134815166,8,G9K6C 73.8 Comdty,arithmetic
50,9,69.23999786376953,73.8,1.4301369863013698,0.0459899997711181,0.25170000000000003,0.9382113531676088,-0.06378003215096742,0.3010038391417661,0.936344326768936,9,G9K6C 73.8 Comdty,arithmetic
50,10,70.0999984741211,73.8,1.4273972602739726,0.0459100008010864,0.2509,0.9498644779691205,-0.05143595933305673,0.29975959321767737,0.9365692546147321,10,G9K6C 73.8 Comdty,arithmetic
50,11,69.62000274658203,73.8,1.421917808219178,0.045789999961853,0.2457,0.9433604708208948,-0.058306809772085674,0.2929829875373336,0.9369647510599761,11,G9K6C 73.8 Comdty,arithmetic
50,12,70.5999984741211,73.8,1.4191780821917808,0.0461899995803833,0.237,0.956639545719798,-0.044328608720246306,0.28233634852535394,0.9365504993866763,12,G9K6C 73.8 Comdty,arithmetic
50,13,70.98999786376953,73.8,1.4109589041095891,0.0454500007629394,0.237,0.9619240902949802,-0.03881973964712406,0.2815175850367637,0.9378848644785575,13,G9K6C 73.8 Comdty,arithmetic
50,14,73.12999725341797,73.8,1.4027397260273973,0.0457499980926513,0.2253,0.9909213719975335,-0.009120089881095767,0.26683926761203275,0.937840544349058,14,G9K6C 73.8 Comdty,arithmetic
50,15,73.95999908447266,73.8,1.4,0.0459600019454956,0.2211,1.0021680092746972,0.0021656625338148383,0.261609048008665,0.9376823787504476,15,G9K6C 73.8 Comdty,arithmetic
50,16,73.55999755859375,73.8,1.3917808219178085,0.0461800003051757,0.21739999999999998,0.9967479343982893,-0.0032573650596252127,0.25647495581226665,0.9377494853997369,16,G9K6C 73.8 Comdty,arithmetic
50,17,73.31999969482422,73.8,1.3863013698630138,0.0469299983978271,0.2227,0.9934959308241764,-0.006525312797167239,0.2622098748440902,0.9370120645871481,17,G9K6C 73.8 Comdty,arithmetic
50,18,75.44000244140625,73.8,1.347945205479452,0.0459899997711181,0.20739999999999997,1.0222222553036078,0.021978939080999717,0.24079356201287713,0.9398904061742348,18,G9K6C 73.8 Comdty,arithmetic
50,19,73.16999816894531,73.8,1.3342465753424655,0.0452799987792968,0.1934,0.9914633898231072,-0.008573255735152822,0.2233955501696854,0.941374080519792,19,G9K6C 73.8 Comdty,arithmetic
51,0,69.94000244140625,74.0,1.484931506849315,0.0422300004959106,0.2703,0.9451351681271115,-0.05642732666178799,0.329381540765812,0.939217066957162,0,G9K6C 74 Comdty,arithmetic
51,1,70.29000091552734,74.0,1.463013698630137,0.0427099990844726,0.2464,0.949864877236856,-0.05143553899135455,0.298033374245878,0.939426859389547,1,G9K6C 74 Comdty,arithmetic
51,2,70.0199966430664,74.0,1.4602739726027398,0.0432399988174438,0.2553,0.9462161708522487,-0.05528422562014762,0.3085091058801327,0.9388099233156325,2,G9K6C 74 Comdty,arithmetic
51,3,71.29000091552734,74.0,1.4575342465753425,0.0439900016784668,0.2607,0.9633783907503695,-0.03730901523233592,0.3147388945237423,0.9378953213106243,3,G9K6C 74 Comdty,arithmetic
51,4,70.70999908447266,74.0,1.4493150684931506,0.0439699983596801,0.24989999999999998,0.9555405281685494,-0.04547810053565644,0.30084836798717707,0.9382616904639516,4,G9K6C 74 Comdty,arithmetic
51,5,70.08000183105469,74.0,1.4465753424657537,0.0438500022888183,0.2482,0.9470270517710093,-0.0544276204479706,0.2985192255115238,0.9385376260427613,5,G9K6C 74 Comdty,arithmetic
51,6,70.58000183105469,74.0,1.443835616438356,0.0449399995803833,0.2446,0.953783808527766,-0.04731824901407804,0.2939106532767893,0.9371743214013268,6,G9K6C 74 Comdty,arithmetic
51,7,69.91000366210938,74.0,1.441095890410959,0.0457000017166137,0.24789999999999998,0.9447297792176943,-0.05685634029707925,0.2975931748186274,0.9362637250435463,7,G9K6C 74 Comdty,arithmetic
51,8,69.45999908447266,74.0,1.4383561643835616,0.0452400016784668,0.2491,0.9386486362766575,-0.06331405906888318,0.29874933484192584,0.9370007134815166,8,G9K6C 74 Comdty,arithmetic
51,9,69.23999786376953,74.0,1.4301369863013698,0.0459899997711181,0.25170000000000003,0.9356756468076963,-0.06648639374871042,0.3010038391417661,0.936344326768936,9,G9K6C 74 Comdty,arithmetic
51,10,70.0999984741211,74.0,1.4273972602739726,0.0459100008010864,0.2509,0.9472972766773121,-0.05414232093079967,0.29975959321767737,0.9365692546147321,10,G9K6C 74 Comdty,arithmetic
51,11,69.62000274658203,74.0,1.421917808219178,0.045789999961853,0.2457,0.9408108479267842,-0.061013171369828735,0.2929829875373336,0.9369647510599761,11,G9K6C 74 Comdty,arithmetic
51,12,70.5999984741211,74.0,1.4191780821917808,0.0461899995803833,0.237,0.9540540334340688,-0.0470349703179893,0.28233634852535394,0.9365504993866763,12,G9K6C 74 Comdty,arithmetic
51,13,70.98999786376953,74.0,1.4109589041095891,0.0454500007629394,0.237,0.959324295456345,-0.041526101244867074,0.2815175850367637,0.9378848644785575,13,G9K6C 74 Comdty,arithmetic
51,14,73.12999725341797,74.0,1.4027397260273973,0.0457499980926513,0.2253,0.9882432061272699,-0.011826451478838698,0.26683926761203275,0.937840544349058,14,G9K6C 74 Comdty,arithmetic
51,15,73.95999908447266,74.0,1.4,0.0459600019454956,0.2211,0.9994594470874684,-0.0005406990639280039,0.261609048008665,0.9376823787504476,15,G9K6C 74 Comdty,arithmetic
51,16,73.55999755859375,74.0,1.3917808219178085,0.0461800003051757,0.21739999999999998,0.9940540210620777,-0.005963726657368168,0.25647495581226665,0.9377494853997369,16,G9K6C 74 Comdty,arithmetic
51,17,73.31999969482422,74.0,1.3863013698630138,0.0469299983978271,0.2227,0.9908108066868138,-0.0092316743949102,0.2622098748440902,0.9370120645871481,17,G9K6C 74 Comdty,arithmetic
51,18,75.44000244140625,74.0,1.347945205479452,0.0459899997711181,0.20739999999999997,1.0194594924514357,0.019272577483256656,0.24079356201287713,0.9398904061742348,18,G9K6C 74 Comdty,arithmetic
51,19,73.16999816894531,74.0,1.3342465753424655,0.0452799987792968,0.1934,0.9887837590398015,-0.011279617332895755,0.2233955501696854,0.941374080519792,19,G9K6C 74 Comdty,arithmetic
52,0,69.94000244140625,75.0,1.484931506849315,0.0422300004959106,0.2703,0.9325333658854167,-0.06985034699392868,0.329381540765812,0.939217066957162,0,G9K6C 75 Comdty,arithmetic
52,1,70.29000091552734,75.0,1.463013698630137,0.0427099990844726,0.2464,0.9372000122070312,-0.06485855932349527,0.298033374245878,0.939426859389547,1,G9K6C 75 Comdty,arithmetic
52,2,70.0199966430664,75.0,1.4602739726027398,0.0432399988174438,0.2553,0.9335999552408855,-0.06870724595228828,0.3085091058801327,0.9388099233156325,2,G9K6C 75 Comdty,arithmetic
52,3,71.29000091552734,75.0,1.4575342465753425,0.0439900016784668,0.2607,0.9505333455403646,-0.05073203556447652,0.3147388945237423,0.9378953213106243,3,G9K6C 75 Comdty,arithmetic
52,4,70.70999908447266,75.0,1.4493150684931506,0.0439699983596801,0.24989999999999998,0.9427999877929687,-0.058901120867797176,0.30084836798717707,0.9382616904639516,4,G9K6C 75 Comdty,arithmetic
52,5,70.08000183105469,75.0,1.4465753424657537,0.0438500022888183,0.2482,0.9344000244140624,-0.06785064078011138,0.2985192255115238,0.9385376260427613,5,G9K6C 75 Comdty,arithmetic
52,6,70.58000183105469,75.0,1.443835616438356,0.0449399995803833,0.2446,0.9410666910807292,-0.0607412693462187,0.2939106532767893,0.9371743214013268,6,G9K6C 75 Comdty,arithmetic
52,7,69.91000366210938,75.0,1.441095890410959,0.0457000017166137,0.24789999999999998,0.9321333821614584,-0.07027936062921995,0.2975931748186274,0.9362637250435463,7,G9K6C 75 Comdty,arithmetic
52,8,69.45999908447266,75.0,1.4383561643835616,0.0452400016784668,0.2491,0.9261333211263021,-0.07673707940102384,0.29874933484192584,0.9370007134815166,8,G9K6C 75 Comdty,arithmetic
52,9,69.23999786376953,75.0,1.4301369863013698,0.0459899997711181,0.25170000000000003,0.9231999715169271,-0.07990941408085103,0.3010038391417661,0.936344326768936,9,G9K6C 75 Comdty,arithmetic
52,10,70.0999984741211,75.0,1.4273972602739726,0.0459100008010864,0.2509,0.9346666463216146,-0.06756534126294042,0.29975959321767737,0.9365692546147321,10,G9K6C 75 Comdty,arithmetic
52,11,69.62000274658203,75.0,1.421917808219178,0.045789999961853,0.2457,0.9282667032877604,-0.07443619170196938,0.2929829875373336,0.9369647510599761,11,G9K6C 75 Comdty,arithmetic
52,12,70.5999984741211,75.0,1.4191780821917808,0.0461899995803833,0.237,0.9413333129882813,-0.06045799065012993,0.28233634852535394,0.9365504993866763,12,G9K6C 75 Comdty,arithmetic
52,13,70.98999786376953,75.0,1.4109589041095891,0.0454500007629394,0.237,0.9465333048502604,-0.05494912157700774,0.2815175850367637,0.9378848644785575,13,G9K6C 75 Comdty,arithmetic
52,14,73.12999725341797,75.0,1.4027397260273973,0.0457499980926513,0.2253,0.9750666300455729,-0.025249471810979432,0.26683926761203275,0.937840544349058,14,G9K6C 75 Comdty,arithmetic
52,15,73.95999908447266,75.0,1.4,0.0459600019454956,0.2211,0.986133321126302,-0.013963719396068783,0.261609048008665,0.9376823787504476,15,G9K6C 75 Comdty,arithmetic
52,16,73.55999755859375,75.0,1.3917808219178085,0.0461800003051757,0.21739999999999998,0.9807999674479166,-0.01938674698950892,0.25647495581226665,0.9377494853997369,16,G9K6C 75 Comdty,arithmetic
52,17,73.31999969482422,75.0,1.3863013698630138,0.0469299983978271,0.2227,0.9775999959309896,-0.0226546947270509,0.2622098748440902,0.9370120645871481,17,G9K6C 75 Comdty,arithmetic
52,18,75.44000244140625,75.0,1.347945205479452,0.0459899997711181,0.20739999999999997,1.00586669921875,0.005849557151115972,0.24079356201287713,0.9398904061742348,18,G9K6C 75 Comdty,arithmetic
52,19,73.16999816894531,75.0,1.3342465753424655,0.0452799987792968,0.1934,0.9755999755859375,-0.024702637665036484,0.2233955501696854,0.941374080519792,19,G9K6C 75 Comdty,arithmetic
53,0,69.94000244140625,78.27,1.484931506849315,0.0422300004959106,0.2703,0.8935735587250064,-0.11252662127436497,0.329381540765812,0.939217066957162,0,G9K6C 78.27 Comdty,arithmetic
53,1,70.29000091552734,78.27,1.463013698630137,0.0427099990844726,0.2464,0.898045239753767,-0.1075348336039315,0.298033374245878,0.939426859389547,1,G9K6C 78.27 Comdty,arithmetic
53,2,70.0199966430664,78.27,1.4602739726027398,0.0432399988174438,0.2553,0.8945955876206262,-0.11138352023272455,0.3085091058801327,0.9388099233156325,2,G9K6C 78.27 Comdty,arithmetic
53,3,71.29000091552734,78.27,1.4575342465753425,0.0439900016784668,0.2607,0.9108215269647035,-0.09340830984491286,0.3147388945237423,0.9378953213106243,3,G9K6C 78.27 Comdty,arithmetic
53,4,70.70999908447266,78.27,1.4493150684931506,0.0439699983596801,0.24989999999999998,0.9034112569882798,-0.10157739514823333,0.30084836798717707,0.9382616904639516,4,G9K6C 78.27 Comdty,arithmetic
53,5,70.08000183105469,78.27,1.4465753424657537,0.0438500022888183,0.2482,0.8953622311365107,-0.11052691506054756,0.2985192255115238,0.9385376260427613,5,G9K6C 78.27 Comdty,arithmetic
53,6,70.58000183105469,78.27,1.443835616438356,0.0449399995803833,0.2446,0.9017503747419789,-0.10341754362665494,0.2939106532767893,0.9371743214013268,6,G9K6C 78.27 Comdty,arithmetic
53,7,69.91000366210938,78.27,1.441095890410959,0.0457000017166137,0.24789999999999998,0.893190285704732,-0.1129556349096563,0.2975931748186274,0.9362637250435463,7,G9K6C 78.27 Comdty,arithmetic
53,8,69.45999908447266,78.27,1.4383561643835616,0.0452400016784668,0.2491,0.8874408979746091,-0.11941335368146015,0.29874933484192584,0.9370007134815166,8,G9K6C 78.27 Comdty,arithmetic
53,9,69.23999786376953,78.27,1.4301369863013698,0.0459899997711181,0.25170000000000003,0.8846300991921494,-0.12258568836128732,0.3010038391417661,0.936344326768936,9,G9K6C 78.27 Comdty,arithmetic
53,10,70.0999984741211,78.27,1.4273972602739726,0.0459100008010864,0.2509,0.8956177139915816,-0.11024161554337669,0.29975959321767737,0.9365692546147321,10,G9K6C 78.27 Comdty,arithmetic
53,11,69.62000274658203,78.27,1.421917808219178,0.045789999961853,0.2457,0.8894851507165202,-0.1171124659824056,0.2929829875373336,0.9369647510599761,11,G9K6C 78.27 Comdty,arithmetic
53,12,70.5999984741211,78.27,1.4191780821917808,0.0461899995803833,0.237,0.9020058575970499,-0.10313426493056627,0.28233634852535394,0.9365504993866763,12,G9K6C 78.27 Comdty,arithmetic
53,13,70.98999786376953,78.27,1.4109589041095891,0.0454500007629394,0.237,0.9069886018112883,-0.09762539585744405,0.2815175850367637,0.9378848644785575,13,G9K6C 78.27 Comdty,arithmetic
53,14,73.12999725341797,78.27,1.4027397260273973,0.0457499980926513,0.2253,0.9343298486446655,-0.06792574609141575,0.26683926761203275,0.937840544349058,14,G9K6C 78.27 Comdty,arithmetic
53,15,73.95999908447266,78.27,1.4,0.0459600019454956,0.2211,0.9449341904238234,-0.056639993676505,0.261609048008665,0.9376823787504476,15,G9K6C 78.27 Comdty,arithmetic
53,16,73.55999755859375,78.27,1.3917808219178085,0.0461800003051757,0.21739999999999998,0.9398236560443817,-0.06206302126994516,0.25647495581226665,0.9377494853997369,16,G9K6C 78.27 Comdty,arithmetic
53,17,73.31999969482422,78.27,1.3863013698630138,0.0469299983978271,0.2227,0.9367573744068509,-0.06533096900748717,0.2622098748440902,0.9370120645871481,17,G9K6C 78.27 Comdty,arithmetic
53,18,75.44000244140625,78.27,1.347945205479452,0.0459899997711181,0.20739999999999997,0.9638431383851572,-0.036826717129320195,0.24079356201287713,0.9398904061742348,18,G9K6C 78.27 Comdty,arithmetic
53,19,73.16999816894531,78.27,1.3342465753424655,0.0452799987792968,0.1934,0.9348409118301433,-0.06737891194547274,0.2233955501696854,0.941374080519792,19,G9K6C 78.27 Comdty,arithmetic
54,0,69.94000244140625,78.94,1.484931506849315,0.0422300004959106,0.2703,0.8859893899342064,-0.12105030369231928,0.329381540765812,0.939217066957162,0,G9K6C 78.94 Comdty,arithmetic
54,1,70.29000091552734,78.94,1.463013698630137,0.0427099990844726,0.2464,0.8904231177543368,-0.11605851602188577,0.298033374245878,0.939426859389547,1,G9K6C 78.94 Comdty,arithmetic
54,2,70.0199966430664,78.94,1.4602739726027398,0.0432399988174438,0.2553,0.8870027444016519,-0.11990720265067895,0.3085091058801327,0.9388099233156325,2,G9K6C 78.94 Comdty,arithmetic
54,3,71.29000091552734,78.94,1.4575342465753425,0.0439900016784668,0.2607,0.9030909667535767,-0.10193199226286716,0.3147388945237423,0.9378953213106243,3,G9K6C 78.94 Comdty,arithmetic
54,4,70.70999908447266,78.94,1.4493150684931506,0.0439699983596801,0.24989999999999998,0.8957435911384932,-0.11010107756618775,0.30084836798717707,0.9382616904639516,4,G9K6C 78.94 Comdty,arithmetic
54,5,70.08000183105469,78.94,1.4465753424657537,0.0438500022888183,0.2482,0.8877628810622585,-0.1190505974785019,0.2985192255115238,0.9385376260427613,5,G9K6C 78.94 Comdty,arithmetic
54,6,70.58000183105469,78.94,1.443835616438356,0.0449399995803833,0.2446,0.8940968055618785,-0.11194122604460924,0.2939106532767893,0.9371743214013268,6,G9K6C 78.94 Comdty,arithmetic
54,7,69.91000366210938,78.94,1.441095890410959,0.0457000017166137,0.24789999999999998,0.8856093699279121,-0.12147931732761055,0.2975931748186274,0.9362637250435463,7,G9K6C 78.94 Comdty,arithmetic
54,8,69.45999908447266,78.94,1.4383561643835616,0.0452400016784668,0.2491,0.8799087798894434,-0.1279370360994144,0.29874933484192584,0.9370007134815166,8,G9K6C 78.94 Comdty,arithmetic
54,9,69.23999786376953,78.94,1.4301369863013698,0.0459899997711181,0.25170000000000003,0.8771218376459277,-0.1311093707792417,0.3010038391417661,0.936344326768936,9,G9K6C 78.94 Comdty,arithmetic
54,10,70.0999984741211,78.94,1.4273972602739726,0.0459100008010864,0.2509,0.8880161955171155,-0.11876529796133091,0.29975959321767737,0.9365692546147321,10,G9K6C 78.94 Comdty,arithmetic
54,11,69.62000274658203,78.94,1.421917808219178,0.045789999961853,0.2457,0.8819356821203703,-0.12563614840035997,0.2929829875373336,0.9369647510599761,11,G9K6C 78.94 Comdty,arithmetic
54,12,70.5999984741211,78.94,1.4191780821917808,0.0461899995803833,0.237,0.8943501200167354,-0.11165794734852055,0.28233634852535394,0.9365504993866763,12,G9K6C 78.94 Comdty,arithmetic
54,13,70.98999786376953,78.94,1.4109589041095891,0.0454500007629394,0.237,0.8992905733945976,-0.10614907827539831,0.2815175850367637,0.9378848644785575,13,G9K6C 78.94 Comdty,arithmetic
54,14,73.12999725341797,78.94,1.4027397260273973,0.0457499980926513,0.2253,0.9263997625211297,-0.07644942850936998,0.26683926761203275,0.937840544349058,14,G9K6C 78.94 Comdty,arithmetic
54,15,73.95999908447266,78.94,1.4,0.0459600019454956,0.2211,0.9369141003860231,-0.06516367609445928,0.261609048008665,0.9376823787504476,15,G9K6C 78.94 Comdty,arithmetic
54,16,73.55999755859375,78.94,1.3917808219178085,0.0461800003051757,0.21739999999999998,0.9318469414567235,-0.07058670368789943,0.25647495581226665,0.9377494853997369,16,G9K6C 78.94 Comdty,arithmetic
54,17,73.31999969482422,78.94,1.3863013698630138,0.0469299983978271,0.2227,0.9288066847583509,-0.07385465142544144,0.2622098748440902,0.9370120645871481,17,G9K6C 78.94 Comdty,arithmetic
54,18,75.44000244140625,78.94,1.347945205479452,0.0459899997711181,0.20739999999999997,0.955662559430026,-0.045350399547274566,0.24079356201287713,0.9398904061742348,18,G9K6C 78.94 Comdty,arithmetic
54,19,73.16999816894531,78.94,1.3342465753424655,0.0452799987792968,0.1934,0.9269064880788613,-0.07590259436342706,0.2233955501696854,0.941374080519792,19,G9K6C 78.94 Comdty,arithmetic
55,0,69.94000244140625,80.0,1.484931506849315,0.0422300004959106,0.2703,0.8742500305175781,-0.13438886813149992,0.329381540765812,0.939217066957162,0,G9K6C 80 Comdty,arithmetic
55,1,70.29000091552734,80.0,1.463013698630137,0.0427099990844726,0.2464,0.8786250114440918,-0.1293970804610664,0.298033374245878,0.939426859389547,1,G9K6C 80 Comdty,arithmetic
55,2,70.0199966430664,80.0,1.4602739726027398,0.0432399988174438,0.2553,0.8752499580383301,-0.13324576708985952,0.3085091058801327,0.9388099233156325,2,G9K6C 80 Comdty,arithmetic
55,3,71.29000091552734,80.0,1.4575342465753425,0.0439900016784668,0.2607,0.8911250114440918,-0.11527055670204768,0.3147388945237423,0.9378953213106243,3,G9K6C 80 Comdty,arithmetic
55,4,70.70999908447266,80.0,1.4493150684931506,0.0439699983596801,0.24989999999999998,0.8838749885559082,-0.12343964200536832,0.30084836798717707,0.9382616904639516,4,G9K6C 80 Comdty,arithmetic
55,5,70.08000183105469,80.0,1.4465753424657537,0.0438500022888183,0.2482,0.8760000228881836,-0.13238916191768252,0.2985192255115238,0.9385376260427613,5,G9K6C 80 Comdty,arithmetic
55,6,70.58000183105469,80.0,1.443835616438356,0.0449399995803833,0.2446,0.8822500228881835,-0.1252797904837899,0.2939106532767893,0.9371743214013268,6,G9K6C 80 Comdty,arithmetic
55,7,69.91000366210938,80.0,1.441095890410959,0.0457000017166137,0.24789999999999998,0.8738750457763672,-0.13481788176679113,0.2975931748186274,0.9362637250435463,7,G9K6C 80 Comdty,arithmetic
55,8,69.45999908447266,80.0,1.4383561643835616,0.0452400016784668,0.2491,0.8682499885559082,-0.14127560053859506,0.29874933484192584,0.9370007134815166,8,G9K6C 80 Comdty,arithmetic
55,9,69.23999786376953,80.0,1.4301369863013698,0.0459899997711181,0.25170000000000003,0.8654999732971191,-0.14444793521842222,0.3010038391417661,0.936344326768936,9,G9K6C 80 Comdty,arithmetic
55,10,70.0999984741211,80.0,1.4273972602739726,0.0459100008010864,0.2509,0.8762499809265136,-0.13210386240051158,0.29975959321767737,0.9365692546147321,10,G9K6C 80 Comdty,arithmetic
55,11,69.62000274658203,80.0,1.421917808219178,0.045789999961853,0.2457,0.8702500343322754,-0.1389747128395405,0.2929829875373336,0.9369647510599761,11,G9K6C 80 Comdty,arithmetic
55,12,70.5999984741211,80.0,1.4191780821917808,0.0461899995803833,0.237,0.8824999809265137,-0.12499651178770108,0.28233634852535394,0.9365504993866763,12,G9K6C 80 Comdty,arithmetic
55,13,70.98999786376953,80.0,1.4109589041095891,0.0454500007629394,0.237,0.8873749732971191,-0.11948764271457897,0.2815175850367637,0.9378848644785575,13,G9K6C 80 Comdty,arithmetic
55,14,73.12999725341797,80.0,1.4027397260273973,0.0457499980926513,0.2253,0.9141249656677246,-0.08978799294855061,0.26683926761203275,0.937840544349058,14,G9K6C 80 Comdty,arithmetic
55,15,73.95999908447266,80.0,1.4,0.0459600019454956,0.2211,0.9244999885559082,-0.0785022405336399,0.261609048008665,0.9376823787504476,15,G9K6C 80 Comdty,arithmetic
55,16,73.55999755859375,80.0,1.3917808219178085,0.0461800003051757,0.21739999999999998,0.9194999694824219,-0.0839252681270801,0.25647495581226665,0.9377494853997369,16,G9K6C 80 Comdty,arithmetic
55,17,73.31999969482422,80.0,1.3863013698630138,0.0469299983978271,0.2227,0.9164999961853028,-0.08719321586462203,0.2622098748440902,0.9370120645871481,17,G9K6C 80 Comdty,arithmetic
55,18,75.44000244140625,80.0,1.347945205479452,0.0459899997711181,0.20739999999999997,0.9430000305175781,-0.05868896398645518,0.24079356201287713,0.9398904061742348,18,G9K6C 80 Comdty,arithmetic
55,19,73.16999816894531,80.0,1.3342465753424655,0.0452799987792968,0.1934,0.9146249771118165,-0.08924115880260758,0.2233955501696854,0.941374080519792,19,G9K6C 80 Comdty,arithmetic
56,0,69.94000244140625,69.0,2.4821917808219176,0.0422300004959106,0.2703,1.0136232237884963,0.013531261945122317,0.4258569234938786,0.9004839300284708,0,G9K7C 69 Comdty,arithmetic
56,1,70.29000091552734,69.0,2.4602739726027396,0.0427099990844726,0.2464,1.0186956654424253,0.01852304961555587,0.38648481896145837,0.9002540307305212,1,G9K7C 69 Comdty,arithmetic
56,2,70.0199966430664,69.0,2.4575342465753423,0.0432399988174438,0.2553,1.0147825600444407,0.014674362986762751,0.40022167395253583,0.8991874310045723,2,G9K7C 69 Comdty,arithmetic
56,3,71.29000091552734,69.0,2.4547945205479453,0.0439900016784668,0.2607,1.0331884190656138,0.03264957337457458,0.4084591260381332,0.8976397907130735,3,G9K7C 69 Comdty,arithmetic
56,4,70.70999908447266,69.0,2.4465753424657533,0.0439699983596801,0.24989999999999998,1.02478259542714,0.024480488071253893,0.3908818934188941,0.8980083486414344,4,G9K7C 69 Comdty,arithmetic
56,5,70.08000183105469,69.0,2.4438356164383563,0.0438500022888183,0.2482,1.0156522004500679,0.01553096815893968,0.3880054020242502,0.898379946303952,5,G9K7C 69 Comdty,arithmetic
56,6,70.58000183105469,69.0,2.441095890410959,0.0449399995803833,0.2446,1.0228985772616621,0.022640339592832348,0.38216320676216303,0.8961003734956505,6,G9K7C 69 Comdty,arithmetic
56,7,69.91000366210938,69.0,2.4383561643835616,0.0457000017166137,0.24789999999999998,1.0131884588711504,0.013102248309831106,0.3871017171907854,0.8945514308770411,7,G9K7C 69 Comdty,arithmetic
56,8,69.45999908447266,69.0,2.4356164383561643,0.0452400016784668,0.2491,1.0066666533981545,0.006644529538027303,0.3887569585863577,0.8956663686564019,8,G9K7C 69 Comdty,arithmetic
56,9,69.23999786376953,69.0,2.4273972602739726,0.0459899997711181,0.25170000000000003,1.0034782299097034,0.003472194858200009,0.3921512866438645,0.8943697493428189,9,G9K7C 69 Comdty,arithmetic
56,10,70.0999984741211,69.0,2.4246575342465753,0.0459100008010864,0.2509,1.0159420068713203,0.01581626767611076,0.3906842148761896,0.8946559667132983,10,G9K7C 69 Comdty,arithmetic
56,11,69.62000274658203,69.0,2.419178082191781,0.045789999961853,0.2457,1.0089855470519136,0.00894541723708175,0.3821545863430318,0.8951408808791058,11,G9K7C 69 Comdty,arithmetic
56,12,70.5999984741211,69.0,2.4164383561643836,0.0461899995803833,0.237,1.0231883836829143,0.02292361828892102,0.3684140687153481,0.8943882744249297,12,G9K7C 69 Comdty,arithmetic
56,13,70.98999786376953,69.0,2.408219178082192,0.0454500007629394,0.237,1.028840548750283,0.028432487362043207,0.3677869804842181,0.8963237855520836,13,G9K7C 69 Comdty,arithmetic
56,14,73.12999725341797,69.0,2.4,0.0457499980926513,0.2253,1.0598550326582314,0.05813213712807164,0.34903325916021244,0.8960133241430884,14,G9K7C 69 Comdty,arithmetic
56,15,73.95999908447266,69.0,2.3972602739726026,0.0459600019454956,0.2211,1.0718840447025022,0.06941788954298227,0.3423310852344674,0.8956746132170126,15,G9K7C 69 Comdty,arithmetic
56,16,73.55999755859375,69.0,2.389041095890411,0.0461800003051757,0.21739999999999998,1.0660869211390398,0.06399486194954211,0.3360248144783439,0.8955422139193704,16,G9K7C 69 Comdty,arithmetic
56,17,73.31999969482422,69.0,2.3835616438356166,0.0469299983978271,0.2227,1.0626086912293364,0.060726914212000105,0.3438218011687219,0.8941689459174528,17,G9K7C 69 Comdty,arithmetic
56,18,75.44000244140625,69.0,2.345205479452055,0.0459899997711181,0.20739999999999997,1.0933333687160327,0.08923116609016718,0.3176136817728655,0.897756864593264,18,G9K7C 69 Comdty,arithmetic
56,19,73.16999816894531,69.0,2.331506849315069,0.0452799987792968,0.1934,1.0604347560716711,0.05867897127401456,0.2953077315763458,0.8998109193949391,19,G9K7C 69 Comdty,arithmetic
57,0,69.94000244140625,69.5,1.5726027397260274,0.0422300004959106,0.2703,1.0063309703799461,0.006311013971635363,0.3389655482554379,0.9357461800134432,0,G9M6C 69.5 Comdty,arithmetic
57,1,70.29000091552734,69.5,1.5506849315068494,0.0427099990844726,0.2464,1.0113669196478754,0.011302801642068726,0.30683329711616714,0.9359158110540423,1,G9M6C 69.5 Comdty,arithmetic
57,2,70.0199966430664,69.5,1.547945205479452,0.0432399988174438,0.2553,1.0074819660872865,0.007454115013275725,0.3176351868383102,0.9352577222971218,2,G9M6C 69.5 Comdty,arithmetic
57,3,71.29000091552734,69.5,1.5452054794520549,0.0439900016784668,0.2607,1.0257554088565086,0.025429325401087513,0.32406650915539603,0.9342851461948916,3,G9M6C 69.5 Comdty,arithmetic
57,4,70.70999908447266,69.5,1.536986301369863,0.0439699983596801,0.24989999999999998,1.0174100587693908,0.01726024009776697,0.3098141537929004,0.934651744220888,4,G9M6C 69.5 Comdty,arithmetic
57,5,70.08000183105469,69.5,1.5342465753424657,0.0438500022888183,0.2482,1.0083453500871178,0.008310720185452654,0.30743220390843895,0.9349364538121409,5,G9M6C 69.5 Comdty,arithmetic
57,6,70.58000183105469,69.5,1.5315068493150683,0.0449399995803833,0.2446,1.0155395946914343,0.015420091619345246,0.30270244189429185,0.9334891703750914,6,G9M6C 69.5 Comdty,arithmetic
57,7,69.91000366210938,69.5,1.5287671232876712,0.0457000017166137,0.24789999999999998,1.0058993332677608,0.005882000336344045,0.3065117968187213,0.9325200184773588,7,G9M6C 69.5 Comdty,arithmetic
57,8,69.45999908447266,69.5,1.526027397260274,0.0452400016784668,0.2491,0.9994244472585994,-0.0005757184354598724,0.30771941128598274,0.933291697770642,8,G9M6C 69.5 Comdty,arithmetic
57,9,69.23999786376953,69.5,1.5178082191780822,0.0459899997711181,0.25170000000000003,0.9962589620686263,-0.003748053115287125,0.31009278796948014,0.9325765873292164,9,G9M6C 69.5 Comdty,arithmetic
57,10,70.0999984741211,69.5,1.515068493150685,0.0459100008010864,0.2509,1.0086330715700877,0.008596019702623664,0.3088280894758686,0.9328071524128899,10,G9M6C 69.5 Comdty,arithmetic
57,11,69.62000274658203,69.5,1.5095890410958903,0.045789999961853,0.2457,1.001726658224202,0.0017251692635946517,0.30188012675813364,0.9332108780964643,11,G9M6C 69.5 Comdty,arithmetic
57,12,70.5999984741211,69.5,1.5068493150684932,0.0461899995803833,0.237,1.0158273161744042,0.015703370315434062,0.2909264841469098,0.9327655748632138,12,G9M6C 69.5 Comdty,arithmetic
57,13,70.98999786376953,69.5,1.498630136986301,0.0454500007629394,0.237,1.0214388181837342,0.02121223938855614,0.29013196336216307,0.9341551501764219,13,G9M6C 69.5 Comdty,arithmetic
57,14,73.12999725341797,69.5,1.4904109589041097,0.0457499980926513,0.2253,1.0522301763081723,0.05091188915458461,0.2750516213567172,0.934086438438779,14,G9M6C 69.5 Comdty,arithmetic
57,15,73.95999908447266,69.5,1.4876712328767123,0.0459600019454956,0.2211,1.0641726486974483,0.06219764156949528,0.2696759548608978,0.9339117112814059,15,G9M6C 69.5 Comdty,arithmetic
57,16,73.55999755859375,69.5,1.4794520547945205,0.0461800003051757,0.21739999999999998,1.0584172310589028,0.05677461397605507,0.2644295509152868,0.9339605341140719,16,G9M6C 69.5 Comdty,arithmetic
57,17,73.31999969482422,69.5,1.473972602739726,0.0469299983978271,0.2227,1.05496402438596,0.053506666238513065,0.27037399779736865,0.9331647321920393,17,G9M6C 69.5 Comdty,arithmetic
57,18,75.44000244140625,69.5,1.4356164383561645,0.0459899997711181,0.20739999999999997,1.085467661027428,0.08201091811668006,0.24850089848518694,0.9361083977280721,18,G9M6C 69.5 Comdty,arithmetic
57,19,73.16999816894531,69.5,1.421917808219178,0.0452799987792968,0.1934,1.052805729049573,0.051458723300527615,0.23061827346243513,0.9376444653644769,19,G9M6C 69.5 Comdty,arithmetic
58,0,69.94000244140625,72.75,1.5726027397260274,0.0422300004959106,0.2703,0.9613746040055842,-0.039391139509220185,0.3389655482554379,0.9357461800134432,0,G9M6C 72.75 Comdty,arithmetic
58,1,70.29000091552734,72.75,1.5506849315068494,0.0427099990844726,0.2464,0.9661855795948776,-0.03439935183878663,0.30683329711616714,0.9359158110540423,1,G9M6C 72.75 Comdty,arithmetic
58,2,70.0199966430664,72.75,1.547945205479452,0.0432399988174438,0.2553,0.9624741806607067,-0.03824803846757971,0.3176351868383102,0.9352577222971218,2,G9M6C 72.75 Comdty,arithmetic
58,3,71.29000091552734,72.75,1.5452054794520549,0.0439900016784668,0.2607,0.9799312840622315,-0.020272828079768032,0.32406650915539603,0.9342851461948916,3,G9M6C 72.75 Comdty,arithmetic
58,4,70.70999908447266,72.75,1.536986301369863,0.0439699983596801,0.24989999999999998,0.9719587503020296,-0.028441913383088605,0.3098141537929004,0.934651744220888,4,G9M6C 72.75 Comdty,arithmetic
58,5,70.08000183105469,72.75,1.5342465753424657,0.0438500022888183,0.2482,0.9632989942413015,-0.03739143329540282,0.30743220390843895,0.9349364538121409,5,G9M6C 72.75 Comdty,arithmetic
58,6,70.58000183105469,72.75,1.5315068493150683,0.0449399995803833,0.2446,0.9701718464749786,-0.0302820618615101,0.30270244189429185,0.9334891703750914,6,G9M6C 72.75 Comdty,arithmetic
58,7,69.91000366210938,72.75,1.5287671232876712,0.0457000017166137,0.24789999999999998,0.960962249650988,-0.03982015314451143,0.3065117968187213,0.9325200184773588,7,G9M6C 72.75 Comdty,arithmetic
58,8,69.45999908447266,72.75,1.526027397260274,0.0452400016784668,0.2491,0.9547766197178372,-0.04627787191631528,0.30771941128598274,0.933291697770642,8,G9M6C 72.75 Comdty,arithmetic
58,9,69.23999786376953,72.75,1.5178082191780822,0.0459899997711181,0.25170000000000003,0.9517525479555949,-0.04945020659614251,0.31009278796948014,0.9325765873292164,9,G9M6C 72.75 Comdty,arithmetic
58,10,70.0999984741211,72.75,1.515068493150685,0.0459100008010864,0.2509,0.9635738621872315,-0.03710613377823187,0.3088280894758686,0.9328071524128899,10,G9M6C 72.75 Comdty,arithmetic
58,11,69.62000274658203,72.75,1.5095890410958903,0.045789999961853,0.2457,0.956975982770887,-0.04397698421726084,0.30188012675813364,0.9332108780964643,11,G9M6C 72.75 Comdty,arithmetic
58,12,70.5999984741211,72.75,1.5068493150684932,0.0461899995803833,0.237,0.9704467144209085,-0.02999878316542145,0.2909264841469098,0.9327655748632138,12,G9M6C 72.75 Comdty,arithmetic
58,13,70.98999786376953,72.75,1.498630136986301,0.0454500007629394,0.237,0.9758075307734644,-0.024489914092299173,0.29013196336216307,0.9341551501764219,13,G9M6C 72.75 Comdty,arithmetic
58,14,73.12999725341797,72.75,1.4904109589041097,0.0457499980926513,0.2253,1.0052233299438895,0.005209735673729024,0.2750516213567172,0.934086438438779,14,G9M6C 72.75 Comdty,arithmetic
58,15,73.95999908447266,72.75,1.4876712328767123,0.0459600019454956,0.2211,1.01663228982093,0.016495488088639737,0.2696759548608978,0.9339117112814059,15,G9M6C 72.75 Comdty,arithmetic
58,16,73.55999755859375,72.75,1.4794520547945205,0.0461800003051757,0.21739999999999998,1.0111339870597078,0.011072460495199558,0.2644295509152868,0.9339605341140719,16,G9M6C 72.75 Comdty,arithmetic
58,17,73.31999969482422,72.75,1.473972602739726,0.0469299983978271,0.2227,1.0078350473515356,0.007804512757657631,0.27037399779736865,0.9331647321920393,17,G9M6C 72.75 Comdty,arithmetic
58,18,75.44000244140625,72.75,1.4356164383561645,0.0459899997711181,0.20739999999999997,1.0369759785760309,0.036308764635824504,0.24850089848518694,0.9361083977280721,18,G9M6C 72.75 Comdty,arithmetic
58,19,73.16999816894531,72.75,1.421917808219178,0.0452799987792968,0.1934,1.005773170707152,0.005756569819672028,0.23061827346243513,0.9376444653644769,19,G9M6C 72.75 Comdty,arithmetic
59,0,69.94000244140625,73.8,1.5726027397260274,0.0422300004959106,0.2703,0.9476965100461552,-0.05372096506404504,0.3389655482554379,0.9357461800134432,0,G9M6C 73.8 Comdty,arithmetic
59,1,70.29000091552734,73.8,1.5506849315068494,0.0427099990844726,0.2464,0.9524390367957635,-0.04872917739361158,0.30683329711616714,0.9359158110540423,1,G9M6C 73.8 Comdty,arithmetic
59,2,70.0199966430664,73.8,1.547945205479452,0.0432399988174438,0.2553,0.948780442317973,-0.052577864022404684,0.3176351868383102,0.9352577222971218,2,G9M6C 73.8 Comdty,arithmetic
59,3,71.29000091552734,73.8,1.5452054794520549,0.0439900016784668,0.2607,0.9659891722971186,-0.03460265363459285,0.32406650915539603,0.9342851461948916,3,G9M6C 73.8 Comdty,arithmetic
59,4,70.70999908447266,73.8,1.536986301369863,0.0439699983596801,0.24989999999999998,0.9581300688952935,-0.04277173893791342,0.3098141537929004,0.934651744220888,4,G9M6C 73.8 Comdty,arithmetic
59,5,70.08000183105469,73.8,1.5342465753424657,0.0438500022888183,0.2482,0.9495935207459986,-0.051721258850227596,0.30743220390843895,0.9349364538121409,5,G9M6C 73.8 Comdty,arithmetic
59,6,70.58000183105469,73.8,1.5315068493150683,0.0449399995803833,0.2446,0.956368588496676,-0.04461188741633498,0.30270244189429185,0.9334891703750914,6,G9M6C 73.8 Comdty,arithmetic
59,7,69.91000366210938,73.8,1.5287671232876712,0.0457000017166137,0.24789999999999998,0.9472900225218073,-0.054149978699336326,0.3065117968187213,0.9325200184773588,7,G9M6C 73.8 Comdty,arithmetic
59,8,69.45999908447266,73.8,1.526027397260274,0.0452400016784668,0.2491,0.9411923995185997,-0.060607697471140226,0.30771941128598274,0.933291697770642,8,G9M6C 73.8 Comdty,arithmetic
59,9,69.23999786376953,73.8,1.5178082191780822,0.0459899997711181,0.25170000000000003,0.9382113531676088,-0.06378003215096742,0.31009278796948014,0.9325765873292164,9,G9M6C 73.8 Comdty,arithmetic
59,10,70.0999984741211,73.8,1.515068493150685,0.0459100008010864,0.2509,0.9498644779691205,-0.05143595933305673,0.3088280894758686,0.9328071524128899,10,G9M6C 73.8 Comdty,arithmetic
59,11,69.62000274658203,73.8,1.5095890410958903,0.045789999961853,0.2457,0.9433604708208948,-0.058306809772085674,0.30188012675813364,0.9332108780964643,11,G9M6C 73.8 Comdty,arithmetic
59,12,70.5999984741211,73.8,1.5068493150684932,0.0461899995803833,0.237,0.956639545719798,-0.044328608720246306,0.2909264841469098,0.9327655748632138,12,G9M6C 73.8 Comdty,arithmetic
59,13,70.98999786376953,73.8,1.498630136986301,0.0454500007629394,0.237,0.9619240902949802,-0.03881973964712406,0.29013196336216307,0.9341551501764219,13,G9M6C 73.8 Comdty,arithmetic
59,14,73.12999725341797,73.8,1.4904109589041097,0.0457499980926513,0.2253,0.9909213719975335,-0.009120089881095767,0.2750516213567172,0.934086438438779,14,G9M6C 73.8 Comdty,arithmetic
59,15,73.95999908447266,73.8,1.4876712328767123,0.0459600019454956,0.2211,1.0021680092746972,0.0021656625338148383,0.2696759548608978,0.9339117112814059,15,G9M6C 73.8 Comdty,arithmetic
59,16,73.55999755859375,73.8,1.4794520547945205,0.0461800003051757,0.21739999999999998,0.9967479343982893,-0.0032573650596252127,0.2644295509152868,0.9339605341140719,16,G9M6C 73.8 Comdty,arithmetic
59,17,73.31999969482422,73.8,1.473972602739726,0.0469299983978271,0.2227,0.9934959308241764,-0.006525312797167239,0.27037399779736865,0.9331647321920393,17,G9M6C 73.8 Comdty,arithmetic
59,18,75.44000244140625,73.8,1.4356164383561645,0.0459899997711181,0.20739999999999997,1.0222222553036078,0.021978939080999717,0.24850089848518694,0.9361083977280721,18,G9M6C 73.8 Comdty,arithmetic
59,19,73.16999816894531,73.8,1.421917808219178,0.0452799987792968,0.1934,0.9914633898231072,-0.008573255735152822,0.23061827346243513,0.9376444653644769,19,G9M6C 73.8 Comdty,arithmetic
60,0,69.94000244140625,74.0,1.5726027397260274,0.0422300004959106,0.2703,0.9451351681271115,-0.05642732666178799,0.3389655482554379,0.9357461800134432,0,G9M6C 74 Comdty,arithmetic
60,1,70.29000091552734,74.0,1.5506849315068494,0.0427099990844726,0.2464,0.949864877236856,-0.05143553899135455,0.30683329711616714,0.9359158110540423,1,G9M6C 74 Comdty,arithmetic
60,2,70.0199966430664,74.0,1.547945205479452,0.0432399988174438,0.2553,0.9462161708522487,-0.05528422562014762,0.3176351868383102,0.9352577222971218,2,G9M6C 74 Comdty,arithmetic
60,3,71.29000091552734,74.0,1.5452054794520549,0.0439900016784668,0.2607,0.9633783907503695,-0.03730901523233592,0.32406650915539603,0.9342851461948916,3,G9M6C 74 Comdty,arithmetic
60,4,70.70999908447266,74.0,1.536986301369863,0.0439699983596801,0.24989999999999998,0.9555405281685494,-0.04547810053565644,0.3098141537929004,0.934651744220888,4,G9M6C 74 Comdty,arithmetic
60,5,70.08000183105469,74.0,1.5342465753424657,0.0438500022888183,0.2482,0.9470270517710093,-0.0544276204479706,0.30743220390843895,0.9349364538121409,5,G9M6C 74 Comdty,arithmetic
60,6,70.58000183105469,74.0,1.5315068493150683,0.0449399995803833,0.2446,0.953783808527766,-0.04731824901407804,0.30270244189429185,0.9334891703750914,6,G9M6C 74 Comdty,arithmetic
60,7,69.91000366210938,74.0,1.5287671232876712,0.0457000017166137,0.24789999999999998,0.9447297792176943,-0.05685634029707925,0.3065117968187213,0.9325200184773588,7,G9M6C 74 Comdty,arithmetic
60,8,69.45999908447266,74.0,1.526027397260274,0.0452400016784668,0.2491,0.9386486362766575,-0.06331405906888318,0.30771941128598274,0.933291697770642,8,G9M6C 74 Comdty,arithmetic
60,9,69.23999786376953,74.0,1.5178082191780822,0.0459899997711181,0.25170000000000003,0.9356756468076963,-0.06648639374871042,0.31009278796948014,0.9325765873292164,9,G9M6C 74 Comdty,arithmetic
60,10,70.0999984741211,74.0,1.515068493150685,0.0459100008010864,0.2509,0.9472972766773121,-0.05414232093079967,0.3088280894758686,0.9328071524128899,10,G9M6C 74 Comdty,arithmetic
60,11,69.62000274658203,74.0,1.5095890410958903,0.045789999961853,0.2457,0.9408108479267842,-0.061013171369828735,0.30188012675813364,0.9332108780964643,11,G9M6C 74 Comdty,arithmetic
60,12,70.5999984741211,74.0,1.5068493150684932,0.0461899995803833,0.237,0.9540540334340688,-0.0470349703179893,0.2909264841469098,0.9327655748632138,12,G9M6C 74 Comdty,arithmetic
60,13,70.98999786376953,74.0,1.498630136986301,0.0454500007629394,0.237,0.959324295456345,-0.041526101244867074,0.29013196336216307,0.9341551501764219,13,G9M6C 74 Comdty,arithmetic
60,14,73.12999725341797,74.0,1.4904109589041097,0.0457499980926513,0.2253,0.9882432061272699,-0.011826451478838698,0.2750516213567172,0.934086438438779,14,G9M6C 74 Comdty,arithmetic
60,15,73.95999908447266,74.0,1.4876712328767123,0.0459600019454956,0.2211,0.9994594470874684,-0.0005406990639280039,0.2696759548608978,0.9339117112814059,15,G9M6C 74 Comdty,arithmetic
60,16,73.55999755859375,74.0,1.4794520547945205,0.0461800003051757,0.21739999999999998,0.9940540210620777,-0.005963726657368168,0.2644295509152868,0.9339605341140719,16,G9M6C 74 Comdty,arithmetic
60,17,73.31999969482422,74.0,1.473972602739726,0.0469299983978271,0.2227,0.9908108066868138,-0.0092316743949102,0.27037399779736865,0.9331647321920393,17,G9M6C 74 Comdty,arithmetic
60,18,75.44000244140625,74.0,1.4356164383561645,0.0459899997711181,0.20739999999999997,1.0194594924514357,0.019272577483256656,0.24850089848518694,0.9361083977280721,18,G9M6C 74 Comdty,arithmetic
60,19,73.16999816894531,74.0,1.421917808219178,0.0452799987792968,0.1934,0.9887837590398015,-0.011279617332895755,0.23061827346243513,0.9376444653644769,19,G9M6C 74 Comdty,arithmetic
61,0,69.94000244140625,75.75,1.5726027397260274,0.0422300004959106,0.2703,0.9233003622627888,-0.0798006778470968,0.3389655482554379,0.9357461800134432,0,G9M6C 75.75 Comdty,arithmetic
61,1,70.29000091552734,75.75,1.5506849315068494,0.0427099990844726,0.2464,0.9279208041653775,-0.0748088901766633,0.30683329711616714,0.9359158110540423,1,G9M6C 75.75 Comdty,arithmetic
61,2,70.0199966430664,75.75,1.547945205479452,0.0432399988174438,0.2553,0.9243563913276093,-0.07865757680545644,0.3176351868383102,0.9352577222971218,2,G9M6C 75.75 Comdty,arithmetic
61,3,71.29000091552734,75.75,1.5452054794520549,0.0439900016784668,0.2607,0.9411221242973907,-0.06068236641764459,0.32406650915539603,0.9342851461948916,3,G9M6C 75.75 Comdty,arithmetic
61,4,70.70999908447266,75.75,1.536986301369863,0.0439699983596801,0.24989999999999998,0.9334653344484839,-0.06885145172096521,0.3098141537929004,0.934651744220888,4,G9M6C 75.75 Comdty,arithmetic
61,5,70.08000183105469,75.75,1.5342465753424657,0.0438500022888183,0.2482,0.9251485390238242,-0.07780097163327945,0.30743220390843895,0.9349364538121409,5,G9M6C 75.75 Comdty,arithmetic
61,6,70.58000183105469,75.75,1.5315068493150683,0.0449399995803833,0.2446,0.9317491990898309,-0.07069160019938672,0.30270244189429185,0.9334891703750914,6,G9M6C 75.75 Comdty,arithmetic
61,7,69.91000366210938,75.75,1.5287671232876712,0.0457000017166137,0.24789999999999998,0.9229043387737211,-0.08022969148238805,0.3065117968187213,0.9325200184773588,7,G9M6C 75.75 Comdty,arithmetic
61,8,69.45999908447266,75.75,1.526027397260274,0.0452400016784668,0.2491,0.9169636842834674,-0.08668741025419192,0.30771941128598274,0.933291697770642,8,G9M6C 75.75 Comdty,arithmetic
61,9,69.23999786376953,75.75,1.5178082191780822,0.0459899997711181,0.25170000000000003,0.9140593777395317,-0.0898597449340192,0.31009278796948014,0.9325765873292164,9,G9M6C 75.75 Comdty,arithmetic
61,10,70.0999984741211,75.75,1.515068493150685,0.0459100008010864,0.2509,0.9254125211105095,-0.07751567211610844,0.3088280894758686,0.9328071524128899,10,G9M6C 75.75 Comdty,arithmetic
61,11,69.62000274658203,75.75,1.5095890410958903,0.045789999961853,0.2457,0.9190759438492677,-0.08438652255513748,0.30188012675813364,0.9332108780964643,11,G9M6C 75.75 Comdty,arithmetic
61,12,70.5999984741211,75.75,1.5068493150684932,0.0461899995803833,0.237,0.9320131811765161,-0.07040832150329802,0.2909264841469098,0.9327655748632138,12,G9M6C 75.75 Comdty,arithmetic
61,13,70.98999786376953,75.75,1.498630136986301,0.0454500007629394,0.237,0.9371616879705549,-0.06489945243017582,0.29013196336216307,0.9341551501764219,13,G9M6C 75.75 Comdty,arithmetic
61,14,73.12999725341797,75.75,1.4904109589041097,0.0457499980926513,0.2253,0.9654125049956167,-0.035199802664147566,0.2750516213567172,0.934086438438779,14,G9M6C 75.75 Comdty,arithmetic
61,15,73.95999908447266,75.75,1.4876712328767123,0.0459600019454956,0.2211,0.9763696248775268,-0.023914050249236866,0.2696759548608978,0.9339117112814059,15,G9M6C 75.75 Comdty,arithmetic
61,16,73.55999755859375,75.75,1.4794520547945205,0.0461800003051757,0.21739999999999998,0.9710890766811056,-0.029337077842677032,0.2644295509152868,0.9339605341140719,16,G9M6C 75.75 Comdty,arithmetic
61,17,73.31999969482422,75.75,1.473972602739726,0.0469299983978271,0.2227,0.9679207880504848,-0.03260502558021894,0.27037399779736865,0.9331647321920393,17,G9M6C 75.75 Comdty,arithmetic
61,18,75.44000244140625,75.75,1.4356164383561645,0.0459899997711181,0.20739999999999997,0.9959076229888614,-0.004100773702052057,0.24850089848518694,0.9361083977280721,18,G9M6C 75.75 Comdty,arithmetic
61,19,73.16999816894531,75.75,1.421917808219178,0.0452799987792968,0.1934,0.9659405698870668,-0.03465296851820459,0.23061827346243513,0.9376444653644769,19,G9M6C 75.75 Comdty,arithmetic
62,0,69.94000244140625,76.5,1.5726027397260274,0.0422300004959106,0.2703,0.9142483979268791,-0.08965297429010845,0.3389655482554379,0.9357461800134432,0,G9M6C 76.5 Comdty,arithmetic
62,1,70.29000091552734,76.5,1.5506849315068494,0.0427099990844726,0.2464,0.9188235413794424,-0.08466118661967488,0.30683329711616714,0.9359158110540423,1,G9M6C 76.5 Comdty,arithmetic
62,2,70.0199966430664,76.5,1.547945205479452,0.0432399988174438,0.2553,0.9152940737655739,-0.08850987324846804,0.3176351868383102,0.9352577222971218,2,G9M6C 76.5 Comdty,arithmetic
62,3,71.29000091552734,76.5,1.5452054794520549,0.0439900016784668,0.2607,0.931895436804279,-0.0705346628606563,0.32406650915539603,0.9342851461948916,3,G9M6C 76.5 Comdty,arithmetic
62,4,70.70999908447266,76.5,1.536986301369863,0.0439699983596801,0.24989999999999998,0.9243137135225183,-0.07870374816397688,0.3098141537929004,0.934651744220888,4,G9M6C 76.5 Comdty,arithmetic
62,5,70.08000183105469,76.5,1.5342465753424657,0.0438500022888183,0.2482,0.9160784553079044,-0.08765326807629101,0.30743220390843895,0.9349364538121409,5,G9M6C 76.5 Comdty,arithmetic
62,6,70.58000183105469,76.5,1.5315068493150683,0.0449399995803833,0.2446,0.9226144030203227,-0.08054389664239839,0.30270244189429185,0.9334891703750914,6,G9M6C 76.5 Comdty,arithmetic
62,7,69.91000366210938,76.5,1.5287671232876712,0.0457000017166137,0.24789999999999998,0.9138562570210376,-0.09008198792539972,0.3065117968187213,0.9325200184773588,7,G9M6C 76.5 Comdty,arithmetic
62,8,69.45999908447266,76.5,1.526027397260274,0.0452400016784668,0.2491,0.9079738442414726,-0.09653970669720355,0.30771941128598274,0.933291697770642,8,G9M6C 76.5 Comdty,arithmetic
62,9,69.23999786376953,76.5,1.5178082191780822,0.0459899997711181,0.25170000000000003,0.905098011291105,-0.09971204137703076,0.31009278796948014,0.9325765873292164,9,G9M6C 76.5 Comdty,arithmetic
62,10,70.0999984741211,76.5,1.515068493150685,0.0459100008010864,0.2509,0.9163398493349163,-0.08736796855912006,0.3088280894758686,0.9328071524128899,10,G9M6C 76.5 Comdty,arithmetic
62,11,69.62000274658203,76.5,1.5095890410958903,0.045789999961853,0.2457,0.9100653953801573,-0.09423881899814907,0.30188012675813364,0.9332108780964643,11,G9M6C 76.5 Comdty,arithmetic
62,12,70.5999984741211,76.5,1.5068493150684932,0.0461899995803833,0.237,0.9228757970473346,-0.08026061794630965,0.2909264841469098,0.9327655748632138,12,G9M6C 76.5 Comdty,arithmetic
62,13,70.98999786376953,76.5,1.498630136986301,0.0454500007629394,0.237,0.9279738282845691,-0.07475174887318742,0.29013196336216307,0.9341551501764219,13,G9M6C 76.5 Comdty,arithmetic
62,14,73.12999725341797,76.5,1.4904109589041097,0.0457499980926513,0.2253,0.9559476765152676,-0.04505209910715914,0.2750516213567172,0.934086438438779,14,G9M6C 76.5 Comdty,arithmetic
62,15,73.95999908447266,76.5,1.4876712328767123,0.0459600019454956,0.2211,0.9667973736532374,-0.033766346692248414,0.2696759548608978,0.9339117112814059,15,G9M6C 76.5 Comdty,arithmetic
62,16,73.55999755859375,76.5,1.4794520547945205,0.0461800003051757,0.21739999999999998,0.9615685955371732,-0.03918937428568859,0.2644295509152868,0.9339605341140719,16,G9M6C 76.5 Comdty,arithmetic
62,17,73.31999969482422,76.5,1.473972602739726,0.0469299983978271,0.2227,0.9584313685597937,-0.04245732202323059,0.27037399779736865,0.9331647321920393,17,G9M6C 76.5 Comdty,arithmetic
62,18,75.44000244140625,76.5,1.4356164383561645,0.0459899997711181,0.20739999999999997,0.9861438227634803,-0.01395307014506373,0.24850089848518694,0.9361083977280721,18,G9M6C 76.5 Comdty,arithmetic
62,19,73.16999816894531,76.5,1.421917808219178,0.0452799987792968,0.1934,0.9564705642999387,-0.04450526496121618,0.23061827346243513,0.9376444653644769,19,G9M6C 76.5 Comdty,arithmetic
63,0,69.94000244140625,77.0,1.5726027397260274,0.0422300004959106,0.2703,0.908311720018263,-0.09616765531130211,0.3389655482554379,0.9357461800134432,0,G9M6C 77 Comdty,arithmetic
63,1,70.29000091552734,77.0,1.5506849315068494,0.0427099990844726,0.2464,0.9128571547471084,-0.0911758676408686,0.30683329711616714,0.9359158110540423,1,G9M6C 77 Comdty,arithmetic
63,2,70.0199966430664,77.0,1.547945205479452,0.0432399988174438,0.2553,0.9093506057541092,-0.09502455426966169,0.3176351868383102,0.9352577222971218,2,G9M6C 77 Comdty,arithmetic
63,3,71.29000091552734,77.0,1.5452054794520549,0.0439900016784668,0.2607,0.9258441677341214,-0.07704934388184995,0.32406650915539603,0.9342851461948916,3,G9M6C 77 Comdty,arithmetic
63,4,70.70999908447266,77.0,1.536986301369863,0.0439699983596801,0.24989999999999998,0.9183116764217228,-0.08521842918517049,0.3098141537929004,0.934651744220888,4,G9M6C 77 Comdty,arithmetic
63,5,70.08000183105469,77.0,1.5342465753424657,0.0438500022888183,0.2482,0.9101298939098011,-0.09416794909748472,0.30743220390843895,0.9349364538121409,5,G9M6C 77 Comdty,arithmetic
63,6,70.58000183105469,77.0,1.5315068493150683,0.0449399995803833,0.2446,0.9166234004033076,-0.08705857766359214,0.30270244189429185,0.9334891703750914,6,G9M6C 77 Comdty,arithmetic
63,7,69.91000366210938,77.0,1.5287671232876712,0.0457000017166137,0.24789999999999998,0.90792212548194,-0.09659666894659337,0.3065117968187213,0.9325200184773588,7,G9M6C 77 Comdty,arithmetic
63,8,69.45999908447266,77.0,1.526027397260274,0.0452400016784668,0.2491,0.9020779101879566,-0.10305438771839726,0.30771941128598274,0.933291697770642,8,G9M6C 77 Comdty,arithmetic
63,9,69.23999786376953,77.0,1.5178082191780822,0.0459899997711181,0.25170000000000003,0.8992207514775263,-0.1062267223982245,0.31009278796948014,0.9325765873292164,9,G9M6C 77 Comdty,arithmetic
63,10,70.0999984741211,77.0,1.515068493150685,0.0459100008010864,0.2509,0.9103895905730012,-0.09388264958031385,0.3088280894758686,0.9328071524128899,10,G9M6C 77 Comdty,arithmetic
63,11,69.62000274658203,77.0,1.5095890410958903,0.045789999961853,0.2457,0.9041558798257406,-0.10075350001934281,0.30188012675813364,0.9332108780964643,11,G9M6C 77 Comdty,arithmetic
63,12,70.5999984741211,77.0,1.5068493150684932,0.0461899995803833,0.237,0.9168830970665077,-0.08677529896750334,0.2909264841469098,0.9327655748632138,12,G9M6C 77 Comdty,arithmetic
63,13,70.98999786376953,77.0,1.498630136986301,0.0454500007629394,0.237,0.9219480242047992,-0.08126642989438111,0.29013196336216307,0.9341551501764219,13,G9M6C 77 Comdty,arithmetic
63,14,73.12999725341797,77.0,1.4904109589041097,0.0457499980926513,0.2253,0.9497402240703632,-0.0515667801283529,0.2750516213567172,0.934086438438779,14,G9M6C 77 Comdty,arithmetic
63,15,73.95999908447266,77.0,1.4876712328767123,0.0459600019454956,0.2211,0.960519468629515,-0.04028102771344218,0.2696759548608978,0.9339117112814059,15,G9M6C 77 Comdty,arithmetic
63,16,73.55999755859375,77.0,1.4794520547945205,0.0461800003051757,0.21739999999999998,0.9553246436181007,-0.04570405530688229,0.2644295509152868,0.9339605341140719,16,G9M6C 77 Comdty,arithmetic
63,17,73.31999969482422,77.0,1.473972602739726,0.0469299983978271,0.2227,0.9522077882444704,-0.04897200304442428,0.27037399779736865,0.9331647321920393,17,G9M6C 77 Comdty,arithmetic
63,18,75.44000244140625,77.0,1.4356164383561645,0.0459899997711181,0.20739999999999997,0.9797402914468344,-0.0204677511662574,0.24850089848518694,0.9361083977280721,18,G9M6C 77 Comdty,arithmetic
63,19,73.16999816894531,77.0,1.421917808219178,0.0452799987792968,0.1934,0.9502597164798092,-0.051019945982409894,0.23061827346243513,0.9376444653644769,19,G9M6C 77 Comdty,arithmetic
64,0,69.94000244140625,78.94,1.5726027397260274,0.0422300004959106,0.2703,0.8859893899342064,-0.12105030369231928,0.3389655482554379,0.9357461800134432,0,G9M6C 78.94 Comdty,arithmetic
64,1,70.29000091552734,78.94,1.5506849315068494,0.0427099990844726,0.2464,0.8904231177543368,-0.11605851602188577,0.30683329711616714,0.9359158110540423,1,G9M6C 78.94 Comdty,arithmetic
64,2,70.0199966430664,78.94,1.547945205479452,0.0432399988174438,0.2553,0.8870027444016519,-0.11990720265067895,0.3176351868383102,0.9352577222971218,2,G9M6C 78.94 Comdty,arithmetic
64,3,71.29000091552734,78.94,1.5452054794520549,0.0439900016784668,0.2607,0.9030909667535767,-0.10193199226286716,0.32406650915539603,0.9342851461948916,3,G9M6C 78.94 Comdty,arithmetic
64,4,70.70999908447266,78.94,1.536986301369863,0.0439699983596801,0.24989999999999998,0.8957435911384932,-0.11010107756618775,0.3098141537929004,0.934651744220888,4,G9M6C 78.94 Comdty,arithmetic
64,5,70.08000183105469,78.94,1.5342465753424657,0.0438500022888183,0.2482,0.8877628810622585,-0.1190505974785019,0.30743220390843895,0.9349364538121409,5,G9M6C 78.94 Comdty,arithmetic
64,6,70.58000183105469,78.94,1.5315068493150683,0.0449399995803833,0.2446,0.8940968055618785,-0.11194122604460924,0.30270244189429185,0.9334891703750914,6,G9M6C 78.94 Comdty,arithmetic
64,7,69.91000366210938,78.94,1.5287671232876712,0.0457000017166137,0.24789999999999998,0.8856093699279121,-0.12147931732761055,0.3065117968187213,0.9325200184773588,7,G9M6C 78.94 Comdty,arithmetic
64,8,69.45999908447266,78.94,1.526027397260274,0.0452400016784668,0.2491,0.8799087798894434,-0.1279370360994144,0.30771941128598274,0.933291697770642,8,G9M6C 78.94 Comdty,arithmetic
64,9,69.23999786376953,78.94,1.5178082191780822,0.0459899997711181,0.25170000000000003,0.8771218376459277,-0.1311093707792417,0.31009278796948014,0.9325765873292164,9,G9M6C 78.94 Comdty,arithmetic
64,10,70.0999984741211,78.94,1.515068493150685,0.0459100008010864,0.2509,0.8880161955171155,-0.11876529796133091,0.3088280894758686,0.9328071524128899,10,G9M6C 78.94 Comdty,arithmetic
64,11,69.62000274658203,78.94,1.5095890410958903,0.045789999961853,0.2457,0.8819356821203703,-0.12563614840035997,0.30188012675813364,0.9332108780964643,11,G9M6C 78.94 Comdty,arithmetic
64,12,70.5999984741211,78.94,1.5068493150684932,0.0461899995803833,0.237,0.8943501200167354,-0.11165794734852055,0.2909264841469098,0.9327655748632138,12,G9M6C 78.94 Comdty,arithmetic
64,13,70.98999786376953,78.94,1.498630136986301,0.0454500007629394,0.237,0.8992905733945976,-0.10614907827539831,0.29013196336216307,0.9341551501764219,13,G9M6C 78.94 Comdty,arithmetic
64,14,73.12999725341797,78.94,1.4904109589041097,0.0457499980926513,0.2253,0.9263997625211297,-0.07644942850936998,0.2750516213567172,0.934086438438779,14,G9M6C 78.94 Comdty,arithmetic
64,15,73.95999908447266,78.94,1.4876712328767123,0.0459600019454956,0.2211,0.9369141003860231,-0.06516367609445928,0.2696759548608978,0.9339117112814059,15,G9M6C 78.94 Comdty,arithmetic
64,16,73.55999755859375,78.94,1.4794520547945205,0.0461800003051757,0.21739999999999998,0.9318469414567235,-0.07058670368789943,0.2644295509152868,0.9339605341140719,16,G9M6C 78.94 Comdty,arithmetic
64,17,73.31999969482422,78.94,1.473972602739726,0.0469299983978271,0.2227,0.9288066847583509,-0.07385465142544144,0.27037399779736865,0.9331647321920393,17,G9M6C 78.94 Comdty,arithmetic
64,18,75.44000244140625,78.94,1.4356164383561645,0.0459899997711181,0.20739999999999997,0.955662559430026,-0.045350399547274566,0.24850089848518694,0.9361083977280721,18,G9M6C 78.94 Comdty,arithmetic
64,19,73.16999816894531,78.94,1.421917808219178,0.0452799987792968,0.1934,0.9269064880788613,-0.07590259436342706,0.23061827346243513,0.9376444653644769,19,G9M6C 78.94 Comdty,arithmetic
65,0,69.94000244140625,70.0,2.5726027397260274,0.0422300004959106,0.2703,0.9991428920200893,-0.0008574755069772188,0.43354323072112383,0.8970523880779581,0,G9M7C 70 Comdty,arithmetic
65,1,70.29000091552734,70.0,2.5506849315068494,0.0427099990844726,0.2464,1.0041428702218191,0.004134312163456184,0.39352208606274963,0.8967844461565272,1,G9M7C 70 Comdty,arithmetic
65,2,70.0199966430664,70.0,2.547945205479452,0.0432399988174438,0.2553,1.00028566632952,0.0002856255346631448,0.40751711855799166,0.8956790371294748,2,G9M7C 70 Comdty,arithmetic
65,3,71.29000091552734,70.0,2.5452054794520547,0.0439900016784668,0.2607,1.0184285845075334,0.018260835922474787,0.41591296247672344,0.8940768072821914,3,G9M7C 70 Comdty,arithmetic
65,4,70.70999908447266,70.0,2.536986301369863,0.0439699983596801,0.24989999999999998,1.010142844063895,0.010091750619154342,0.3980387165721583,0.8944455199214986,4,G9M7C 70 Comdty,arithmetic
65,5,70.08000183105469,70.0,2.5342465753424657,0.0438500022888183,0.2482,1.0011428833007812,0.0011422307068400424,0.39511745089276934,0.8948253511499498,5,G9M7C 70 Comdty,arithmetic
65,6,70.58000183105469,70.0,2.5315068493150683,0.0449399995803833,0.2446,1.0082857404436385,0.008251602140732874,0.38917596062548254,0.8924668429756988,6,G9M7C 70 Comdty,arithmetic
65,7,69.91000366210938,70.0,2.5287671232876714,0.0457000017166137,0.24789999999999998,0.9987143380301339,-0.0012864891422685824,0.39421300281578875,0.8908629655047559,7,G9M7C 70 Comdty,arithmetic
65,8,69.45999908447266,70.0,2.526027397260274,0.0452400016784668,0.2491,0.9922857012067522,-0.007744207914072442,0.395906612829581,0.8920104031981807,8,G9M7C 70 Comdty,arithmetic
65,9,69.23999786376953,70.0,2.5178082191780824,0.0459899997711181,0.25170000000000003,0.989142826625279,-0.010916542593899663,0.39938756509271167,0.890658680602142,9,G9M7C 70 Comdty,arithmetic
65,10,70.0999984741211,70.0,2.515068493150685,0.0459100008010864,0.2509,1.0014285496303013,0.0014275302240109727,0.3979014939018388,0.8909501543779297,10,G9M7C 70 Comdty,arithmetic
65,11,69.62000274658203,70.0,2.5095890410958903,0.045789999961853,0.2457,0.9945714678083147,-0.005443320215017923,0.38923013877590057,0.891442731507646,11,G9M7C 70 Comdty,arithmetic
65,12,70.5999984741211,70.0,2.506849315068493,0.0461899995803833,0.237,1.0085714067731584,0.008534880836821392,0.37524288024968866,0.8906610235831903,12,G9M7C 70 Comdty,arithmetic
65,13,70.98999786376953,70.0,2.4986301369863013,0.0454500007629394,0.237,1.014142826625279,0.01404374990994367,0.374627222935525,0.8926481884497475,13,G9M7C 70 Comdty,arithmetic
65,14,73.12999725341797,70.0,2.4904109589041097,0.0457499980926513,0.2253,1.0447142464773995,0.04374339967597198,0.3555467401214064,0.8923147975407091,14,G9M7C 70 Comdty,arithmetic
65,15,73.95999908447266,70.0,2.4876712328767123,0.0459600019454956,0.2211,1.0565714154924666,0.05502915209088277,0.3487267277255028,0.8919605492282563,15,G9M7C 70 Comdty,arithmetic
65,16,73.55999755859375,70.0,2.4794520547945207,0.0461800003051757,0.21739999999999998,1.0508571079799107,0.04960612449744256,0.3423240385910114,0.8918109604157037,16,G9M7C 70 Comdty,arithmetic
65,17,73.31999969482422,70.0,2.473972602739726,0.0469299983978271,0.2227,1.0474285670689174,0.04633817675990057,0.3502818703343516,0.8903830369178628,17,G9M7C 70 Comdty,arithmetic
65,18,75.44000244140625,70.0,2.4356164383561643,0.0459899997711181,0.20739999999999997,1.0777143205915178,0.07484242863806748,0.32367801369253546,0.8940317414667628,18,G9M7C 70 Comdty,arithmetic
65,19,73.16999816894531,70.0,2.421917808219178,0.0452799987792968,0.1934,1.04528568812779,0.04429023382191492,0.3009789827459627,0.8961347959627717,19,G9M7C 70 Comdty,arithmetic
66,0,69.94000244140625,71.1,2.5726027397260274,0.0422300004959106,0.2703,0.9836849851111991,-0.016449570266813412,0.43354323072112383,0.8970523880779581,0,G9M7C 71.1 Comdty,arithmetic
66,1,70.29000091552734,71.1,2.5506849315068494,0.0427099990844726,0.2464,0.9886076078133241,-0.011457782596379938,0.39352208606274963,0.8967844461565272,1,G9M7C 71.1 Comdty,arithmetic
66,2,70.0199966430664,71.1,2.547945205479452,0.0432399988174438,0.2553,0.9848100793680227,-0.015306469225172982,0.40751711855799166,0.8956790371294748,2,G9M7C 71.1 Comdty,arithmetic
66,3,71.29000091552734,71.1,2.5452054794520547,0.0439900016784668,0.2607,1.0026723054223257,0.0026687411626388387,0.41591296247672344,0.8940768072821914,3,G9M7C 71.1 Comdty,arithmetic
66,4,70.70999908447266,71.1,2.536986301369863,0.0439699983596801,0.24989999999999998,0.9945147550558743,-0.0055003441406818,0.3980387165721583,0.8944455199214986,4,G9M7C 71.1 Comdty,arithmetic
66,5,70.08000183105469,71.1,2.5342465753424657,0.0438500022888183,0.2482,0.9856540341920491,-0.01444986405299601,0.39511745089276934,0.8948253511499498,5,G9M7C 71.1 Comdty,arithmetic
66,6,70.58000183105469,71.1,2.5315068493150683,0.0449399995803833,0.2446,0.9926863829965499,-0.007340492619103311,0.38917596062548254,0.8924668429756988,6,G9M7C 71.1 Comdty,arithmetic
66,7,69.91000366210938,71.1,2.5287671232876714,0.0457000017166137,0.24789999999999998,0.9832630613517493,-0.01687858390210468,0.39421300281578875,0.8908629655047559,7,G9M7C 71.1 Comdty,arithmetic
66,8,69.45999908447266,71.1,2.526027397260274,0.0452400016784668,0.2491,0.9769338830446225,-0.02333630267390858,0.395906612829581,0.8920104031981807,8,G9M7C 71.1 Comdty,arithmetic
66,9,69.23999786376953,71.1,2.5178082191780824,0.0459899997711181,0.25170000000000003,0.9738396324018219,-0.026508637353735712,0.39938756509271167,0.890658680602142,9,G9M7C 71.1 Comdty,arithmetic
66,10,70.0999984741211,71.1,2.515068493150685,0.0459100008010864,0.2509,0.9859352809299733,-0.014164564535825047,0.3979014939018388,0.8909501543779297,10,G9M7C 71.1 Comdty,arithmetic
66,11,69.62000274658203,71.1,2.5095890410958903,0.045789999961853,0.2457,0.9791842861685237,-0.021035414974854064,0.38923013877590057,0.891442731507646,11,G9M7C 71.1 Comdty,arithmetic
66,12,70.5999984741211,71.1,2.506849315068493,0.0461899995803833,0.237,0.9929676297344739,-0.0070572139230146505,0.37524288024968866,0.8906610235831903,12,G9M7C 71.1 Comdty,arithmetic
66,13,70.98999786376953,71.1,2.4986301369863013,0.0454500007629394,0.237,0.9984528532175744,-0.0015483448498924118,0.374627222935525,0.8926481884497475,13,G9M7C 71.1 Comdty,arithmetic
66,14,73.12999725341797,71.1,2.4904109589041097,0.0457499980926513,0.2253,1.0285512975164273,0.028151304916135947,0.3555467401214064,0.8923147975407091,14,G9M7C 71.1 Comdty,arithmetic
66,15,73.95999908447266,71.1,2.4876712328767123,0.0459600019454956,0.2211,1.0402250222851288,0.03943705733104655,0.3487267277255028,0.8919605492282563,15,G9M7C 71.1 Comdty,arithmetic
66,16,73.55999755859375,71.1,2.4794520547945207,0.0461800003051757,0.21739999999999998,1.0345991217805028,0.03401402973760638,0.3423240385910114,0.8918109604157037,16,G9M7C 71.1 Comdty,arithmetic
66,17,73.31999969482422,71.1,2.473972602739726,0.0469299983978271,0.2227,1.031223624399778,0.03074608200006442,0.3502818703343516,0.8903830369178628,17,G9M7C 71.1 Comdty,arithmetic
66,18,75.44000244140625,71.1,2.4356164383561643,0.0459899997711181,0.20739999999999997,1.0610408219607068,0.05925033387823134,0.32367801369253546,0.8940317414667628,18,G9M7C 71.1 Comdty,arithmetic
66,19,73.16999816894531,71.1,2.421917808219178,0.0452799987792968,0.1934,1.0291138982974024,0.02869813906207877,0.3009789827459627,0.8961347959627717,19,G9M7C 71.1 Comdty,arithmetic
67,0,69.94000244140625,71.1,1.6575342465753424,0.0422300004959106,0.2703,0.9836849851111991,-0.016449570266813412,0.347998442958255,0.9323959904701312,0,G9N6C 71.1 Comdty,arithmetic
67,1,70.29000091552734,71.1,1.6356164383561644,0.0427099990844726,0.2464,0.9886076078133241,-0.011457782596379938,0.31512396830019185,0.9325269970858578,1,G9N6C 71.1 Comdty,arithmetic
67,2,70.0199966430664,71.1,1.632876712328767,0.0432399988174438,0.2553,0.9848100793680227,-0.015306469225172982,0.32623271650015195,0.9318293451636158,2,G9N6C 71.1 Comdty,arithmetic
67,3,71.29000091552734,71.1,1.63013698630137,0.0439900016784668,0.2607,1.0026723054223257,0.0026687411626388387,0.33285346461184623,0.9308010413707541,3,G9N6C 71.1 Comdty,arithmetic
67,4,70.70999908447266,71.1,1.621917808219178,0.0439699983596801,0.24989999999999998,0.9945147550558743,-0.0055003441406818,0.318258987842395,0.9311678542625945,4,G9N6C 71.1 Comdty,arithmetic
67,5,70.08000183105469,71.1,1.6191780821917807,0.0438500022888183,0.2482,0.9856540341920491,-0.01444986405299601,0.3158268766270534,0.9314609954933855,5,G9N6C 71.1 Comdty,arithmetic
67,6,70.58000183105469,71.1,1.6164383561643836,0.0449399995803833,0.2446,0.9926863829965499,-0.007340492619103311,0.31098255423913396,0.9299329994355935,6,G9N6C 71.1 Comdty,arithmetic
67,7,69.91000366210938,71.1,1.6136986301369862,0.0457000017166137,0.24789999999999998,0.9832630613517493,-0.01687858390210468,0.3149109353974179,0.9289075783884635,7,G9N6C 71.1 Comdty,arithmetic
67,8,69.45999908447266,71.1,1.610958904109589,0.0452400016784668,0.2491,0.9769338830446225,-0.02333630267390858,0.3161665777350799,0.9297125900775022,8,G9N6C 71.1 Comdty,arithmetic
67,9,69.23999786376953,71.1,1.6027397260273972,0.0459899997711181,0.25170000000000003,0.9738396324018219,-0.026508637353735712,0.31865058223961223,0.9289410480276921,9,G9N6C 71.1 Comdty,arithmetic
67,10,70.0999984741211,71.1,1.6,0.0459100008010864,0.2509,0.9859352809299733,-0.014164564535825047,0.31736618597449856,0.9291770274903894,10,G9N6C 71.1 Comdty,arithmetic
67,11,69.62000274658203,71.1,1.5945205479452054,0.045789999961853,0.2457,0.9791842861685237,-0.021035414974854064,0.3102560196892635,0.9295886562114541,11,G9N6C 71.1 Comdty,arithmetic
67,12,70.5999984741211,71.1,1.5917808219178082,0.0461899995803833,0.237,0.9929676297344739,-0.0070572139230146505,0.299012937824271,0.9291135164949978,12,G9N6C 71.1 Comdty,arithmetic
67,13,70.98999786376953,71.1,1.5835616438356164,0.0454500007629394,0.237,0.9984528532175744,-0.0015483448498924118,0.29823996038861517,0.9305561340864038,13,G9N6C 71.1 Comdty,arithmetic
67,14,73.12999725341797,71.1,1.5753424657534247,0.0457499980926513,0.2253,1.0285512975164273,0.028151304916135947,0.28277999459379327,0.9304639792708642,14,G9N6C 71.1 Comdty,arithmetic
67,15,73.95999908447266,71.1,1.5726027397260274,0.0459600019454956,0.2211,1.0402250222851288,0.03943705733104655,0.2772670466861906,0.9302733372680596,15,G9N6C 71.1 Comdty,arithmetic
67,16,73.55999755859375,71.1,1.5643835616438355,0.0461800003051757,0.21739999999999998,1.0345991217805028,0.03401402973760638,0.2719137451875462,0.9303045871843203,16,G9N6C 71.1 Comdty,arithmetic
67,17,73.31999969482422,71.1,1.558904109589041,0.0469299983978271,0.2227,1.031223624399778,0.03074608200006442,0.278054493575019,0.9294526937950106,17,G9N6C 71.1 Comdty,arithmetic
67,18,75.44000244140625,71.1,1.5205479452054795,0.0459899997711181,0.20739999999999997,1.0610408219607068,0.05925033387823134,0.2557459773515643,0.9324590900822797,18,G9N6C 71.1 Comdty,arithmetic
67,19,73.16999816894531,71.1,1.5068493150684932,0.0452799987792968,0.1934,1.0291138982974024,0.02869813906207877,0.23740583136714077,0.934045492144238,19,G9N6C 71.1 Comdty,arithmetic
68,0,69.94000244140625,72.67,1.6575342465753424,0.0422300004959106,0.2703,0.9624329495170806,-0.038290878086162855,0.347998442958255,0.9323959904701312,0,G9N6C 72.67 Comdty,arithmetic
68,1,70.29000091552734,72.67,1.6356164383561644,0.0427099990844726,0.2464,0.9672492213503143,-0.03329909041572932,0.31512396830019185,0.9325269970858578,1,G9N6C 72.67 Comdty,arithmetic
68,2,70.0199966430664,72.67,1.632876712328767,0.0432399988174438,0.2553,0.9635337366597826,-0.037147777044522476,0.32623271650015195,0.9318293451636158,2,G9N6C 72.67 Comdty,arithmetic
68,3,71.29000091552734,72.67,1.63013698630137,0.0439900016784668,0.2607,0.9810100580091832,-0.019172566656710684,0.33285346461184623,0.9308010413707541,3,G9N6C 72.67 Comdty,arithmetic
68,4,70.70999908447266,72.67,1.621917808219178,0.0439699983596801,0.24989999999999998,0.9730287475501948,-0.027341651960031257,0.318258987842395,0.9311678542625945,4,G9N6C 72.67 Comdty,arithmetic
68,5,70.08000183105469,72.67,1.6191780821917807,0.0438500022888183,0.2482,0.9643594582503741,-0.03629117187234547,0.3158268766270534,0.9314609954933855,5,G9N6C 72.67 Comdty,arithmetic
68,6,70.58000183105469,72.67,1.6164383561643836,0.0449399995803833,0.2446,0.9712398765798085,-0.029181800438452844,0.31098255423913396,0.9299329994355935,6,G9N6C 72.67 Comdty,arithmetic
68,7,69.91000366210938,72.67,1.6136986301369862,0.0457000017166137,0.24789999999999998,0.9620201412152108,-0.03871989172145411,0.3149109353974179,0.9289075783884635,7,G9N6C 72.67 Comdty,arithmetic
68,8,69.45999908447266,72.67,1.610958904109589,0.0452400016784668,0.2491,0.9558277017266087,-0.045177610493257976,0.3161665777350799,0.9297125900775022,8,G9N6C 72.67 Comdty,arithmetic
68,9,69.23999786376953,72.67,1.6027397260273972,0.0459899997711181,0.25170000000000003,0.9528003008637612,-0.048349945173085204,0.31865058223961223,0.9289410480276921,9,G9N6C 72.67 Comdty,arithmetic
68,10,70.0999984741211,72.67,1.6,0.0459100008010864,0.2509,0.9646346287893366,-0.03600587235517454,0.31736618597449856,0.9291770274903894,10,G9N6C 72.67 Comdty,arithmetic
68,11,69.62000274658203,72.67,1.5945205479452054,0.045789999961853,0.2457,0.9580294859857167,-0.04287672279420346,0.3102560196892635,0.9295886562114541,11,G9N6C 72.67 Comdty,arithmetic
68,12,70.5999984741211,72.67,1.5917808219178082,0.0461899995803833,0.237,0.971515047118771,-0.028898521742364097,0.299012937824271,0.9291135164949978,12,G9N6C 72.67 Comdty,arithmetic
68,13,70.98999786376953,72.67,1.5835616438356164,0.0454500007629394,0.237,0.9768817650167817,-0.023389652669241916,0.29823996038861517,0.9305561340864038,13,G9N6C 72.67 Comdty,arithmetic
68,14,73.12999725341797,72.67,1.5753424657534247,0.0457499980926513,0.2253,1.0063299470678129,0.006309997096786368,0.28277999459379327,0.9304639792708642,14,G9N6C 72.67 Comdty,arithmetic
68,15,73.95999908447266,72.67,1.5726027397260274,0.0459600019454956,0.2211,1.0177514666915186,0.017595749511697206,0.2772670466861906,0.9302733372680596,15,G9N6C 72.67 Comdty,arithmetic
68,16,73.55999755859375,72.67,1.5643835616438355,0.0461800003051757,0.21739999999999998,1.0122471110306006,0.012172721918256968,0.2719137451875462,0.9303045871843203,16,G9N6C 72.67 Comdty,arithmetic
68,17,73.31999969482422,72.67,1.558904109589041,0.0469299983978271,0.2227,1.0089445396287906,0.008904774180714954,0.278054493575019,0.9294526937950106,17,G9N6C 72.67 Comdty,arithmetic
68,18,75.44000244140625,72.67,1.5205479452054795,0.0459899997711181,0.20739999999999997,1.0381175511408594,0.03740902605888193,0.2557459773515643,0.9324590900822797,18,G9N6C 72.67 Comdty,arithmetic
68,19,73.16999816894531,72.67,1.5068493150684932,0.0452799987792968,0.1934,1.00688039313259,0.006856831242729532,0.23740583136714077,0.934045492144238,19,G9N6C 72.67 Comdty,arithmetic
69,0,69.94000244140625,73.8,1.6575342465753424,0.0422300004959106,0.2703,0.9476965100461552,-0.05372096506404504,0.347998442958255,0.9323959904701312,0,G9N6C 73.8 Comdty,arithmetic
69,1,70.29000091552734,73.8,1.6356164383561644,0.0427099990844726,0.2464,0.9524390367957635,-0.04872917739361158,0.31512396830019185,0.9325269970858578,1,G9N6C 73.8 Comdty,arithmetic
69,2,70.0199966430664,73.8,1.632876712328767,0.0432399988174438,0.2553,0.948780442317973,-0.052577864022404684,0.32623271650015195,0.9318293451636158,2,G9N6C 73.8 Comdty,arithmetic
69,3,71.29000091552734,73.8,1.63013698630137,0.0439900016784668,0.2607,0.9659891722971186,-0.03460265363459285,0.33285346461184623,0.9308010413707541,3,G9N6C 73.8 Comdty,arithmetic
69,4,70.70999908447266,73.8,1.621917808219178,0.0439699983596801,0.24989999999999998,0.9581300688952935,-0.04277173893791342,0.318258987842395,0.9311678542625945,4,G9N6C 73.8 Comdty,arithmetic
69,5,70.08000183105469,73.8,1.6191780821917807,0.0438500022888183,0.2482,0.9495935207459986,-0.051721258850227596,0.3158268766270534,0.9314609954933855,5,G9N6C 73.8 Comdty,arithmetic
69,6,70.58000183105469,73.8,1.6164383561643836,0.0449399995803833,0.2446,0.956368588496676,-0.04461188741633498,0.31098255423913396,0.9299329994355935,6,G9N6C 73.8 Comdty,arithmetic
69,7,69.91000366210938,73.8,1.6136986301369862,0.0457000017166137,0.24789999999999998,0.9472900225218073,-0.054149978699336326,0.3149109353974179,0.9289075783884635,7,G9N6C 73.8 Comdty,arithmetic
69,8,69.45999908447266,73.8,1.610958904109589,0.0452400016784668,0.2491,0.9411923995185997,-0.060607697471140226,0.3161665777350799,0.9297125900775022,8,G9N6C 73.8 Comdty,arithmetic
69,9,69.23999786376953,73.8,1.6027397260273972,0.0459899997711181,0.25170000000000003,0.9382113531676088,-0.06378003215096742,0.31865058223961223,0.9289410480276921,9,G9N6C 73.8 Comdty,arithmetic
69,10,70.0999984741211,73.8,1.6,0.0459100008010864,0.2509,0.9498644779691205,-0.05143595933305673,0.31736618597449856,0.9291770274903894,10,G9N6C 73.8 Comdty,arithmetic
69,11,69.62000274658203,73.8,1.5945205479452054,0.045789999961853,0.2457,0.9433604708208948,-0.058306809772085674,0.3102560196892635,0.9295886562114541,11,G9N6C 73.8 Comdty,arithmetic
69,12,70.5999984741211,73.8,1.5917808219178082,0.0461899995803833,0.237,0.956639545719798,-0.044328608720246306,0.299012937824271,0.9291135164949978,12,G9N6C 73.8 Comdty,arithmetic
69,13,70.98999786376953,73.8,1.5835616438356164,0.0454500007629394,0.237,0.9619240902949802,-0.03881973964712406,0.29823996038861517,0.9305561340864038,13,G9N6C 73.8 Comdty,arithmetic
69,14,73.12999725341797,73.8,1.5753424657534247,0.0457499980926513,0.2253,0.9909213719975335,-0.009120089881095767,0.28277999459379327,0.9304639792708642,14,G9N6C 73.8 Comdty,arithmetic
69,15,73.95999908447266,73.8,1.5726027397260274,0.0459600019454956,0.2211,1.0021680092746972,0.0021656625338148383,0.2772670466861906,0.9302733372680596,15,G9N6C 73.8 Comdty,arithmetic
69,16,73.55999755859375,73.8,1.5643835616438355,0.0461800003051757,0.21739999999999998,0.9967479343982893,-0.0032573650596252127,0.2719137451875462,0.9303045871843203,16,G9N6C 73.8 Comdty,arithmetic
69,17,73.31999969482422,73.8,1.558904109589041,0.0469299983978271,0.2227,0.9934959308241764,-0.006525312797167239,0.278054493575019,0.9294526937950106,17,G9N6C 73.8 Comdty,arithmetic
69,18,75.44000244140625,73.8,1.5205479452054795,0.0459899997711181,0.20739999999999997,1.0222222553036078,0.021978939080999717,0.2557459773515643,0.9324590900822797,18,G9N6C 73.8 Comdty,arithmetic
69,19,73.16999816894531,73.8,1.5068493150684932,0.0452799987792968,0.1934,0.9914633898231072,-0.008573255735152822,0.23740583136714077,0.934045492144238,19,G9N6C 73.8 Comdty,arithmetic
70,0,69.94000244140625,74.4,1.6575342465753424,0.0422300004959106,0.2703,0.9400537962554603,-0.06181817529666454,0.347998442958255,0.9323959904701312,0,G9N6C 74.4 Comdty,arithmetic
70,1,70.29000091552734,74.4,1.6356164383561644,0.0427099990844726,0.2464,0.9447580768216041,-0.05682638762623097,0.31512396830019185,0.9325269970858578,1,G9N6C 74.4 Comdty,arithmetic
70,2,70.0199966430664,74.4,1.632876712328767,0.0432399988174438,0.2553,0.9411289871379893,-0.06067507425502408,0.32623271650015195,0.9318293451636158,2,G9N6C 74.4 Comdty,arithmetic
70,3,71.29000091552734,74.4,1.63013698630137,0.0439900016784668,0.2607,0.9581989370366578,-0.042699863867212334,0.33285346461184623,0.9308010413707541,3,G9N6C 74.4 Comdty,arithmetic
70,4,70.70999908447266,74.4,1.621917808219178,0.0439699983596801,0.24989999999999998,0.9504032135009765,-0.05086894917053297,0.318258987842395,0.9311678542625945,4,G9N6C 74.4 Comdty,arithmetic
70,5,70.08000183105469,74.4,1.6191780821917807,0.0438500022888183,0.2482,0.9419355084819178,-0.059818469082847145,0.3158268766270534,0.9314609954933855,5,G9N6C 74.4 Comdty,arithmetic
70,6,70.58000183105469,74.4,1.6164383561643836,0.0449399995803833,0.2446,0.9486559385894446,-0.05270909764895452,0.31098255423913396,0.9299329994355935,6,G9N6C 74.4 Comdty,arithmetic
70,7,69.91000366210938,74.4,1.6136986301369862,0.0457000017166137,0.24789999999999998,0.9396505868563088,-0.06224718893195577,0.3149109353974179,0.9289075783884635,7,G9N6C 74.4 Comdty,arithmetic
70,8,69.45999908447266,74.4,1.610958904109589,0.0452400016784668,0.2491,0.9336021382321593,-0.06870490770375964,0.3161665777350799,0.9297125900775022,8,G9N6C 74.4 Comdty,arithmetic
70,9,69.23999786376953,74.4,1.6027397260273972,0.0459899997711181,0.25170000000000003,0.9306451325775474,-0.07187724238358684,0.31865058223961223,0.9289410480276921,9,G9N6C 74.4 Comdty,arithmetic
70,10,70.0999984741211,74.4,1.6,0.0459100008010864,0.2509,0.9422042805661437,-0.05953316956567618,0.31736618597449856,0.9291770274903894,10,G9N6C 74.4 Comdty,arithmetic
70,11,69.62000274658203,74.4,1.5945205479452054,0.045789999961853,0.2457,0.9357527250884681,-0.06640402000470522,0.3102560196892635,0.9295886562114541,11,G9N6C 74.4 Comdty,arithmetic
70,12,70.5999984741211,74.4,1.5917808219178082,0.0461899995803833,0.237,0.9489247106736706,-0.052425818952865744,0.299012937824271,0.9291135164949978,12,G9N6C 74.4 Comdty,arithmetic
70,13,70.98999786376953,74.4,1.5835616438356164,0.0454500007629394,0.237,0.9541666379538914,-0.046916949879743604,0.29823996038861517,0.9305561340864038,13,G9N6C 74.4 Comdty,arithmetic
70,14,73.12999725341797,74.4,1.5753424657534247,0.0457499980926513,0.2253,0.9829300706104565,-0.0172173001137153,0.28277999459379327,0.9304639792708642,14,G9N6C 74.4 Comdty,arithmetic
70,15,73.95999908447266,74.4,1.5726027397260274,0.0459600019454956,0.2211,0.9940860091999012,-0.005931547698804567,0.2772670466861906,0.9302733372680596,15,G9N6C 74.4 Comdty,arithmetic
70,16,73.55999755859375,74.4,1.5643835616438355,0.0461800003051757,0.21739999999999998,0.9887096446047546,-0.011354575292244706,0.2719137451875462,0.9303045871843203,16,G9N6C 74.4 Comdty,arithmetic
70,17,73.31999969482422,74.4,1.558904109589041,0.0469299983978271,0.2227,0.9854838668659168,-0.014622523029786718,0.278054493575019,0.9294526937950106,17,G9N6C 74.4 Comdty,arithmetic
70,18,75.44000244140625,74.4,1.5205479452054795,0.0459899997711181,0.20739999999999997,1.013978527438256,0.013881728848380258,0.2557459773515643,0.9324590900822797,18,G9N6C 74.4 Comdty,arithmetic
70,19,73.16999816894531,74.4,1.5068493150684932,0.0452799987792968,0.1934,0.9834677173245336,-0.01667046596777233,0.23740583136714077,0.934045492144238,19,G9N6C 74.4 Comdty,arithmetic
71,0,69.94000244140625,75.8,1.6575342465753424,0.0422300004959106,0.2703,0.9226913250845152,-0.08046052610594417,0.347998442958255,0.9323959904701312,0,G9N6C 75.8 Comdty,arithmetic
71,1,70.29000091552734,75.8,1.6356164383561644,0.0427099990844726,0.2464,0.9273087192022077,-0.07546873843551075,0.31512396830019185,0.9325269970858578,1,G9N6C 75.8 Comdty,arithmetic
71,2,70.0199966430664,75.8,1.632876712328767,0.0432399988174438,0.2553,0.9237466575602429,-0.0793174250643038,0.32623271650015195,0.9318293451636158,2,G9N6C 75.8 Comdty,arithmetic
71,3,71.29000091552734,75.8,1.63013698630137,0.0439900016784668,0.2607,0.9405013313394109,-0.061342214676492014,0.33285346461184623,0.9308010413707541,3,G9N6C 75.8 Comdty,arithmetic
71,4,70.70999908447266,75.8,1.621917808219178,0.0439699983596801,0.24989999999999998,0.9328495921434388,-0.06951129997981262,0.318258987842395,0.9311678542625945,4,G9N6C 75.8 Comdty,arithmetic
71,5,70.08000183105469,75.8,1.6191780821917807,0.0438500022888183,0.2482,0.9245382827315922,-0.07846081989212682,0.3158268766270534,0.9314609954933855,5,G9N6C 75.8 Comdty,arithmetic
71,6,70.58000183105469,75.8,1.6164383561643836,0.0449399995803833,0.2446,0.9311345888001938,-0.07135144845823413,0.31098255423913396,0.9299329994355935,6,G9N6C 75.8 Comdty,arithmetic
71,7,69.91000366210938,75.8,1.6136986301369862,0.0457000017166137,0.24789999999999998,0.922295562824662,-0.08088953974123549,0.3149109353974179,0.9289075783884635,7,G9N6C 75.8 Comdty,arithmetic
71,8,69.45999908447266,75.8,1.610958904109589,0.0452400016784668,0.2491,0.9163588269719348,-0.08734725851303933,0.3161665777350799,0.9297125900775022,8,G9N6C 75.8 Comdty,arithmetic
71,9,69.23999786376953,75.8,1.6027397260273972,0.0459899997711181,0.25170000000000003,0.9134564361974873,-0.09051959319286652,0.31865058223961223,0.9289410480276921,9,G9N6C 75.8 Comdty,arithmetic
71,10,70.0999984741211,75.8,1.6,0.0459100008010864,0.2509,0.9248020906876134,-0.07817552037495587,0.31736618597449856,0.9291770274903894,10,G9N6C 75.8 Comdty,arithmetic
71,11,69.62000274658203,75.8,1.5945205479452054,0.045789999961853,0.2457,0.9184696932266759,-0.08504637081398485,0.3102560196892635,0.9295886562114541,11,G9N6C 75.8 Comdty,arithmetic
71,12,70.5999984741211,75.8,1.5917808219178082,0.0461899995803833,0.237,0.9313983967562149,-0.0710681697621455,0.299012937824271,0.9291135164949978,12,G9N6C 75.8 Comdty,arithmetic
71,13,70.98999786376953,75.8,1.5835616438356164,0.0454500007629394,0.237,0.9365435074375928,-0.0655593006890232,0.29823996038861517,0.9305561340864038,13,G9N6C 75.8 Comdty,arithmetic
71,14,73.12999725341797,75.8,1.5753424657534247,0.0457499980926513,0.2253,0.9647756893590761,-0.035859650922994986,0.28277999459379327,0.9304639792708642,14,G9N6C 75.8 Comdty,arithmetic
71,15,73.95999908447266,75.8,1.5726027397260274,0.0459600019454956,0.2211,0.9757255815893491,-0.02457389850808421,0.2772670466861906,0.9302733372680596,15,G9N6C 75.8 Comdty,arithmetic
71,16,73.55999755859375,75.8,1.5643835616438355,0.0461800003051757,0.21739999999999998,0.9704485166041392,-0.029996926101524386,0.2719137451875462,0.9303045871843203,16,G9N6C 75.8 Comdty,arithmetic
71,17,73.31999969482422,75.8,1.558904109589041,0.0469299983978271,0.2227,0.9672823178736705,-0.03326487383906637,0.278054493575019,0.9294526937950106,17,G9N6C 75.8 Comdty,arithmetic
71,18,75.44000244140625,75.8,1.5205479452054795,0.0459899997711181,0.20739999999999997,0.9952506918391326,-0.004760621960899464,0.2557459773515643,0.9324590900822797,18,G9N6C 75.8 Comdty,arithmetic
71,19,73.16999816894531,75.8,1.5068493150684932,0.0452799987792968,0.1934,0.9653034059227614,-0.03531281677705194,0.23740583136714077,0.934045492144238,19,G9N6C 75.8 Comdty,arithmetic
72,0,69.94000244140625,76.55,1.6575342465753424,0.0422300004959106,0.2703,0.9136512402535109,-0.09030635556131095,0.347998442958255,0.9323959904701312,0,G9N6C 76.55 Comdty,arithmetic
72,1,70.29000091552734,76.55,1.6356164383561644,0.0427099990844726,0.2464,0.9182233953693971,-0.08531456789087745,0.31512396830019185,0.9325269970858578,1,G9N6C 76.55 Comdty,arithmetic
72,2,70.0199966430664,76.55,1.632876712328767,0.0432399988174438,0.2553,0.9146962330903515,-0.08916325451967058,0.32623271650015195,0.9318293451636158,2,G9N6C 76.55 Comdty,arithmetic
72,3,71.29000091552734,76.55,1.63013698630137,0.0439900016784668,0.2607,0.9312867526522187,-0.07118804413185889,0.33285346461184623,0.9308010413707541,3,G9N6C 76.55 Comdty,arithmetic
72,4,70.70999908447266,76.55,1.621917808219178,0.0439699983596801,0.24989999999999998,0.9237099815084606,-0.07935712943517938,0.318258987842395,0.9311678542625945,4,G9N6C 76.55 Comdty,arithmetic
72,5,70.08000183105469,76.55,1.6191780821917807,0.0438500022888183,0.2482,0.9154801022998653,-0.0883066493474936,0.3158268766270534,0.9314609954933855,5,G9N6C 76.55 Comdty,arithmetic
72,6,70.58000183105469,76.55,1.6164383561643836,0.0449399995803833,0.2446,0.9220117809412761,-0.08119727791360101,0.31098255423913396,0.9299329994355935,6,G9N6C 76.55 Comdty,arithmetic
72,7,69.91000366210938,76.55,1.6136986301369862,0.0457000017166137,0.24789999999999998,0.9132593554815073,-0.0907353691966022,0.3149109353974179,0.9289075783884635,7,G9N6C 76.55 Comdty,arithmetic
72,8,69.45999908447266,76.55,1.610958904109589,0.0452400016784668,0.2491,0.9073807849049335,-0.09719308796840617,0.3161665777350799,0.9297125900775022,8,G9N6C 76.55 Comdty,arithmetic
72,9,69.23999786376953,76.55,1.6027397260273972,0.0459899997711181,0.25170000000000003,0.9045068303562317,-0.10036542264823331,0.31865058223961223,0.9289410480276921,9,G9N6C 76.55 Comdty,arithmetic
72,10,70.0999984741211,76.55,1.6,0.0459100008010864,0.2509,0.9157413255926988,-0.0880213498303227,0.31736618597449856,0.9291770274903894,10,G9N6C 76.55 Comdty,arithmetic
72,11,69.62000274658203,76.55,1.5945205479452054,0.045789999961853,0.2457,0.9094709699096282,-0.09489220026935162,0.3102560196892635,0.9295886562114541,11,G9N6C 76.55 Comdty,arithmetic
72,12,70.5999984741211,76.55,1.5917808219178082,0.0461899995803833,0.237,0.9222730042341097,-0.08091399921751218,0.299012937824271,0.9291135164949978,12,G9N6C 76.55 Comdty,arithmetic
72,13,70.98999786376953,76.55,1.5835616438356164,0.0454500007629394,0.237,0.9273677056011697,-0.07540513014438999,0.29823996038861517,0.9305561340864038,13,G9N6C 76.55 Comdty,arithmetic
72,14,73.12999725341797,76.55,1.5753424657534247,0.0457499980926513,0.2253,0.9553232822131675,-0.045705480378361675,0.28277999459379327,0.9304639792708642,14,G9N6C 76.55 Comdty,arithmetic
72,15,73.95999908447266,76.55,1.5726027397260274,0.0459600019454956,0.2211,0.9661658926776311,-0.034419727963451004,0.2772670466861906,0.9302733372680596,15,G9N6C 76.55 Comdty,arithmetic
72,16,73.55999755859375,76.55,1.5643835616438355,0.0461800003051757,0.21739999999999998,0.9609405298314011,-0.03984275555689115,0.2719137451875462,0.9303045871843203,16,G9N6C 76.55 Comdty,arithmetic
72,17,73.31999969482422,76.55,1.558904109589041,0.0469299983978271,0.2227,0.9578053519898657,-0.04311070329443318,0.278054493575019,0.9294526937950106,17,G9N6C 76.55 Comdty,arithmetic
72,18,75.44000244140625,76.55,1.5205479452054795,0.0459899997711181,0.20739999999999997,0.9854997053090301,-0.014606451416266245,0.2557459773515643,0.9324590900822797,18,G9N6C 76.55 Comdty,arithmetic
72,19,73.16999816894531,76.55,1.5068493150684932,0.0452799987792968,0.1934,0.9558458284643412,-0.045158646232418706,0.23740583136714077,0.934045492144238,19,G9N6C 76.55 Comdty,arithmetic
73,0,69.94000244140625,78.45,1.6575342465753424,0.0422300004959106,0.2703,0.8915232943455226,-0.1148237126366599,0.347998442958255,0.9323959904701312,0,G9N6C 78.45 Comdty,arithmetic
73,1,70.29000091552734,78.45,1.6356164383561644,0.0427099990844726,0.2464,0.8959847153030891,-0.10983192496622643,0.31512396830019185,0.9325269970858578,1,G9N6C 78.45 Comdty,arithmetic
73,2,70.0199966430664,78.45,1.632876712328767,0.0432399988174438,0.2553,0.8925429782417642,-0.11368061159501953,0.32623271650015195,0.9318293451636158,2,G9N6C 78.45 Comdty,arithmetic
73,3,71.29000091552734,78.45,1.63013698630137,0.0439900016784668,0.2607,0.908731687897098,-0.09570540120720777,0.33285346461184623,0.9308010413707541,3,G9N6C 78.45 Comdty,arithmetic
73,4,70.70999908447266,78.45,1.621917808219178,0.0439699983596801,0.24989999999999998,0.9013384204521689,-0.10387448651052832,0.318258987842395,0.9311678542625945,4,G9N6C 78.45 Comdty,arithmetic
73,5,70.08000183105469,78.45,1.6191780821917807,0.0438500022888183,0.2482,0.8933078627285492,-0.11282400642284249,0.3158268766270534,0.9314609954933855,5,G9N6C 78.45 Comdty,arithmetic
73,6,70.58000183105469,78.45,1.6164383561643836,0.0449399995803833,0.2446,0.8996813490255536,-0.10571463498894991,0.31098255423913396,0.9299329994355935,6,G9N6C 78.45 Comdty,arithmetic
73,7,69.91000366210938,78.45,1.6136986301369862,0.0457000017166137,0.24789999999999998,0.8911409007279716,-0.1152527262719512,0.3149109353974179,0.9289075783884635,7,G9N6C 78.45 Comdty,arithmetic
73,8,69.45999908447266,78.45,1.610958904109589,0.0452400016784668,0.2491,0.8854047047096578,-0.12171044504375501,0.3161665777350799,0.9297125900775022,8,G9N6C 78.45 Comdty,arithmetic
73,9,69.23999786376953,78.45,1.6027397260273972,0.0459899997711181,0.25170000000000003,0.8826003551787065,-0.12488277972358232,0.31865058223961223,0.9289410480276921,9,G9N6C 78.45 Comdty,arithmetic
73,10,70.0999984741211,78.45,1.6,0.0459100008010864,0.2509,0.8935627593896889,-0.11253870690567158,0.31736618597449856,0.9291770274903894,10,G9N6C 78.45 Comdty,arithmetic
73,11,69.62000274658203,78.45,1.5945205479452054,0.045789999961853,0.2457,0.887444267005507,-0.11940955734470059,0.3102560196892635,0.9295886562114541,11,G9N6C 78.45 Comdty,arithmetic
73,12,70.5999984741211,78.45,1.5917808219178082,0.0461899995803833,0.237,0.8999362456866933,-0.1054313562928612,0.299012937824271,0.9291135164949978,12,G9N6C 78.45 Comdty,arithmetic
73,13,70.98999786376953,78.45,1.5835616438356164,0.0454500007629394,0.237,0.9049075572182221,-0.09992248721973898,0.29823996038861517,0.9305561340864038,13,G9N6C 78.45 Comdty,arithmetic
73,14,73.12999725341797,78.45,1.5753424657534247,0.0457499980926513,0.2253,0.9321860707892666,-0.07022283745371062,0.28277999459379327,0.9304639792708642,14,G9N6C 78.45 Comdty,arithmetic
73,15,73.95999908447266,78.45,1.5726027397260274,0.0459600019454956,0.2211,0.9427660813826979,-0.05893708503879996,0.2772670466861906,0.9302733372680596,15,G9N6C 78.45 Comdty,arithmetic
73,16,73.55999755859375,78.45,1.5643835616438355,0.0461800003051757,0.21739999999999998,0.9376672728947578,-0.06436011263224004,0.2719137451875462,0.9303045871843203,16,G9N6C 78.45 Comdty,arithmetic
73,17,73.31999969482422,78.45,1.558904109589041,0.0469299983978271,0.2227,0.9346080267026668,-0.0676280603697821,0.278054493575019,0.9294526937950106,17,G9N6C 78.45 Comdty,arithmetic
73,18,75.44000244140625,78.45,1.5205479452054795,0.0459899997711181,0.20739999999999997,0.9616316436125717,-0.039123808491615134,0.2557459773515643,0.9324590900822797,18,G9N6C 78.45 Comdty,arithmetic
73,19,73.16999816894531,78.45,1.5068493150684932,0.0452799987792968,0.1934,0.932695961363229,-0.06967600330776762,0.23740583136714077,0.934045492144238,19,G9N6C 78.45 Comdty,arithmetic
74,0,69.94000244140625,71.1,2.654794520547945,0.0422300004959106,0.2703,0.9836849851111991,-0.016449570266813412,0.4404143914448991,0.8939441534654599,0,G9N7C 71.1 Comdty,arithmetic
74,1,70.29000091552734,71.1,2.632876712328767,0.0427099990844726,0.2464,0.9886076078133241,-0.011457782596379938,0.3998121290313088,0.8936418833469367,1,G9N7C 71.1 Comdty,arithmetic
74,2,70.0199966430664,71.1,2.6301369863013697,0.0432399988174438,0.2553,0.9848100793680227,-0.015306469225172982,0.4140378064929331,0.8925014682984365,2,G9N7C 71.1 Comdty,arithmetic
74,3,71.29000091552734,71.1,2.627397260273973,0.0439900016784668,0.2607,1.0026723054223257,0.0026687411626388387,0.42257509962362644,0.8908500053118775,3,G9N7C 71.1 Comdty,arithmetic
74,4,70.70999908447266,71.1,2.6191780821917807,0.0439699983596801,0.24989999999999998,0.9945147550558743,-0.0055003441406818,0.40443503486302657,0.8912188524939753,4,G9N7C 71.1 Comdty,arithmetic
74,5,70.08000183105469,71.1,2.6164383561643834,0.0438500022888183,0.2482,0.9856540341920491,-0.01444986405299601,0.40147363549802373,0.8916061070922341,5,G9N7C 71.1 Comdty,arithmetic
74,6,70.58000183105469,71.1,2.6136986301369864,0.0449399995803833,0.2446,0.9926863829965499,-0.007340492619103311,0.3954432873804366,0.8891764201073491,6,G9N7C 71.1 Comdty,arithmetic
74,7,69.91000366210938,71.1,2.610958904109589,0.0457000017166137,0.24789999999999998,0.9832630613517493,-0.01687858390210468,0.40056827006928714,0.8875230142674586,7,G9N7C 71.1 Comdty,arithmetic
74,8,69.45999908447266,71.1,2.6082191780821917,0.0452400016784668,0.2491,0.9769338830446225,-0.02333630267390858,0.4022960510091222,0.888699749602998,8,G9N7C 71.1 Comdty,arithmetic
74,9,69.23999786376953,71.1,2.6,0.0459899997711181,0.25170000000000003,0.9738396324018219,-0.026508637353735712,0.40585405504934907,0.8872983458400396,9,G9N7C 71.1 Comdty,arithmetic
74,10,70.0999984741211,71.1,2.5972602739726027,0.0459100008010864,0.2509,0.9859352809299733,-0.014164564535825047,0.4043508847862179,0.8875945560685364,10,G9N7C 71.1 Comdty,arithmetic
74,11,69.62000274658203,71.1,2.591780821917808,0.045789999961853,0.2457,0.9791842861685237,-0.021035414974854064,0.39555264457482386,0.8880940372996816,11,G9N7C 71.1 Comdty,arithmetic
74,12,70.5999984741211,71.1,2.589041095890411,0.0461899995803833,0.237,0.9929676297344739,-0.0070572139230146505,0.38134479059647386,0.887286094350527,12,G9N7C 71.1 Comdty,arithmetic
74,13,70.98999786376953,71.1,2.580821917808219,0.0454500007629394,0.237,0.9984528532175744,-0.0015483448498924118,0.3807390002368681,0.8893198177761051,13,G9N7C 71.1 Comdty,arithmetic
74,14,73.12999725341797,71.1,2.5726027397260274,0.0457499980926513,0.2253,1.0285512975164273,0.028151304916135947,0.36136622227698556,0.8889657501857716,14,G9N7C 71.1 Comdty,arithmetic
74,15,73.95999908447266,71.1,2.56986301369863,0.0459600019454956,0.2211,1.0402250222851288,0.03943705733104655,0.3544408174799996,0.8885974935926789,15,G9N7C 71.1 Comdty,arithmetic
74,16,73.55999755859375,71.1,2.5616438356164384,0.0461800003051757,0.21739999999999998,1.0345991217805028,0.03401402973760638,0.34795166016017104,0.8884324039604808,16,G9N7C 71.1 Comdty,arithmetic
74,17,73.31999969482422,71.1,2.5561643835616437,0.0469299983978271,0.2227,1.031223624399778,0.03074608200006442,0.3560529650071896,0.8869552131722047,17,G9N7C 71.1 Comdty,arithmetic
74,18,75.44000244140625,71.1,2.5178082191780824,0.0459899997711181,0.20739999999999997,1.0610408219607068,0.05925033387823134,0.329094084228162,0.890658680602142,18,G9N7C 71.1 Comdty,arithmetic
74,19,73.16999816894531,71.1,2.504109589041096,0.0452799987792968,0.1934,1.0291138982974024,0.02869813906207877,0.3060434826299589,0.892805899838385,19,G9N7C 71.1 Comdty,arithmetic
75,0,69.94000244140625,70.0,1.7424657534246577,0.0422300004959106,0.2703,0.9991428920200893,-0.0008574755069772188,0.35680273219053427,0.9290577953866586,0,G9Q6C 70 Comdty,arithmetic
75,1,70.29000091552734,70.0,1.7205479452054795,0.0427099990844726,0.2464,1.0041428702218191,0.004134312163456184,0.3232020398687831,0.9291504535163303,1,G9Q6C 70 Comdty,arithmetic
75,2,70.0199966430664,70.0,1.717808219178082,0.0432399988174438,0.2553,1.00028566632952,0.0002856255346631448,0.3346094121693662,0.9284135354428018,2,G9Q6C 70 Comdty,arithmetic
75,3,71.29000091552734,70.0,1.715068493150685,0.0439900016784668,0.2607,1.0184285845075334,0.018260835922474787,0.341414345703362,0.9273299293534435,3,G9Q6C 70 Comdty,arithmetic
75,4,70.70999908447266,70.0,1.7068493150684931,0.0439699983596801,0.24989999999999998,1.010142844063895,0.010091750619154342,0.32648546184251537,0.9276969504131019,4,G9Q6C 70 Comdty,arithmetic
75,5,70.08000183105469,70.0,1.704109589041096,0.0438500022888183,0.2482,1.0011428833007812,0.0011422307068400424,0.3240041234305514,0.9279984565666124,5,G9Q6C 70 Comdty,arithmetic
75,6,70.58000183105469,70.0,1.7013698630136986,0.0449399995803833,0.2446,1.0082857404436385,0.008251602140732874,0.31904784868954167,0.9263903758967,6,G9Q6C 70 Comdty,arithmetic
75,7,69.91000366210938,70.0,1.6986301369863013,0.0457000017166137,0.24789999999999998,0.9987143380301339,-0.0012864891422685824,0.3230918025526372,0.925309132340594,7,G9Q6C 70 Comdty,arithmetic
75,8,69.45999908447266,70.0,1.695890410958904,0.0452400016784668,0.2491,0.9922857012067522,-0.007744207914072442,0.3243938557852674,0.9261472080093837,8,G9Q6C 70 Comdty,arithmetic
75,9,69.23999786376953,70.0,1.6876712328767125,0.0459899997711181,0.25170000000000003,0.989142826625279,-0.010916542593899663,0.32698447971211536,0.9253196814452692,9,G9Q6C 70 Comdty,arithmetic
75,10,70.0999984741211,70.0,1.6849315068493151,0.0459100008010864,0.2509,1.0014285496303013,0.0014275302240109727,0.32568052313683876,0.9255610296111034,10,G9Q6C 70 Comdty,arithmetic
75,11,69.62000274658203,70.0,1.6794520547945206,0.045789999961853,0.2457,0.9945714678083147,-0.005443320215017923,0.31841165898148655,0.9259804938404211,11,G9Q6C 70 Comdty,arithmetic
75,12,70.5999984741211,70.0,1.6767123287671233,0.0461899995803833,0.237,1.0085714067731584,0.008534880836821392,0.3068863874376323,0.9254757570360517,12,G9Q6C 70 Comdty,arithmetic
75,13,70.98999786376953,70.0,1.6684931506849314,0.0454500007629394,0.237,1.014142826625279,0.01404374990994367,0.3061332908731455,0.9269709839123568,13,G9Q6C 70 Comdty,arithmetic
75,14,73.12999725341797,70.0,1.6602739726027398,0.0457499980926513,0.2253,1.0447142464773995,0.04374339967597198,0.2903026976691271,0.9268555682786677,14,G9Q6C 70 Comdty,arithmetic
75,15,73.95999908447266,70.0,1.6575342465753424,0.0459600019454956,0.2211,1.0565714154924666,0.05502915209088277,0.28465577409570914,0.9266491377910224,15,G9Q6C 70 Comdty,arithmetic
75,16,73.55999755859375,70.0,1.6493150684931508,0.0461800003051757,0.21739999999999998,1.0508571079799107,0.04960612449744256,0.27919738939785116,0.9266629512960581,16,G9Q6C 70 Comdty,arithmetic
75,17,73.31999969482422,70.0,1.643835616438356,0.0469299983978271,0.2227,1.0474285670689174,0.04633817675990057,0.28552846462233683,0.9257554215251036,17,G9Q6C 70 Comdty,arithmetic
75,18,75.44000244140625,70.0,1.6054794520547946,0.0459899997711181,0.20739999999999997,1.0777143205915178,0.07484242863806748,0.26279138744462016,0.9288240088298473,18,G9Q6C 70 Comdty,arithmetic
75,19,73.16999816894531,70.0,1.5917808219178082,0.0452799987792968,0.1934,1.04528568812779,0.04429023382191492,0.24400465052832918,0.9304603329107698,19,G9Q6C 70 Comdty,arithmetic
76,0,69.94000244140625,71.85,1.7424657534246577,0.0422300004959106,0.2703,0.9734168746194329,-0.026942845982652106,0.35680273219053427,0.9290577953866586,0,G9Q6C 71.85 Comdty,arithmetic
76,1,70.29000091552734,71.85,1.7205479452054795,0.0427099990844726,0.2464,0.9782881129509722,-0.0219510583122186,0.3232020398687831,0.9291504535163303,1,G9Q6C 71.85 Comdty,arithmetic
76,2,70.0199966430664,71.85,1.717808219178082,0.0432399988174438,0.2553,0.9745302246773335,-0.0257997449410117,0.3346094121693662,0.9284135354428018,2,G9Q6C 71.85 Comdty,arithmetic
76,3,71.29000091552734,71.85,1.715068493150685,0.0439900016784668,0.2607,0.9922059974325309,-0.007824534553200027,0.341414345703362,0.9273299293534435,3,G9Q6C 71.85 Comdty,arithmetic
76,4,70.70999908447266,71.85,1.7068493150684931,0.0439699983596801,0.24989999999999998,0.9841335989488192,-0.01599361985652052,0.32648546184251537,0.9276969504131019,4,G9Q6C 71.85 Comdty,arithmetic
76,5,70.08000183105469,71.85,1.704109589041096,0.0438500022888183,0.2482,0.9753653699520486,-0.02494313976883476,0.3240041234305514,0.9279984565666124,5,G9Q6C 71.85 Comdty,arithmetic
76,6,70.58000183105469,71.85,1.7013698630136986,0.0449399995803833,0.2446,0.982324312192828,-0.017833768334942105,0.31904784868954167,0.9263903758967,6,G9Q6C 71.85 Comdty,arithmetic
76,7,69.91000366210938,71.85,1.6986301369863013,0.0457000017166137,0.24789999999999998,0.9729993550745912,-0.0273718596179434,0.3230918025526372,0.925309132340594,7,G9Q6C 71.85 Comdty,arithmetic
76,8,69.45999908447266,71.85,1.695890410958904,0.0452400016784668,0.2491,0.9667362433468707,-0.0338295783897473,0.3243938557852674,0.9261472080093837,8,G9Q6C 71.85 Comdty,arithmetic
76,9,69.23999786376953,71.85,1.6876712328767125,0.0459899997711181,0.25170000000000003,0.9636742917713227,-0.0370019130695745,0.32698447971211536,0.9253196814452692,9,G9Q6C 71.85 Comdty,arithmetic
76,10,70.0999984741211,71.85,1.6849315068493151,0.0459100008010864,0.2509,0.9756436809202659,-0.024657840251663756,0.32568052313683876,0.9255610296111034,10,G9Q6C 71.85 Comdty,arithmetic
76,11,69.62000274658203,71.85,1.6794520547945206,0.045789999961853,0.2457,0.9689631558327354,-0.031528690690692765,0.31841165898148655,0.9259804938404211,11,G9Q6C 71.85 Comdty,arithmetic
76,12,70.5999984741211,71.85,1.6767123287671233,0.0461899995803833,0.237,0.9826026231610452,-0.017550489638853403,0.3068863874376323,0.9254757570360517,12,G9Q6C 71.85 Comdty,arithmetic
76,13,70.98999786376953,71.85,1.6684931506849314,0.0454500007629394,0.237,0.9880305896140507,-0.012041620565731128,0.3061332908731455,0.9269709839123568,13,G9Q6C 71.85 Comdty,arithmetic
76,14,73.12999725341797,71.85,1.6602739726027398,0.0457499980926513,0.2253,1.017814853909784,0.017658029200297215,0.2903026976691271,0.9268555682786677,14,G9Q6C 71.85 Comdty,arithmetic
76,15,73.95999908447266,71.85,1.6575342465753424,0.0459600019454956,0.2211,1.0293667235138853,0.02894378161520777,0.28465577409570914,0.9266491377910224,15,G9Q6C 71.85 Comdty,arithmetic
76,16,73.55999755859375,71.85,1.6493150684931508,0.0461800003051757,0.21739999999999998,1.0237995484842555,0.02352075402176769,0.27919738939785116,0.9266629512960581,16,G9Q6C 71.85 Comdty,arithmetic
76,17,73.31999969482422,71.85,1.643835616438356,0.0469299983978271,0.2227,1.0204592859404902,0.020252806284225634,0.28552846462233683,0.9257554215251036,17,G9Q6C 71.85 Comdty,arithmetic
76,18,75.44000244140625,71.85,1.6054794520547946,0.0459899997711181,0.20739999999999997,1.0499652392680063,0.04875705816239262,0.26279138744462016,0.9288240088298473,18,G9Q6C 71.85 Comdty,arithmetic
76,19,73.16999816894531,71.85,1.5917808219178082,0.0452799987792968,0.1934,1.01837158203125,0.018204863346240052,0.24400465052832918,0.9304603329107698,19,G9Q6C 71.85 Comdty,arithmetic
77,0,69.94000244140625,72.67,1.7424657534246577,0.0422300004959106,0.2703,0.9624329495170806,-0.038290878086162855,0.35680273219053427,0.9290577953866586,0,G9Q6C 72.67 Comdty,arithmetic
77,1,70.29000091552734,72.67,1.7205479452054795,0.0427099990844726,0.2464,0.9672492213503143,-0.03329909041572932,0.3232020398687831,0.9291504535163303,1,G9Q6C 72.67 Comdty,arithmetic
77,2,70.0199966430664,72.67,1.717808219178082,0.0432399988174438,0.2553,0.9635337366597826,-0.037147777044522476,0.3346094121693662,0.9284135354428018,2,G9Q6C 72.67 Comdty,arithmetic
77,3,71.29000091552734,72.67,1.715068493150685,0.0439900016784668,0.2607,0.9810100580091832,-0.019172566656710684,0.341414345703362,0.9273299293534435,3,G9Q6C 72.67 Comdty,arithmetic
77,4,70.70999908447266,72.67,1.7068493150684931,0.0439699983596801,0.24989999999999998,0.9730287475501948,-0.027341651960031257,0.32648546184251537,0.9276969504131019,4,G9Q6C 72.67 Comdty,arithmetic
77,5,70.08000183105469,72.67,1.704109589041096,0.0438500022888183,0.2482,0.9643594582503741,-0.03629117187234547,0.3240041234305514,0.9279984565666124,5,G9Q6C 72.67 Comdty,arithmetic
77,6,70.58000183105469,72.67,1.7013698630136986,0.0449399995803833,0.2446,0.9712398765798085,-0.029181800438452844,0.31904784868954167,0.9263903758967,6,G9Q6C 72.67 Comdty,arithmetic
77,7,69.91000366210938,72.67,1.6986301369863013,0.0457000017166137,0.24789999999999998,0.9620201412152108,-0.03871989172145411,0.3230918025526372,0.925309132340594,7,G9Q6C 72.67 Comdty,arithmetic
77,8,69.45999908447266,72.67,1.695890410958904,0.0452400016784668,0.2491,0.9558277017266087,-0.045177610493257976,0.3243938557852674,0.9261472080093837,8,G9Q6C 72.67 Comdty,arithmetic
77,9,69.23999786376953,72.67,1.6876712328767125,0.0459899997711181,0.25170000000000003,0.9528003008637612,-0.048349945173085204,0.32698447971211536,0.9253196814452692,9,G9Q6C 72.67 Comdty,arithmetic
77,10,70.0999984741211,72.67,1.6849315068493151,0.0459100008010864,0.2509,0.9646346287893366,-0.03600587235517454,0.32568052313683876,0.9255610296111034,10,G9Q6C 72.67 Comdty,arithmetic
77,11,69.62000274658203,72.67,1.6794520547945206,0.045789999961853,0.2457,0.9580294859857167,-0.04287672279420346,0.31841165898148655,0.9259804938404211,11,G9Q6C 72.67 Comdty,arithmetic
77,12,70.5999984741211,72.67,1.6767123287671233,0.0461899995803833,0.237,0.971515047118771,-0.028898521742364097,0.3068863874376323,0.9254757570360517,12,G9Q6C 72.67 Comdty,arithmetic
77,13,70.98999786376953,72.67,1.6684931506849314,0.0454500007629394,0.237,0.9768817650167817,-0.023389652669241916,0.3061332908731455,0.9269709839123568,13,G9Q6C 72.67 Comdty,arithmetic
77,14,73.12999725341797,72.67,1.6602739726027398,0.0457499980926513,0.2253,1.0063299470678129,0.006309997096786368,0.2903026976691271,0.9268555682786677,14,G9Q6C 72.67 Comdty,arithmetic
77,15,73.95999908447266,72.67,1.6575342465753424,0.0459600019454956,0.2211,1.0177514666915186,0.017595749511697206,0.28465577409570914,0.9266491377910224,15,G9Q6C 72.67 Comdty,arithmetic
77,16,73.55999755859375,72.67,1.6493150684931508,0.0461800003051757,0.21739999999999998,1.0122471110306006,0.012172721918256968,0.27919738939785116,0.9266629512960581,16,G9Q6C 72.67 Comdty,arithmetic
77,17,73.31999969482422,72.67,1.643835616438356,0.0469299983978271,0.2227,1.0089445396287906,0.008904774180714954,0.28552846462233683,0.9257554215251036,17,G9Q6C 72.67 Comdty,arithmetic
77,18,75.44000244140625,72.67,1.6054794520547946,0.0459899997711181,0.20739999999999997,1.0381175511408594,0.03740902605888193,0.26279138744462016,0.9288240088298473,18,G9Q6C 72.67 Comdty,arithmetic
77,19,73.16999816894531,72.67,1.5917808219178082,0.0452799987792968,0.1934,1.00688039313259,0.006856831242729532,0.24400465052832918,0.9304603329107698,19,G9Q6C 72.67 Comdty,arithmetic
78,0,69.94000244140625,72.75,1.7424657534246577,0.0422300004959106,0.2703,0.9613746040055842,-0.039391139509220185,0.35680273219053427,0.9290577953866586,0,G9Q6C 72.75 Comdty,arithmetic
78,1,70.29000091552734,72.75,1.7205479452054795,0.0427099990844726,0.2464,0.9661855795948776,-0.03439935183878663,0.3232020398687831,0.9291504535163303,1,G9Q6C 72.75 Comdty,arithmetic
78,2,70.0199966430664,72.75,1.717808219178082,0.0432399988174438,0.2553,0.9624741806607067,-0.03824803846757971,0.3346094121693662,0.9284135354428018,2,G9Q6C 72.75 Comdty,arithmetic
78,3,71.29000091552734,72.75,1.715068493150685,0.0439900016784668,0.2607,0.9799312840622315,-0.020272828079768032,0.341414345703362,0.9273299293534435,3,G9Q6C 72.75 Comdty,arithmetic
78,4,70.70999908447266,72.75,1.7068493150684931,0.0439699983596801,0.24989999999999998,0.9719587503020296,-0.028441913383088605,0.32648546184251537,0.9276969504131019,4,G9Q6C 72.75 Comdty,arithmetic
78,5,70.08000183105469,72.75,1.704109589041096,0.0438500022888183,0.2482,0.9632989942413015,-0.03739143329540282,0.3240041234305514,0.9279984565666124,5,G9Q6C 72.75 Comdty,arithmetic
78,6,70.58000183105469,72.75,1.7013698630136986,0.0449399995803833,0.2446,0.9701718464749786,-0.0302820618615101,0.31904784868954167,0.9263903758967,6,G9Q6C 72.75 Comdty,arithmetic
78,7,69.91000366210938,72.75,1.6986301369863013,0.0457000017166137,0.24789999999999998,0.960962249650988,-0.03982015314451143,0.3230918025526372,0.925309132340594,7,G9Q6C 72.75 Comdty,arithmetic
78,8,69.45999908447266,72.75,1.695890410958904,0.0452400016784668,0.2491,0.9547766197178372,-0.04627787191631528,0.3243938557852674,0.9261472080093837,8,G9Q6C 72.75 Comdty,arithmetic
78,9,69.23999786376953,72.75,1.6876712328767125,0.0459899997711181,0.25170000000000003,0.9517525479555949,-0.04945020659614251,0.32698447971211536,0.9253196814452692,9,G9Q6C 72.75 Comdty,arithmetic
78,10,70.0999984741211,72.75,1.6849315068493151,0.0459100008010864,0.2509,0.9635738621872315,-0.03710613377823187,0.32568052313683876,0.9255610296111034,10,G9Q6C 72.75 Comdty,arithmetic
78,11,69.62000274658203,72.75,1.6794520547945206,0.045789999961853,0.2457,0.956975982770887,-0.04397698421726084,0.31841165898148655,0.9259804938404211,11,G9Q6C 72.75 Comdty,arithmetic
78,12,70.5999984741211,72.75,1.6767123287671233,0.0461899995803833,0.237,0.9704467144209085,-0.02999878316542145,0.3068863874376323,0.9254757570360517,12,G9Q6C 72.75 Comdty,arithmetic
78,13,70.98999786376953,72.75,1.6684931506849314,0.0454500007629394,0.237,0.9758075307734644,-0.024489914092299173,0.3061332908731455,0.9269709839123568,13,G9Q6C 72.75 Comdty,arithmetic
78,14,73.12999725341797,72.75,1.6602739726027398,0.0457499980926513,0.2253,1.0052233299438895,0.005209735673729024,0.2903026976691271,0.9268555682786677,14,G9Q6C 72.75 Comdty,arithmetic
78,15,73.95999908447266,72.75,1.6575342465753424,0.0459600019454956,0.2211,1.01663228982093,0.016495488088639737,0.28465577409570914,0.9266491377910224,15,G9Q6C 72.75 Comdty,arithmetic
78,16,73.55999755859375,72.75,1.6493150684931508,0.0461800003051757,0.21739999999999998,1.0111339870597078,0.011072460495199558,0.27919738939785116,0.9266629512960581,16,G9Q6C 72.75 Comdty,arithmetic
78,17,73.31999969482422,72.75,1.643835616438356,0.0469299983978271,0.2227,1.0078350473515356,0.007804512757657631,0.28552846462233683,0.9257554215251036,17,G9Q6C 72.75 Comdty,arithmetic
78,18,75.44000244140625,72.75,1.6054794520547946,0.0459899997711181,0.20739999999999997,1.0369759785760309,0.036308764635824504,0.26279138744462016,0.9288240088298473,18,G9Q6C 72.75 Comdty,arithmetic
78,19,73.16999816894531,72.75,1.5917808219178082,0.0452799987792968,0.1934,1.005773170707152,0.005756569819672028,0.24400465052832918,0.9304603329107698,19,G9Q6C 72.75 Comdty,arithmetic
79,0,69.94000244140625,73.8,1.7424657534246577,0.0422300004959106,0.2703,0.9476965100461552,-0.05372096506404504,0.35680273219053427,0.9290577953866586,0,G9Q6C 73.8 Comdty,arithmetic
79,1,70.29000091552734,73.8,1.7205479452054795,0.0427099990844726,0.2464,0.9524390367957635,-0.04872917739361158,0.3232020398687831,0.9291504535163303,1,G9Q6C 73.8 Comdty,arithmetic
79,2,70.0199966430664,73.8,1.717808219178082,0.0432399988174438,0.2553,0.948780442317973,-0.052577864022404684,0.3346094121693662,0.9284135354428018,2,G9Q6C 73.8 Comdty,arithmetic
79,3,71.29000091552734,73.8,1.715068493150685,0.0439900016784668,0.2607,0.9659891722971186,-0.03460265363459285,0.341414345703362,0.9273299293534435,3,G9Q6C 73.8 Comdty,arithmetic
79,4,70.70999908447266,73.8,1.7068493150684931,0.0439699983596801,0.24989999999999998,0.9581300688952935,-0.04277173893791342,0.32648546184251537,0.9276969504131019,4,G9Q6C 73.8 Comdty,arithmetic
79,5,70.08000183105469,73.8,1.704109589041096,0.0438500022888183,0.2482,0.9495935207459986,-0.051721258850227596,0.3240041234305514,0.9279984565666124,5,G9Q6C 73.8 Comdty,arithmetic
79,6,70.58000183105469,73.8,1.7013698630136986,0.0449399995803833,0.2446,0.956368588496676,-0.04461188741633498,0.31904784868954167,0.9263903758967,6,G9Q6C 73.8 Comdty,arithmetic
79,7,69.91000366210938,73.8,1.6986301369863013,0.0457000017166137,0.24789999999999998,0.9472900225218073,-0.054149978699336326,0.3230918025526372,0.925309132340594,7,G9Q6C 73.8 Comdty,arithmetic
79,8,69.45999908447266,73.8,1.695890410958904,0.0452400016784668,0.2491,0.9411923995185997,-0.060607697471140226,0.3243938557852674,0.9261472080093837,8,G9Q6C 73.8 Comdty,arithmetic
79,9,69.23999786376953,73.8,1.6876712328767125,0.0459899997711181,0.25170000000000003,0.9382113531676088,-0.06378003215096742,0.32698447971211536,0.9253196814452692,9,G9Q6C 73.8 Comdty,arithmetic
79,10,70.0999984741211,73.8,1.6849315068493151,0.0459100008010864,0.2509,0.9498644779691205,-0.05143595933305673,0.32568052313683876,0.9255610296111034,10,G9Q6C 73.8 Comdty,arithmetic
79,11,69.62000274658203,73.8,1.6794520547945206,0.045789999961853,0.2457,0.9433604708208948,-0.058306809772085674,0.31841165898148655,0.9259804938404211,11,G9Q6C 73.8 Comdty,arithmetic
79,12,70.5999984741211,73.8,1.6767123287671233,0.0461899995803833,0.237,0.956639545719798,-0.044328608720246306,0.3068863874376323,0.9254757570360517,12,G9Q6C 73.8 Comdty,arithmetic
79,13,70.98999786376953,73.8,1.6684931506849314,0.0454500007629394,0.237,0.9619240902949802,-0.03881973964712406,0.3061332908731455,0.9269709839123568,13,G9Q6C 73.8 Comdty,arithmetic
79,14,73.12999725341797,73.8,1.6602739726027398,0.0457499980926513,0.2253,0.9909213719975335,-0.009120089881095767,0.2903026976691271,0.9268555682786677,14,G9Q6C 73.8 Comdty,arithmetic
79,15,73.95999908447266,73.8,1.6575342465753424,0.0459600019454956,0.2211,1.0021680092746972,0.0021656625338148383,0.28465577409570914,0.9266491377910224,15,G9Q6C 73.8 Comdty,arithmetic
79,16,73.55999755859375,73.8,1.6493150684931508,0.0461800003051757,0.21739999999999998,0.9967479343982893,-0.0032573650596252127,0.27919738939785116,0.9266629512960581,16,G9Q6C 73.8 Comdty,arithmetic
79,17,73.31999969482422,73.8,1.643835616438356,0.0469299983978271,0.2227,0.9934959308241764,-0.006525312797167239,0.28552846462233683,0.9257554215251036,17,G9Q6C 73.8 Comdty,arithmetic
79,18,75.44000244140625,73.8,1.6054794520547946,0.0459899997711181,0.20739999999999997,1.0222222553036078,0.021978939080999717,0.26279138744462016,0.9288240088298473,18,G9Q6C 73.8 Comdty,arithmetic
79,19,73.16999816894531,73.8,1.5917808219178082,0.0452799987792968,0.1934,0.9914633898231072,-0.008573255735152822,0.24400465052832918,0.9304603329107698,19,G9Q6C 73.8 Comdty,arithmetic
80,0,69.94000244140625,74.4,1.7424657534246577,0.0422300004959106,0.2703,0.9400537962554603,-0.06181817529666454,0.35680273219053427,0.9290577953866586,0,G9Q6C 74.4 Comdty,arithmetic
80,1,70.29000091552734,74.4,1.7205479452054795,0.0427099990844726,0.2464,0.9447580768216041,-0.05682638762623097,0.3232020398687831,0.9291504535163303,1,G9Q6C 74.4 Comdty,arithmetic
80,2,70.0199966430664,74.4,1.717808219178082,0.0432399988174438,0.2553,0.9411289871379893,-0.06067507425502408,0.3346094121693662,0.9284135354428018,2,G9Q6C 74.4 Comdty,arithmetic
80,3,71.29000091552734,74.4,1.715068493150685,0.0439900016784668,0.2607,0.9581989370366578,-0.042699863867212334,0.341414345703362,0.9273299293534435,3,G9Q6C 74.4 Comdty,arithmetic
80,4,70.70999908447266,74.4,1.7068493150684931,0.0439699983596801,0.24989999999999998,0.9504032135009765,-0.05086894917053297,0.32648546184251537,0.9276969504131019,4,G9Q6C 74.4 Comdty,arithmetic
80,5,70.08000183105469,74.4,1.704109589041096,0.0438500022888183,0.2482,0.9419355084819178,-0.059818469082847145,0.3240041234305514,0.9279984565666124,5,G9Q6C 74.4 Comdty,arithmetic
80,6,70.58000183105469,74.4,1.7013698630136986,0.0449399995803833,0.2446,0.9486559385894446,-0.05270909764895452,0.31904784868954167,0.9263903758967,6,G9Q6C 74.4 Comdty,arithmetic
80,7,69.91000366210938,74.4,1.6986301369863013,0.0457000017166137,0.24789999999999998,0.9396505868563088,-0.06224718893195577,0.3230918025526372,0.925309132340594,7,G9Q6C 74.4 Comdty,arithmetic
80,8,69.45999908447266,74.4,1.695890410958904,0.0452400016784668,0.2491,0.9336021382321593,-0.06870490770375964,0.3243938557852674,0.9261472080093837,8,G9Q6C 74.4 Comdty,arithmetic
80,9,69.23999786376953,74.4,1.6876712328767125,0.0459899997711181,0.25170000000000003,0.9306451325775474,-0.07187724238358684,0.32698447971211536,0.9253196814452692,9,G9Q6C 74.4 Comdty,arithmetic
80,10,70.0999984741211,74.4,1.6849315068493151,0.0459100008010864,0.2509,0.9422042805661437,-0.05953316956567618,0.32568052313683876,0.9255610296111034,10,G9Q6C 74.4 Comdty,arithmetic
80,11,69.62000274658203,74.4,1.6794520547945206,0.045789999961853,0.2457,0.9357527250884681,-0.06640402000470522,0.31841165898148655,0.9259804938404211,11,G9Q6C 74.4 Comdty,arithmetic
80,12,70.5999984741211,74.4,1.6767123287671233,0.0461899995803833,0.237,0.9489247106736706,-0.052425818952865744,0.3068863874376323,0.9254757570360517,12,G9Q6C 74.4 Comdty,arithmetic
80,13,70.98999786376953,74.4,1.6684931506849314,0.0454500007629394,0.237,0.9541666379538914,-0.046916949879743604,0.3061332908731455,0.9269709839123568,13,G9Q6C 74.4 Comdty,arithmetic
80,14,73.12999725341797,74.4,1.6602739726027398,0.0457499980926513,0.2253,0.9829300706104565,-0.0172173001137153,0.2903026976691271,0.9268555682786677,14,G9Q6C 74.4 Comdty,arithmetic
80,15,73.95999908447266,74.4,1.6575342465753424,0.0459600019454956,0.2211,0.9940860091999012,-0.005931547698804567,0.28465577409570914,0.9266491377910224,15,G9Q6C 74.4 Comdty,arithmetic
80,16,73.55999755859375,74.4,1.6493150684931508,0.0461800003051757,0.21739999999999998,0.9887096446047546,-0.011354575292244706,0.27919738939785116,0.9266629512960581,16,G9Q6C 74.4 Comdty,arithmetic
80,17,73.31999969482422,74.4,1.643835616438356,0.0469299983978271,0.2227,0.9854838668659168,-0.014622523029786718,0.28552846462233683,0.9257554215251036,17,G9Q6C 74.4 Comdty,arithmetic
80,18,75.44000244140625,74.4,1.6054794520547946,0.0459899997711181,0.20739999999999997,1.013978527438256,0.013881728848380258,0.26279138744462016,0.9288240088298473,18,G9Q6C 74.4 Comdty,arithmetic
80,19,73.16999816894531,74.4,1.5917808219178082,0.0452799987792968,0.1934,0.9834677173245336,-0.01667046596777233,0.24400465052832918,0.9304603329107698,19,G9Q6C 74.4 Comdty,arithmetic
81,0,69.94000244140625,76.5,1.7424657534246577,0.0422300004959106,0.2703,0.9142483979268791,-0.08965297429010845,0.35680273219053427,0.9290577953866586,0,G9Q6C 76.5 Comdty,arithmetic
81,1,70.29000091552734,76.5,1.7205479452054795,0.0427099990844726,0.2464,0.9188235413794424,-0.08466118661967488,0.3232020398687831,0.9291504535163303,1,G9Q6C 76.5 Comdty,arithmetic
81,2,70.0199966430664,76.5,1.717808219178082,0.0432399988174438,0.2553,0.9152940737655739,-0.08850987324846804,0.3346094121693662,0.9284135354428018,2,G9Q6C 76.5 Comdty,arithmetic
81,3,71.29000091552734,76.5,1.715068493150685,0.0439900016784668,0.2607,0.931895436804279,-0.0705346628606563,0.341414345703362,0.9273299293534435,3,G9Q6C 76.5 Comdty,arithmetic
81,4,70.70999908447266,76.5,1.7068493150684931,0.0439699983596801,0.24989999999999998,0.9243137135225183,-0.07870374816397688,0.32648546184251537,0.9276969504131019,4,G9Q6C 76.5 Comdty,arithmetic
81,5,70.08000183105469,76.5,1.704109589041096,0.0438500022888183,0.2482,0.9160784553079044,-0.08765326807629101,0.3240041234305514,0.9279984565666124,5,G9Q6C 76.5 Comdty,arithmetic
81,6,70.58000183105469,76.5,1.7013698630136986,0.0449399995803833,0.2446,0.9226144030203227,-0.08054389664239839,0.31904784868954167,0.9263903758967,6,G9Q6C 76.5 Comdty,arithmetic
81,7,69.91000366210938,76.5,1.6986301369863013,0.0457000017166137,0.24789999999999998,0.9138562570210376,-0.09008198792539972,0.3230918025526372,0.925309132340594,7,G9Q6C 76.5 Comdty,arithmetic
81,8,69.45999908447266,76.5,1.695890410958904,0.0452400016784668,0.2491,0.9079738442414726,-0.09653970669720355,0.3243938557852674,0.9261472080093837,8,G9Q6C 76.5 Comdty,arithmetic
81,9,69.23999786376953,76.5,1.6876712328767125,0.0459899997711181,0.25170000000000003,0.905098011291105,-0.09971204137703076,0.32698447971211536,0.9253196814452692,9,G9Q6C 76.5 Comdty,arithmetic
81,10,70.0999984741211,76.5,1.6849315068493151,0.0459100008010864,0.2509,0.9163398493349163,-0.08736796855912006,0.32568052313683876,0.9255610296111034,10,G9Q6C 76.5 Comdty,arithmetic
81,11,69.62000274658203,76.5,1.6794520547945206,0.045789999961853,0.2457,0.9100653953801573,-0.09423881899814907,0.31841165898148655,0.9259804938404211,11,G9Q6C 76.5 Comdty,arithmetic
81,12,70.5999984741211,76.5,1.6767123287671233,0.0461899995803833,0.237,0.9228757970473346,-0.08026061794630965,0.3068863874376323,0.9254757570360517,12,G9Q6C 76.5 Comdty,arithmetic
81,13,70.98999786376953,76.5,1.6684931506849314,0.0454500007629394,0.237,0.9279738282845691,-0.07475174887318742,0.3061332908731455,0.9269709839123568,13,G9Q6C 76.5 Comdty,arithmetic
81,14,73.12999725341797,76.5,1.6602739726027398,0.0457499980926513,0.2253,0.9559476765152676,-0.04505209910715914,0.2903026976691271,0.9268555682786677,14,G9Q6C 76.5 Comdty,arithmetic
81,15,73.95999908447266,76.5,1.6575342465753424,0.0459600019454956,0.2211,0.9667973736532374,-0.033766346692248414,0.28465577409570914,0.9266491377910224,15,G9Q6C 76.5 Comdty,arithmetic
81,16,73.55999755859375,76.5,1.6493150684931508,0.0461800003051757,0.21739999999999998,0.9615685955371732,-0.03918937428568859,0.27919738939785116,0.9266629512960581,16,G9Q6C 76.5 Comdty,arithmetic
81,17,73.31999969482422,76.5,1.643835616438356,0.0469299983978271,0.2227,0.9584313685597937,-0.04245732202323059,0.28552846462233683,0.9257554215251036,17,G9Q6C 76.5 Comdty,arithmetic
81,18,75.44000244140625,76.5,1.6054794520547946,0.0459899997711181,0.20739999999999997,0.9861438227634803,-0.01395307014506373,0.26279138744462016,0.9288240088298473,18,G9Q6C 76.5 Comdty,arithmetic
81,19,73.16999816894531,76.5,1.5917808219178082,0.0452799987792968,0.1934,0.9564705642999387,-0.04450526496121618,0.24400465052832918,0.9304603329107698,19,G9Q6C 76.5 Comdty,arithmetic
82,0,69.94000244140625,76.55,1.7424657534246577,0.0422300004959106,0.2703,0.9136512402535109,-0.09030635556131095,0.35680273219053427,0.9290577953866586,0,G9Q6C 76.55 Comdty,arithmetic
82,1,70.29000091552734,76.55,1.7205479452054795,0.0427099990844726,0.2464,0.9182233953693971,-0.08531456789087745,0.3232020398687831,0.9291504535163303,1,G9Q6C 76.55 Comdty,arithmetic
82,2,70.0199966430664,76.55,1.717808219178082,0.0432399988174438,0.2553,0.9146962330903515,-0.08916325451967058,0.3346094121693662,0.9284135354428018,2,G9Q6C 76.55 Comdty,arithmetic
82,3,71.29000091552734,76.55,1.715068493150685,0.0439900016784668,0.2607,0.9312867526522187,-0.07118804413185889,0.341414345703362,0.9273299293534435,3,G9Q6C 76.55 Comdty,arithmetic
82,4,70.70999908447266,76.55,1.7068493150684931,0.0439699983596801,0.24989999999999998,0.9237099815084606,-0.07935712943517938,0.32648546184251537,0.9276969504131019,4,G9Q6C 76.55 Comdty,arithmetic
82,5,70.08000183105469,76.55,1.704109589041096,0.0438500022888183,0.2482,0.9154801022998653,-0.0883066493474936,0.3240041234305514,0.9279984565666124,5,G9Q6C 76.55 Comdty,arithmetic
82,6,70.58000183105469,76.55,1.7013698630136986,0.0449399995803833,0.2446,0.9220117809412761,-0.08119727791360101,0.31904784868954167,0.9263903758967,6,G9Q6C 76.55 Comdty,arithmetic
82,7,69.91000366210938,76.55,1.6986301369863013,0.0457000017166137,0.24789999999999998,0.9132593554815073,-0.0907353691966022,0.3230918025526372,0.925309132340594,7,G9Q6C 76.55 Comdty,arithmetic
82,8,69.45999908447266,76.55,1.695890410958904,0.0452400016784668,0.2491,0.9073807849049335,-0.09719308796840617,0.3243938557852674,0.9261472080093837,8,G9Q6C 76.55 Comdty,arithmetic
82,9,69.23999786376953,76.55,1.6876712328767125,0.0459899997711181,0.25170000000000003,0.9045068303562317,-0.10036542264823331,0.32698447971211536,0.9253196814452692,9,G9Q6C 76.55 Comdty,arithmetic
82,10,70.0999984741211,76.55,1.6849315068493151,0.0459100008010864,0.2509,0.9157413255926988,-0.0880213498303227,0.32568052313683876,0.9255610296111034,10,G9Q6C 76.55 Comdty,arithmetic
82,11,69.62000274658203,76.55,1.6794520547945206,0.045789999961853,0.2457,0.9094709699096282,-0.09489220026935162,0.31841165898148655,0.9259804938404211,11,G9Q6C 76.55 Comdty,arithmetic
82,12,70.5999984741211,76.55,1.6767123287671233,0.0461899995803833,0.237,0.9222730042341097,-0.08091399921751218,0.3068863874376323,0.9254757570360517,12,G9Q6C 76.55 Comdty,arithmetic
82,13,70.98999786376953,76.55,1.6684931506849314,0.0454500007629394,0.237,0.9273677056011697,-0.07540513014438999,0.3061332908731455,0.9269709839123568,13,G9Q6C 76.55 Comdty,arithmetic
82,14,73.12999725341797,76.55,1.6602739726027398,0.0457499980926513,0.2253,0.9553232822131675,-0.045705480378361675,0.2903026976691271,0.9268555682786677,14,G9Q6C 76.55 Comdty,arithmetic
82,15,73.95999908447266,76.55,1.6575342465753424,0.0459600019454956,0.2211,0.9661658926776311,-0.034419727963451004,0.28465577409570914,0.9266491377910224,15,G9Q6C 76.55 Comdty,arithmetic
82,16,73.55999755859375,76.55,1.6493150684931508,0.0461800003051757,0.21739999999999998,0.9609405298314011,-0.03984275555689115,0.27919738939785116,0.9266629512960581,16,G9Q6C 76.55 Comdty,arithmetic
82,17,73.31999969482422,76.55,1.643835616438356,0.0469299983978271,0.2227,0.9578053519898657,-0.04311070329443318,0.28552846462233683,0.9257554215251036,17,G9Q6C 76.55 Comdty,arithmetic
82,18,75.44000244140625,76.55,1.6054794520547946,0.0459899997711181,0.20739999999999997,0.9854997053090301,-0.014606451416266245,0.26279138744462016,0.9288240088298473,18,G9Q6C 76.55 Comdty,arithmetic
82,19,73.16999816894531,76.55,1.5917808219178082,0.0452799987792968,0.1934,0.9558458284643412,-0.045158646232418706,0.24400465052832918,0.9304603329107698,19,G9Q6C 76.55 Comdty,arithmetic
83,0,69.94000244140625,77.0,1.7424657534246577,0.0422300004959106,0.2703,0.908311720018263,-0.09616765531130211,0.35680273219053427,0.9290577953866586,0,G9Q6C 77 Comdty,arithmetic
83,1,70.29000091552734,77.0,1.7205479452054795,0.0427099990844726,0.2464,0.9128571547471084,-0.0911758676408686,0.3232020398687831,0.9291504535163303,1,G9Q6C 77 Comdty,arithmetic
83,2,70.0199966430664,77.0,1.717808219178082,0.0432399988174438,0.2553,0.9093506057541092,-0.09502455426966169,0.3346094121693662,0.9284135354428018,2,G9Q6C 77 Comdty,arithmetic
83,3,71.29000091552734,77.0,1.715068493150685,0.0439900016784668,0.2607,0.9258441677341214,-0.07704934388184995,0.341414345703362,0.9273299293534435,3,G9Q6C 77 Comdty,arithmetic
83,4,70.70999908447266,77.0,1.7068493150684931,0.0439699983596801,0.24989999999999998,0.9183116764217228,-0.08521842918517049,0.32648546184251537,0.9276969504131019,4,G9Q6C 77 Comdty,arithmetic
83,5,70.08000183105469,77.0,1.704109589041096,0.0438500022888183,0.2482,0.9101298939098011,-0.09416794909748472,0.3240041234305514,0.9279984565666124,5,G9Q6C 77 Comdty,arithmetic
83,6,70.58000183105469,77.0,1.7013698630136986,0.0449399995803833,0.2446,0.9166234004033076,-0.08705857766359214,0.31904784868954167,0.9263903758967,6,G9Q6C 77 Comdty,arithmetic
83,7,69.91000366210938,77.0,1.6986301369863013,0.0457000017166137,0.24789999999999998,0.90792212548194,-0.09659666894659337,0.3230918025526372,0.925309132340594,7,G9Q6C 77 Comdty,arithmetic
83,8,69.45999908447266,77.0,1.695890410958904,0.0452400016784668,0.2491,0.9020779101879566,-0.10305438771839726,0.3243938557852674,0.9261472080093837,8,G9Q6C 77 Comdty,arithmetic
83,9,69.23999786376953,77.0,1.6876712328767125,0.0459899997711181,0.25170000000000003,0.8992207514775263,-0.1062267223982245,0.32698447971211536,0.9253196814452692,9,G9Q6C 77 Comdty,arithmetic
83,10,70.0999984741211,77.0,1.6849315068493151,0.0459100008010864,0.2509,0.9103895905730012,-0.09388264958031385,0.32568052313683876,0.9255610296111034,10,G9Q6C 77 Comdty,arithmetic
83,11,69.62000274658203,77.0,1.6794520547945206,0.045789999961853,0.2457,0.9041558798257406,-0.10075350001934281,0.31841165898148655,0.9259804938404211,11,G9Q6C 77 Comdty,arithmetic
83,12,70.5999984741211,77.0,1.6767123287671233,0.0461899995803833,0.237,0.9168830970665077,-0.08677529896750334,0.3068863874376323,0.9254757570360517,12,G9Q6C 77 Comdty,arithmetic
83,13,70.98999786376953,77.0,1.6684931506849314,0.0454500007629394,0.237,0.9219480242047992,-0.08126642989438111,0.3061332908731455,0.9269709839123568,13,G9Q6C 77 Comdty,arithmetic
83,14,73.12999725341797,77.0,1.6602739726027398,0.0457499980926513,0.2253,0.9497402240703632,-0.0515667801283529,0.2903026976691271,0.9268555682786677,14,G9Q6C 77 Comdty,arithmetic
83,15,73.95999908447266,77.0,1.6575342465753424,0.0459600019454956,0.2211,0.960519468629515,-0.04028102771344218,0.28465577409570914,0.9266491377910224,15,G9Q6C 77 Comdty,arithmetic
83,16,73.55999755859375,77.0,1.6493150684931508,0.0461800003051757,0.21739999999999998,0.9553246436181007,-0.04570405530688229,0.27919738939785116,0.9266629512960581,16,G9Q6C 77 Comdty,arithmetic
83,17,73.31999969482422,77.0,1.643835616438356,0.0469299983978271,0.2227,0.9522077882444704,-0.04897200304442428,0.28552846462233683,0.9257554215251036,17,G9Q6C 77 Comdty,arithmetic
83,18,75.44000244140625,77.0,1.6054794520547946,0.0459899997711181,0.20739999999999997,0.9797402914468344,-0.0204677511662574,0.26279138744462016,0.9288240088298473,18,G9Q6C 77 Comdty,arithmetic
83,19,73.16999816894531,77.0,1.5917808219178082,0.0452799987792968,0.1934,0.9502597164798092,-0.051019945982409894,0.24400465052832918,0.9304603329107698,19,G9Q6C 77 Comdty,arithmetic
84,0,69.94000244140625,78.0,1.7424657534246577,0.0422300004959106,0.2703,0.8966666979667468,-0.10907106014720999,0.35680273219053427,0.9290577953866586,0,G9Q6C 78 Comdty,arithmetic
84,1,70.29000091552734,78.0,1.7205479452054795,0.0427099990844726,0.2464,0.9011538578913763,-0.10407927247677645,0.3232020398687831,0.9291504535163303,1,G9Q6C 78 Comdty,arithmetic
84,2,70.0199966430664,78.0,1.717808219178082,0.0432399988174438,0.2553,0.8976922646546975,-0.10792795910556958,0.3346094121693662,0.9284135354428018,2,G9Q6C 78 Comdty,arithmetic
84,3,71.29000091552734,78.0,1.715068493150685,0.0439900016784668,0.2607,0.913974370711889,-0.08995274871775785,0.341414345703362,0.9273299293534435,3,G9Q6C 78 Comdty,arithmetic
84,4,70.70999908447266,78.0,1.7068493150684931,0.0439699983596801,0.24989999999999998,0.9065384498009315,-0.09812183402107845,0.32648546184251537,0.9276969504131019,4,G9Q6C 78 Comdty,arithmetic
84,5,70.08000183105469,78.0,1.704109589041096,0.0438500022888183,0.2482,0.8984615619365985,-0.10707135393339264,0.3240041234305514,0.9279984565666124,5,G9Q6C 78 Comdty,arithmetic
84,6,70.58000183105469,78.0,1.7013698630136986,0.0449399995803833,0.2446,0.9048718183468549,-0.09996198249950003,0.31904784868954167,0.9263903758967,6,G9Q6C 78 Comdty,arithmetic
84,7,69.91000366210938,78.0,1.6986301369863013,0.0457000017166137,0.24789999999999998,0.8962820982321714,-0.10950007378250133,0.3230918025526372,0.925309132340594,7,G9Q6C 78 Comdty,arithmetic
84,8,69.45999908447266,78.0,1.695890410958904,0.0452400016784668,0.2491,0.8905128087752905,-0.11595779255430512,0.3243938557852674,0.9261472080093837,8,G9Q6C 78 Comdty,arithmetic
84,9,69.23999786376953,78.0,1.6876712328767125,0.0459899997711181,0.25170000000000003,0.8876922803047376,-0.11913012723413237,0.32698447971211536,0.9253196814452692,9,G9Q6C 78 Comdty,arithmetic
84,10,70.0999984741211,78.0,1.6849315068493151,0.0459100008010864,0.2509,0.8987179291553986,-0.10678605441622173,0.32568052313683876,0.9255610296111034,10,G9Q6C 78 Comdty,arithmetic
84,11,69.62000274658203,78.0,1.6794520547945206,0.045789999961853,0.2457,0.8925641377766927,-0.11365690485525064,0.31841165898148655,0.9259804938404211,11,G9Q6C 78 Comdty,arithmetic
84,12,70.5999984741211,78.0,1.6767123287671233,0.0461899995803833,0.237,0.905128185565655,-0.0996787038034113,0.3068863874376323,0.9254757570360517,12,G9Q6C 78 Comdty,arithmetic
84,13,70.98999786376953,78.0,1.6684931506849314,0.0454500007629394,0.237,0.910128177740635,-0.09416983473028903,0.3061332908731455,0.9269709839123568,13,G9Q6C 78 Comdty,arithmetic
84,14,73.12999725341797,78.0,1.6602739726027398,0.0457499980926513,0.2253,0.9375640673515124,-0.06447018496426073,0.2903026976691271,0.9268555682786677,14,G9Q6C 78 Comdty,arithmetic
84,15,73.95999908447266,78.0,1.6575342465753424,0.0459600019454956,0.2211,0.9482051164675982,-0.053184432549349986,0.28465577409570914,0.9266491377910224,15,G9Q6C 78 Comdty,arithmetic
84,16,73.55999755859375,78.0,1.6493150684931508,0.0461800003051757,0.21739999999999998,0.943076891776843,-0.05860746014279019,0.27919738939785116,0.9266629512960581,16,G9Q6C 78 Comdty,arithmetic
84,17,73.31999969482422,78.0,1.643835616438356,0.0469299983978271,0.2227,0.93999999608749,-0.061875407880332196,0.28552846462233683,0.9257554215251036,17,G9Q6C 78 Comdty,arithmetic
84,18,75.44000244140625,78.0,1.6054794520547946,0.0459899997711181,0.20739999999999997,0.9671795184795673,-0.033371156002165274,0.26279138744462016,0.9288240088298473,18,G9Q6C 78 Comdty,arithmetic
84,19,73.16999816894531,78.0,1.5917808219178082,0.0452799987792968,0.1934,0.938076899601863,-0.06392335081831771,0.24400465052832918,0.9304603329107698,19,G9Q6C 78 Comdty,arithmetic
85,0,69.94000244140625,78.45,1.7424657534246577,0.0422300004959106,0.2703,0.8915232943455226,-0.1148237126366599,0.35680273219053427,0.9290577953866586,0,G9Q6C 78.45 Comdty,arithmetic
85,1,70.29000091552734,78.45,1.7205479452054795,0.0427099990844726,0.2464,0.8959847153030891,-0.10983192496622643,0.3232020398687831,0.9291504535163303,1,G9Q6C 78.45 Comdty,arithmetic
85,2,70.0199966430664,78.45,1.717808219178082,0.0432399988174438,0.2553,0.8925429782417642,-0.11368061159501953,0.3346094121693662,0.9284135354428018,2,G9Q6C 78.45 Comdty,arithmetic
85,3,71.29000091552734,78.45,1.715068493150685,0.0439900016784668,0.2607,0.908731687897098,-0.09570540120720777,0.341414345703362,0.9273299293534435,3,G9Q6C 78.45 Comdty,arithmetic
85,4,70.70999908447266,78.45,1.7068493150684931,0.0439699983596801,0.24989999999999998,0.9013384204521689,-0.10387448651052832,0.32648546184251537,0.9276969504131019,4,G9Q6C 78.45 Comdty,arithmetic
85,5,70.08000183105469,78.45,1.704109589041096,0.0438500022888183,0.2482,0.8933078627285492,-0.11282400642284249,0.3240041234305514,0.9279984565666124,5,G9Q6C 78.45 Comdty,arithmetic
85,6,70.58000183105469,78.45,1.7013698630136986,0.0449399995803833,0.2446,0.8996813490255536,-0.10571463498894991,0.31904784868954167,0.9263903758967,6,G9Q6C 78.45 Comdty,arithmetic
85,7,69.91000366210938,78.45,1.6986301369863013,0.0457000017166137,0.24789999999999998,0.8911409007279716,-0.1152527262719512,0.3230918025526372,0.925309132340594,7,G9Q6C 78.45 Comdty,arithmetic
85,8,69.45999908447266,78.45,1.695890410958904,0.0452400016784668,0.2491,0.8854047047096578,-0.12171044504375501,0.3243938557852674,0.9261472080093837,8,G9Q6C 78.45 Comdty,arithmetic
85,9,69.23999786376953,78.45,1.6876712328767125,0.0459899997711181,0.25170000000000003,0.8826003551787065,-0.12488277972358232,0.32698447971211536,0.9253196814452692,9,G9Q6C 78.45 Comdty,arithmetic
85,10,70.0999984741211,78.45,1.6849315068493151,0.0459100008010864,0.2509,0.8935627593896889,-0.11253870690567158,0.32568052313683876,0.9255610296111034,10,G9Q6C 78.45 Comdty,arithmetic
85,11,69.62000274658203,78.45,1.6794520547945206,0.045789999961853,0.2457,0.887444267005507,-0.11940955734470059,0.31841165898148655,0.9259804938404211,11,G9Q6C 78.45 Comdty,arithmetic
85,12,70.5999984741211,78.45,1.6767123287671233,0.0461899995803833,0.237,0.8999362456866933,-0.1054313562928612,0.3068863874376323,0.9254757570360517,12,G9Q6C 78.45 Comdty,arithmetic
85,13,70.98999786376953,78.45,1.6684931506849314,0.0454500007629394,0.237,0.9049075572182221,-0.09992248721973898,0.3061332908731455,0.9269709839123568,13,G9Q6C 78.45 Comdty,arithmetic
85,14,73.12999725341797,78.45,1.6602739726027398,0.0457499980926513,0.2253,0.9321860707892666,-0.07022283745371062,0.2903026976691271,0.9268555682786677,14,G9Q6C 78.45 Comdty,arithmetic
85,15,73.95999908447266,78.45,1.6575342465753424,0.0459600019454956,0.2211,0.9427660813826979,-0.05893708503879996,0.28465577409570914,0.9266491377910224,15,G9Q6C 78.45 Comdty,arithmetic
85,16,73.55999755859375,78.45,1.6493150684931508,0.0461800003051757,0.21739999999999998,0.9376672728947578,-0.06436011263224004,0.27919738939785116,0.9266629512960581,16,G9Q6C 78.45 Comdty,arithmetic
85,17,73.31999969482422,78.45,1.643835616438356,0.0469299983978271,0.2227,0.9346080267026668,-0.0676280603697821,0.28552846462233683,0.9257554215251036,17,G9Q6C 78.45 Comdty,arithmetic
85,18,75.44000244140625,78.45,1.6054794520547946,0.0459899997711181,0.20739999999999997,0.9616316436125717,-0.039123808491615134,0.26279138744462016,0.9288240088298473,18,G9Q6C 78.45 Comdty,arithmetic
85,19,73.16999816894531,78.45,1.5917808219178082,0.0452799987792968,0.1934,0.932695961363229,-0.06967600330776762,0.24400465052832918,0.9304603329107698,19,G9Q6C 78.45 Comdty,arithmetic
86,0,69.94000244140625,79.5,1.7424657534246577,0.0422300004959106,0.2703,0.8797484583824685,-0.12811925511790456,0.35680273219053427,0.9290577953866586,0,G9Q6C 79.5 Comdty,arithmetic
86,1,70.29000091552734,79.5,1.7205479452054795,0.0427099990844726,0.2464,0.8841509549122937,-0.12312746744747095,0.3232020398687831,0.9291504535163303,1,G9Q6C 79.5 Comdty,arithmetic
86,2,70.0199966430664,79.5,1.717808219178082,0.0432399988174438,0.2553,0.8807546747555522,-0.12697615407626411,0.3346094121693662,0.9284135354428018,2,G9Q6C 79.5 Comdty,arithmetic
86,3,71.29000091552734,79.5,1.715068493150685,0.0439900016784668,0.2607,0.8967295712644949,-0.1090009436884523,0.341414345703362,0.9273299293534435,3,G9Q6C 79.5 Comdty,arithmetic
86,4,70.70999908447266,79.5,1.7068493150684931,0.0439699983596801,0.24989999999999998,0.8894339507480837,-0.11717002899177287,0.32648546184251537,0.9276969504131019,4,G9Q6C 79.5 Comdty,arithmetic
86,5,70.08000183105469,79.5,1.704109589041096,0.0438500022888183,0.2482,0.8815094569943985,-0.12611954890408716,0.3240041234305514,0.9279984565666124,5,G9Q6C 79.5 Comdty,arithmetic
86,6,70.58000183105469,79.5,1.7013698630136986,0.0449399995803833,0.2446,0.8877987651704992,-0.11901017747019452,0.31904784868954167,0.9263903758967,6,G9Q6C 79.5 Comdty,arithmetic
86,7,69.91000366210938,79.5,1.6986301369863013,0.0457000017166137,0.24789999999999998,0.8793711152466588,-0.12854826875319578,0.3230918025526372,0.925309132340594,7,G9Q6C 79.5 Comdty,arithmetic
86,8,69.45999908447266,79.5,1.695890410958904,0.0452400016784668,0.2491,0.8737106803078322,-0.13500598752499965,0.3243938557852674,0.9261472080093837,8,G9Q6C 79.5 Comdty,arithmetic
86,9,69.23999786376953,79.5,1.6876712328767125,0.0459899997711181,0.25170000000000003,0.8709433693555916,-0.13817832220482684,0.32698447971211536,0.9253196814452692,9,G9Q6C 79.5 Comdty,arithmetic
86,10,70.0999984741211,79.5,1.6849315068493151,0.0459100008010864,0.2509,0.8817609870958628,-0.12583424938691617,0.32568052313683876,0.9255610296111034,10,G9Q6C 79.5 Comdty,arithmetic
86,11,69.62000274658203,79.5,1.6794520547945206,0.045789999961853,0.2457,0.8757233049884532,-0.1327050998259452,0.31841165898148655,0.9259804938404211,11,G9Q6C 79.5 Comdty,arithmetic
86,12,70.5999984741211,79.5,1.6767123287671233,0.0461899995803833,0.237,0.8880502952719634,-0.11872689877410574,0.3068863874376323,0.9254757570360517,12,G9Q6C 79.5 Comdty,arithmetic
86,13,70.98999786376953,79.5,1.6684931506849314,0.0454500007629394,0.237,0.8929559479719438,-0.11321802970098355,0.3061332908731455,0.9269709839123568,13,G9Q6C 79.5 Comdty,arithmetic
86,14,73.12999725341797,79.5,1.6602739726027398,0.0457499980926513,0.2253,0.9198741792882763,-0.08351837993495524,0.2903026976691271,0.9268555682786677,14,G9Q6C 79.5 Comdty,arithmetic
86,15,73.95999908447266,79.5,1.6575342465753424,0.0459600019454956,0.2211,0.9303144538927378,-0.0722326275200445,0.28465577409570914,0.9266491377910224,15,G9Q6C 79.5 Comdty,arithmetic
86,16,73.55999755859375,79.5,1.6493150684931508,0.0461800003051757,0.21739999999999998,0.9252829881584119,-0.07765565511348471,0.27919738939785116,0.9266629512960581,16,G9Q6C 79.5 Comdty,arithmetic
86,17,73.31999969482422,79.5,1.643835616438356,0.0469299983978271,0.2227,0.9222641471047072,-0.08092360285102665,0.28552846462233683,0.9257554215251036,17,G9Q6C 79.5 Comdty,arithmetic
86,18,75.44000244140625,79.5,1.6054794520547946,0.0459899997711181,0.20739999999999997,0.9489308483195755,-0.05241935097285968,0.26279138744462016,0.9288240088298473,18,G9Q6C 79.5 Comdty,arithmetic
86,19,73.16999816894531,79.5,1.5917808219178082,0.0452799987792968,0.1934,0.9203773354584316,-0.08297154578901225,0.24400465052832918,0.9304603329107698,19,G9Q6C 79.5 Comdty,arithmetic
87,0,69.94000244140625,69.5,1.8246575342465752,0.0422300004959106,0.2703,1.0063309703799461,0.006311013971635363,0.3651209292635816,0.9258386638899805,0,G9U6C 69.5 Comdty,arithmetic
87,1,70.29000091552734,69.5,1.8027397260273972,0.0427099990844726,0.2464,1.0113669196478754,0.011302801642068726,0.3308317773079127,0.9258944719120007,1,G9U6C 69.5 Comdty,arithmetic
87,2,70.0199966430664,69.5,1.8,0.0432399988174438,0.2553,1.0074819660872865,0.007454115013275725,0.34252089279341785,0.9251198355902387,2,G9U6C 69.5 Comdty,arithmetic
87,3,71.29000091552734,69.5,1.797260273972603,0.0439900016784668,0.2607,1.0257554088565086,0.025429325401087513,0.34949946769316864,0.9239831139358009,3,G9U6C 69.5 Comdty,arithmetic
87,4,70.70999908447266,69.5,1.789041095890411,0.0439699983596801,0.24989999999999998,1.0174100587693908,0.01726024009776697,0.33425384714131134,0.9243503301150054,4,G9U6C 69.5 Comdty,arithmetic
87,5,70.08000183105469,69.5,1.7863013698630137,0.0438500022888183,0.2482,1.0083453500871178,0.008310720185452654,0.33172571802620304,0.9246598681895262,5,G9U6C 69.5 Comdty,arithmetic
87,6,70.58000183105469,69.5,1.7835616438356163,0.0449399995803833,0.2446,1.0155395946914343,0.015420091619345246,0.32666342764212847,0.9229748808540986,6,G9U6C 69.5 Comdty,arithmetic
87,7,69.91000366210938,69.5,1.7808219178082192,0.0457000017166137,0.24789999999999998,1.0058993332677608,0.005882000336344045,0.33081620316117016,0.9218400383260141,7,G9U6C 69.5 Comdty,arithmetic
87,8,69.45999908447266,69.5,1.7780821917808218,0.0452400016784668,0.2491,0.9994244472585994,-0.0005757184354598724,0.33216176818919924,0.9227098573093567,8,G9U6C 69.5 Comdty,arithmetic
87,9,69.23999786376953,69.5,1.7698630136986302,0.0459899997711181,0.25170000000000003,0.9962589620686263,-0.003748053115287125,0.3348521118671911,0.9218285754140385,9,G9U6C 69.5 Comdty,arithmetic
87,10,70.0999984741211,69.5,1.7671232876712328,0.0459100008010864,0.2509,1.0086330715700877,0.008596019702623664,0.33352937251277753,0.9220750758672918,10,G9U6C 69.5 Comdty,arithmetic
87,11,69.62000274658203,69.5,1.7616438356164383,0.045789999961853,0.2457,1.001726658224202,0.0017251692635946517,0.32611007079508075,0.9225020589316892,11,G9U6C 69.5 Comdty,arithmetic
87,12,70.5999984741211,69.5,1.7589041095890412,0.0461899995803833,0.237,1.0158273161744042,0.015703370315434062,0.31431812695342093,0.9219689063893527,12,G9U6C 69.5 Comdty,arithmetic
87,13,70.98999786376953,69.5,1.7506849315068491,0.0454500007629394,0.237,1.0214388181837342,0.02121223938855614,0.31358287886587205,0.9235146356240915,13,G9U6C 69.5 Comdty,arithmetic
87,14,73.12999725341797,69.5,1.7424657534246577,0.0457499980926513,0.2253,1.0522301763081723,0.05091188915458461,0.2974016114040968,0.923376882059513,14,G9U6C 69.5 Comdty,arithmetic
87,15,73.95999908447266,69.5,1.7397260273972603,0.0459600019454956,0.2211,1.0641726486974483,0.06219764156949528,0.29162796880920183,0.9231552920063099,15,G9U6C 69.5 Comdty,arithmetic
87,16,73.55999755859375,69.5,1.7315068493150685,0.0461800003051757,0.21739999999999998,1.0584172310589028,0.05677461397605507,0.2860695591242351,0.9231523607843002,16,G9U6C 69.5 Comdty,arithmetic
87,17,73.31999969482422,69.5,1.726027397260274,0.0469299983978271,0.2227,1.05496402438596,0.053506666238513065,0.2925796119265122,0.9221914200953816,17,G9U6C 69.5 Comdty,arithmetic
87,18,75.44000244140625,69.5,1.6876712328767125,0.0459899997711181,0.20739999999999997,1.085467661027428,0.08201091811668006,0.26943417199957376,0.9253196814452692,18,G9U6C 69.5 Comdty,arithmetic
87,19,73.16999816894531,69.5,1.673972602739726,0.0452799987792968,0.1934,1.052805729049573,0.051458723300527615,0.2502249681485273,0.9270039267874093,19,G9U6C 69.5 Comdty,arithmetic
88,0,69.94000244140625,71.07,1.8246575342465752,0.0422300004959106,0.2703,0.9841002172703849,-0.016027540296422,0.3651209292635816,0.9258386638899805,0,G9U6C 71.07 Comdty,arithmetic
88,1,70.29000091552734,71.07,1.8027397260273972,0.0427099990844726,0.2464,0.9890249179052674,-0.011035752625988444,0.3308317773079127,0.9258944719120007,1,G9U6C 71.07 Comdty,arithmetic
88,2,70.0199966430664,71.07,1.8,0.0432399988174438,0.2553,0.9852257864509134,-0.014884439254781518,0.34252089279341785,0.9251198355902387,2,G9U6C 71.07 Comdty,arithmetic
88,3,71.29000091552734,71.07,1.797260273972603,0.0439900016784668,0.2607,1.003095552490887,0.0030907711330301416,0.34949946769316864,0.9239831139358009,3,G9U6C 71.07 Comdty,arithmetic
88,4,70.70999908447266,71.07,1.789041095890411,0.0439699983596801,0.24989999999999998,0.9949345586671262,-0.005078314170290409,0.33425384714131134,0.9243503301150054,4,G9U6C 71.07 Comdty,arithmetic
88,5,70.08000183105469,71.07,1.7863013698630137,0.0438500022888183,0.2482,0.9860700975243379,-0.014027834082604522,0.33172571802620304,0.9246598681895262,5,G9U6C 71.07 Comdty,arithmetic
88,6,70.58000183105469,71.07,1.7835616438356163,0.0449399995803833,0.2446,0.9931054148171478,-0.006918462648711975,0.32666342764212847,0.9229748808540986,6,G9U6C 71.07 Comdty,arithmetic
88,7,69.91000366210938,71.07,1.7808219178082192,0.0457000017166137,0.24789999999999998,0.983678115408884,-0.016456553931713223,0.33081620316117016,0.9218400383260141,7,G9U6C 71.07 Comdty,arithmetic
88,8,69.45999908447266,71.07,1.7780821917808218,0.0452400016784668,0.2491,0.9773462654351015,-0.022914272703517088,0.33216176818919924,0.9227098573093567,8,G9U6C 71.07 Comdty,arithmetic
88,9,69.23999786376953,71.07,1.7698630136986302,0.0459899997711181,0.25170000000000003,0.9742507086501975,-0.026086607383344364,0.3348521118671911,0.9218285754140385,9,G9U6C 71.07 Comdty,arithmetic
88,10,70.0999984741211,71.07,1.7671232876712328,0.0459100008010864,0.2509,0.9863514629818644,-0.013742534565433631,0.33352937251277753,0.9220750758672918,10,G9U6C 71.07 Comdty,arithmetic
88,11,69.62000274658203,71.07,1.7616438356164383,0.045789999961853,0.2457,0.9795976184970034,-0.020613385004462675,0.32611007079508075,0.9225020589316892,11,G9U6C 71.07 Comdty,arithmetic
88,12,70.5999984741211,71.07,1.7589041095890412,0.0461899995803833,0.237,0.9933867802746743,-0.006635183952623164,0.31431812695342093,0.9219689063893527,12,G9U6C 71.07 Comdty,arithmetic
88,13,70.98999786376953,71.07,1.7506849315068491,0.0454500007629394,0.237,0.9988743191750322,-0.0011263148795009788,0.31358287886587205,0.9235146356240915,13,G9U6C 71.07 Comdty,arithmetic
88,14,73.12999725341797,71.07,1.7424657534246577,0.0457499980926513,0.2253,1.0289854686002249,0.028573334886527413,0.2974016114040968,0.923376882059513,14,G9U6C 71.07 Comdty,arithmetic
88,15,73.95999908447266,71.07,1.7397260273972603,0.0459600019454956,0.2211,1.0406641210703906,0.03985908730143801,0.29162796880920183,0.9231552920063099,15,G9U6C 71.07 Comdty,arithmetic
88,16,73.55999755859375,71.07,1.7315068493150685,0.0461800003051757,0.21739999999999998,1.0350358457660582,0.034436059707997874,0.2860695591242351,0.9231523607843002,16,G9U6C 71.07 Comdty,arithmetic
88,17,73.31999969482422,71.07,1.726027397260274,0.0469299983978271,0.2227,1.0316589235236278,0.031168111970455853,0.2925796119265122,0.9221914200953816,17,G9U6C 71.07 Comdty,arithmetic
88,18,75.44000244140625,71.07,1.6876712328767125,0.0459899997711181,0.20739999999999997,1.061488707491294,0.05967236384862287,0.26943417199957376,0.9253196814452692,18,G9U6C 71.07 Comdty,arithmetic
88,19,73.16999816894531,71.07,1.673972602739726,0.0452799987792968,0.1934,1.0295483068657003,0.02912016903247032,0.2502249681485273,0.9270039267874093,19,G9U6C 71.07 Comdty,arithmetic
89,0,69.94000244140625,71.1,1.8246575342465752,0.0422300004959106,0.2703,0.9836849851111991,-0.016449570266813412,0.3651209292635816,0.9258386638899805,0,G9U6C 71.1 Comdty,arithmetic
89,1,70.29000091552734,71.1,1.8027397260273972,0.0427099990844726,0.2464,0.9886076078133241,-0.011457782596379938,0.3308317773079127,0.9258944719120007,1,G9U6C 71.1 Comdty,arithmetic
89,2,70.0199966430664,71.1,1.8,0.0432399988174438,0.2553,0.9848100793680227,-0.015306469225172982,0.34252089279341785,0.9251198355902387,2,G9U6C 71.1 Comdty,arithmetic
89,3,71.29000091552734,71.1,1.797260273972603,0.0439900016784668,0.2607,1.0026723054223257,0.0026687411626388387,0.34949946769316864,0.9239831139358009,3,G9U6C 71.1 Comdty,arithmetic
89,4,70.70999908447266,71.1,1.789041095890411,0.0439699983596801,0.24989999999999998,0.9945147550558743,-0.0055003441406818,0.33425384714131134,0.9243503301150054,4,G9U6C 71.1 Comdty,arithmetic
89,5,70.08000183105469,71.1,1.7863013698630137,0.0438500022888183,0.2482,0.9856540341920491,-0.01444986405299601,0.33172571802620304,0.9246598681895262,5,G9U6C 71.1 Comdty,arithmetic
89,6,70.58000183105469,71.1,1.7835616438356163,0.0449399995803833,0.2446,0.9926863829965499,-0.007340492619103311,0.32666342764212847,0.9229748808540986,6,G9U6C 71.1 Comdty,arithmetic
89,7,69.91000366210938,71.1,1.7808219178082192,0.0457000017166137,0.24789999999999998,0.9832630613517493,-0.01687858390210468,0.33081620316117016,0.9218400383260141,7,G9U6C 71.1 Comdty,arithmetic
89,8,69.45999908447266,71.1,1.7780821917808218,0.0452400016784668,0.2491,0.9769338830446225,-0.02333630267390858,0.33216176818919924,0.9227098573093567,8,G9U6C 71.1 Comdty,arithmetic
89,9,69.23999786376953,71.1,1.7698630136986302,0.0459899997711181,0.25170000000000003,0.9738396324018219,-0.026508637353735712,0.3348521118671911,0.9218285754140385,9,G9U6C 71.1 Comdty,arithmetic
89,10,70.0999984741211,71.1,1.7671232876712328,0.0459100008010864,0.2509,0.9859352809299733,-0.014164564535825047,0.33352937251277753,0.9220750758672918,10,G9U6C 71.1 Comdty,arithmetic
89,11,69.62000274658203,71.1,1.7616438356164383,0.045789999961853,0.2457,0.9791842861685237,-0.021035414974854064,0.32611007079508075,0.9225020589316892,11,G9U6C 71.1 Comdty,arithmetic
89,12,70.5999984741211,71.1,1.7589041095890412,0.0461899995803833,0.237,0.9929676297344739,-0.0070572139230146505,0.31431812695342093,0.9219689063893527,12,G9U6C 71.1 Comdty,arithmetic
89,13,70.98999786376953,71.1,1.7506849315068491,0.0454500007629394,0.237,0.9984528532175744,-0.0015483448498924118,0.31358287886587205,0.9235146356240915,13,G9U6C 71.1 Comdty,arithmetic
89,14,73.12999725341797,71.1,1.7424657534246577,0.0457499980926513,0.2253,1.0285512975164273,0.028151304916135947,0.2974016114040968,0.923376882059513,14,G9U6C 71.1 Comdty,arithmetic
89,15,73.95999908447266,71.1,1.7397260273972603,0.0459600019454956,0.2211,1.0402250222851288,0.03943705733104655,0.29162796880920183,0.9231552920063099,15,G9U6C 71.1 Comdty,arithmetic
89,16,73.55999755859375,71.1,1.7315068493150685,0.0461800003051757,0.21739999999999998,1.0345991217805028,0.03401402973760638,0.2860695591242351,0.9231523607843002,16,G9U6C 71.1 Comdty,arithmetic
89,17,73.31999969482422,71.1,1.726027397260274,0.0469299983978271,0.2227,1.031223624399778,0.03074608200006442,0.2925796119265122,0.9221914200953816,17,G9U6C 71.1 Comdty,arithmetic
89,18,75.44000244140625,71.1,1.6876712328767125,0.0459899997711181,0.20739999999999997,1.0610408219607068,0.05925033387823134,0.26943417199957376,0.9253196814452692,18,G9U6C 71.1 Comdty,arithmetic
89,19,73.16999816894531,71.1,1.673972602739726,0.0452799987792968,0.1934,1.0291138982974024,0.02869813906207877,0.2502249681485273,0.9270039267874093,19,G9U6C 71.1 Comdty,arithmetic
90,0,69.94000244140625,71.85,1.8246575342465752,0.0422300004959106,0.2703,0.9734168746194329,-0.026942845982652106,0.3651209292635816,0.9258386638899805,0,G9U6C 71.85 Comdty,arithmetic
90,1,70.29000091552734,71.85,1.8027397260273972,0.0427099990844726,0.2464,0.9782881129509722,-0.0219510583122186,0.3308317773079127,0.9258944719120007,1,G9U6C 71.85 Comdty,arithmetic
90,2,70.0199966430664,71.85,1.8,0.0432399988174438,0.2553,0.9745302246773335,-0.0257997449410117,0.34252089279341785,0.9251198355902387,2,G9U6C 71.85 Comdty,arithmetic
90,3,71.29000091552734,71.85,1.797260273972603,0.0439900016784668,0.2607,0.9922059974325309,-0.007824534553200027,0.34949946769316864,0.9239831139358009,3,G9U6C 71.85 Comdty,arithmetic
90,4,70.70999908447266,71.85,1.789041095890411,0.0439699983596801,0.24989999999999998,0.9841335989488192,-0.01599361985652052,0.33425384714131134,0.9243503301150054,4,G9U6C 71.85 Comdty,arithmetic
90,5,70.08000183105469,71.85,1.7863013698630137,0.0438500022888183,0.2482,0.9753653699520486,-0.02494313976883476,0.33172571802620304,0.9246598681895262,5,G9U6C 71.85 Comdty,arithmetic
90,6,70.58000183105469,71.85,1.7835616438356163,0.0449399995803833,0.2446,0.982324312192828,-0.017833768334942105,0.32666342764212847,0.9229748808540986,6,G9U6C 71.85 Comdty,arithmetic
90,7,69.91000366210938,71.85,1.7808219178082192,0.0457000017166137,0.24789999999999998,0.9729993550745912,-0.0273718596179434,0.33081620316117016,0.9218400383260141,7,G9U6C 71.85 Comdty,arithmetic
90,8,69.45999908447266,71.85,1.7780821917808218,0.0452400016784668,0.2491,0.9667362433468707,-0.0338295783897473,0.33216176818919924,0.9227098573093567,8,G9U6C 71.85 Comdty,arithmetic
90,9,69.23999786376953,71.85,1.7698630136986302,0.0459899997711181,0.25170000000000003,0.9636742917713227,-0.0370019130695745,0.3348521118671911,0.9218285754140385,9,G9U6C 71.85 Comdty,arithmetic
90,10,70.0999984741211,71.85,1.7671232876712328,0.0459100008010864,0.2509,0.9756436809202659,-0.024657840251663756,0.33352937251277753,0.9220750758672918,10,G9U6C 71.85 Comdty,arithmetic
90,11,69.62000274658203,71.85,1.7616438356164383,0.045789999961853,0.2457,0.9689631558327354,-0.031528690690692765,0.32611007079508075,0.9225020589316892,11,G9U6C 71.85 Comdty,arithmetic
90,12,70.5999984741211,71.85,1.7589041095890412,0.0461899995803833,0.237,0.9826026231610452,-0.017550489638853403,0.31431812695342093,0.9219689063893527,12,G9U6C 71.85 Comdty,arithmetic
90,13,70.98999786376953,71.85,1.7506849315068491,0.0454500007629394,0.237,0.9880305896140507,-0.012041620565731128,0.31358287886587205,0.9235146356240915,13,G9U6C 71.85 Comdty,arithmetic
90,14,73.12999725341797,71.85,1.7424657534246577,0.0457499980926513,0.2253,1.017814853909784,0.017658029200297215,0.2974016114040968,0.923376882059513,14,G9U6C 71.85 Comdty,arithmetic
90,15,73.95999908447266,71.85,1.7397260273972603,0.0459600019454956,0.2211,1.0293667235138853,0.02894378161520777,0.29162796880920183,0.9231552920063099,15,G9U6C 71.85 Comdty,arithmetic
90,16,73.55999755859375,71.85,1.7315068493150685,0.0461800003051757,0.21739999999999998,1.0237995484842555,0.02352075402176769,0.2860695591242351,0.9231523607843002,16,G9U6C 71.85 Comdty,arithmetic
90,17,73.31999969482422,71.85,1.726027397260274,0.0469299983978271,0.2227,1.0204592859404902,0.020252806284225634,0.2925796119265122,0.9221914200953816,17,G9U6C 71.85 Comdty,arithmetic
90,18,75.44000244140625,71.85,1.6876712328767125,0.0459899997711181,0.20739999999999997,1.0499652392680063,0.04875705816239262,0.26943417199957376,0.9253196814452692,18,G9U6C 71.85 Comdty,arithmetic
90,19,73.16999816894531,71.85,1.673972602739726,0.0452799987792968,0.1934,1.01837158203125,0.018204863346240052,0.2502249681485273,0.9270039267874093,19,G9U6C 71.85 Comdty,arithmetic
91,0,69.94000244140625,72.67,1.8246575342465752,0.0422300004959106,0.2703,0.9624329495170806,-0.038290878086162855,0.3651209292635816,0.9258386638899805,0,G9U6C 72.67 Comdty,arithmetic
91,1,70.29000091552734,72.67,1.8027397260273972,0.0427099990844726,0.2464,0.9672492213503143,-0.03329909041572932,0.3308317773079127,0.9258944719120007,1,G9U6C 72.67 Comdty,arithmetic
91,2,70.0199966430664,72.67,1.8,0.0432399988174438,0.2553,0.9635337366597826,-0.037147777044522476,0.34252089279341785,0.9251198355902387,2,G9U6C 72.67 Comdty,arithmetic
91,3,71.29000091552734,72.67,1.797260273972603,0.0439900016784668,0.2607,0.9810100580091832,-0.019172566656710684,0.34949946769316864,0.9239831139358009,3,G9U6C 72.67 Comdty,arithmetic
91,4,70.70999908447266,72.67,1.789041095890411,0.0439699983596801,0.24989999999999998,0.9730287475501948,-0.027341651960031257,0.33425384714131134,0.9243503301150054,4,G9U6C 72.67 Comdty,arithmetic
91,5,70.08000183105469,72.67,1.7863013698630137,0.0438500022888183,0.2482,0.9643594582503741,-0.03629117187234547,0.33172571802620304,0.9246598681895262,5,G9U6C 72.67 Comdty,arithmetic
91,6,70.58000183105469,72.67,1.7835616438356163,0.0449399995803833,0.2446,0.9712398765798085,-0.029181800438452844,0.32666342764212847,0.9229748808540986,6,G9U6C 72.67 Comdty,arithmetic
91,7,69.91000366210938,72.67,1.7808219178082192,0.0457000017166137,0.24789999999999998,0.9620201412152108,-0.03871989172145411,0.33081620316117016,0.9218400383260141,7,G9U6C 72.67 Comdty,arithmetic
91,8,69.45999908447266,72.67,1.7780821917808218,0.0452400016784668,0.2491,0.9558277017266087,-0.045177610493257976,0.33216176818919924,0.9227098573093567,8,G9U6C 72.67 Comdty,arithmetic
91,9,69.23999786376953,72.67,1.7698630136986302,0.0459899997711181,0.25170000000000003,0.9528003008637612,-0.048349945173085204,0.3348521118671911,0.9218285754140385,9,G9U6C 72.67 Comdty,arithmetic
91,10,70.0999984741211,72.67,1.7671232876712328,0.0459100008010864,0.2509,0.9646346287893366,-0.03600587235517454,0.33352937251277753,0.9220750758672918,10,G9U6C 72.67 Comdty,arithmetic
91,11,69.62000274658203,72.67,1.7616438356164383,0.045789999961853,0.2457,0.9580294859857167,-0.04287672279420346,0.32611007079508075,0.9225020589316892,11,G9U6C 72.67 Comdty,arithmetic
91,12,70.5999984741211,72.67,1.7589041095890412,0.0461899995803833,0.237,0.971515047118771,-0.028898521742364097,0.31431812695342093,0.9219689063893527,12,G9U6C 72.67 Comdty,arithmetic
91,13,70.98999786376953,72.67,1.7506849315068491,0.0454500007629394,0.237,0.9768817650167817,-0.023389652669241916,0.31358287886587205,0.9235146356240915,13,G9U6C 72.67 Comdty,arithmetic
91,14,73.12999725341797,72.67,1.7424657534246577,0.0457499980926513,0.2253,1.0063299470678129,0.006309997096786368,0.2974016114040968,0.923376882059513,14,G9U6C 72.67 Comdty,arithmetic
91,15,73.95999908447266,72.67,1.7397260273972603,0.0459600019454956,0.2211,1.0177514666915186,0.017595749511697206,0.29162796880920183,0.9231552920063099,15,G9U6C 72.67 Comdty,arithmetic
91,16,73.55999755859375,72.67,1.7315068493150685,0.0461800003051757,0.21739999999999998,1.0122471110306006,0.012172721918256968,0.2860695591242351,0.9231523607843002,16,G9U6C 72.67 Comdty,arithmetic
91,17,73.31999969482422,72.67,1.726027397260274,0.0469299983978271,0.2227,1.0089445396287906,0.008904774180714954,0.2925796119265122,0.9221914200953816,17,G9U6C 72.67 Comdty,arithmetic
91,18,75.44000244140625,72.67,1.6876712328767125,0.0459899997711181,0.20739999999999997,1.0381175511408594,0.03740902605888193,0.26943417199957376,0.9253196814452692,18,G9U6C 72.67 Comdty,arithmetic
91,19,73.16999816894531,72.67,1.673972602739726,0.0452799987792968,0.1934,1.00688039313259,0.006856831242729532,0.2502249681485273,0.9270039267874093,19,G9U6C 72.67 Comdty,arithmetic
92,0,69.94000244140625,73.8,1.8246575342465752,0.0422300004959106,0.2703,0.9476965100461552,-0.05372096506404504,0.3651209292635816,0.9258386638899805,0,G9U6C 73.8 Comdty,arithmetic
92,1,70.29000091552734,73.8,1.8027397260273972,0.0427099990844726,0.2464,0.9524390367957635,-0.04872917739361158,0.3308317773079127,0.9258944719120007,1,G9U6C 73.8 Comdty,arithmetic
92,2,70.0199966430664,73.8,1.8,0.0432399988174438,0.2553,0.948780442317973,-0.052577864022404684,0.34252089279341785,0.9251198355902387,2,G9U6C 73.8 Comdty,arithmetic
92,3,71.29000091552734,73.8,1.797260273972603,0.0439900016784668,0.2607,0.9659891722971186,-0.03460265363459285,0.34949946769316864,0.9239831139358009,3,G9U6C 73.8 Comdty,arithmetic
92,4,70.70999908447266,73.8,1.789041095890411,0.0439699983596801,0.24989999999999998,0.9581300688952935,-0.04277173893791342,0.33425384714131134,0.9243503301150054,4,G9U6C 73.8 Comdty,arithmetic
92,5,70.08000183105469,73.8,1.7863013698630137,0.0438500022888183,0.2482,0.9495935207459986,-0.051721258850227596,0.33172571802620304,0.9246598681895262,5,G9U6C 73.8 Comdty,arithmetic
92,6,70.58000183105469,73.8,1.7835616438356163,0.0449399995803833,0.2446,0.956368588496676,-0.04461188741633498,0.32666342764212847,0.9229748808540986,6,G9U6C 73.8 Comdty,arithmetic
92,7,69.91000366210938,73.8,1.7808219178082192,0.0457000017166137,0.24789999999999998,0.9472900225218073,-0.054149978699336326,0.33081620316117016,0.9218400383260141,7,G9U6C 73.8 Comdty,arithmetic
92,8,69.45999908447266,73.8,1.7780821917808218,0.0452400016784668,0.2491,0.9411923995185997,-0.060607697471140226,0.33216176818919924,0.9227098573093567,8,G9U6C 73.8 Comdty,arithmetic
92,9,69.23999786376953,73.8,1.7698630136986302,0.0459899997711181,0.25170000000000003,0.9382113531676088,-0.06378003215096742,0.3348521118671911,0.9218285754140385,9,G9U6C 73.8 Comdty,arithmetic
92,10,70.0999984741211,73.8,1.7671232876712328,0.0459100008010864,0.2509,0.9498644779691205,-0.05143595933305673,0.33352937251277753,0.9220750758672918,10,G9U6C 73.8 Comdty,arithmetic
92,11,69.62000274658203,73.8,1.7616438356164383,0.045789999961853,0.2457,0.9433604708208948,-0.058306809772085674,0.32611007079508075,0.9225020589316892,11,G9U6C 73.8 Comdty,arithmetic
92,12,70.5999984741211,73.8,1.7589041095890412,0.0461899995803833,0.237,0.956639545719798,-0.044328608720246306,0.31431812695342093,0.9219689063893527,12,G9U6C 73.8 Comdty,arithmetic
92,13,70.98999786376953,73.8,1.7506849315068491,0.0454500007629394,0.237,0.9619240902949802,-0.03881973964712406,0.31358287886587205,0.9235146356240915,13,G9U6C 73.8 Comdty,arithmetic
92,14,73.12999725341797,73.8,1.7424657534246577,0.0457499980926513,0.2253,0.9909213719975335,-0.009120089881095767,0.2974016114040968,0.923376882059513,14,G9U6C 73.8 Comdty,arithmetic
92,15,73.95999908447266,73.8,1.7397260273972603,0.0459600019454956,0.2211,1.0021680092746972,0.0021656625338148383,0.29162796880920183,0.9231552920063099,15,G9U6C 73.8 Comdty,arithmetic
92,16,73.55999755859375,73.8,1.7315068493150685,0.0461800003051757,0.21739999999999998,0.9967479343982893,-0.0032573650596252127,0.2860695591242351,0.9231523607843002,16,G9U6C 73.8 Comdty,arithmetic
92,17,73.31999969482422,73.8,1.726027397260274,0.0469299983978271,0.2227,0.9934959308241764,-0.006525312797167239,0.2925796119265122,0.9221914200953816,17,G9U6C 73.8 Comdty,arithmetic
92,18,75.44000244140625,73.8,1.6876712328767125,0.0459899997711181,0.20739999999999997,1.0222222553036078,0.021978939080999717,0.26943417199957376,0.9253196814452692,18,G9U6C 73.8 Comdty,arithmetic
92,19,73.16999816894531,73.8,1.673972602739726,0.0452799987792968,0.1934,0.9914633898231072,-0.008573255735152822,0.2502249681485273,0.9270039267874093,19,G9U6C 73.8 Comdty,arithmetic
93,0,69.94000244140625,75.0,1.8246575342465752,0.0422300004959106,0.2703,0.9325333658854167,-0.06985034699392868,0.3651209292635816,0.9258386638899805,0,G9U6C 75 Comdty,arithmetic
93,1,70.29000091552734,75.0,1.8027397260273972,0.0427099990844726,0.2464,0.9372000122070312,-0.06485855932349527,0.3308317773079127,0.9258944719120007,1,G9U6C 75 Comdty,arithmetic
93,2,70.0199966430664,75.0,1.8,0.0432399988174438,0.2553,0.9335999552408855,-0.06870724595228828,0.34252089279341785,0.9251198355902387,2,G9U6C 75 Comdty,arithmetic
93,3,71.29000091552734,75.0,1.797260273972603,0.0439900016784668,0.2607,0.9505333455403646,-0.05073203556447652,0.34949946769316864,0.9239831139358009,3,G9U6C 75 Comdty,arithmetic
93,4,70.70999908447266,75.0,1.789041095890411,0.0439699983596801,0.24989999999999998,0.9427999877929687,-0.058901120867797176,0.33425384714131134,0.9243503301150054,4,G9U6C 75 Comdty,arithmetic
93,5,70.08000183105469,75.0,1.7863013698630137,0.0438500022888183,0.2482,0.9344000244140624,-0.06785064078011138,0.33172571802620304,0.9246598681895262,5,G9U6C 75 Comdty,arithmetic
93,6,70.58000183105469,75.0,1.7835616438356163,0.0449399995803833,0.2446,0.9410666910807292,-0.0607412693462187,0.32666342764212847,0.9229748808540986,6,G9U6C 75 Comdty,arithmetic
93,7,69.91000366210938,75.0,1.7808219178082192,0.0457000017166137,0.24789999999999998,0.9321333821614584,-0.07027936062921995,0.33081620316117016,0.9218400383260141,7,G9U6C 75 Comdty,arithmetic
93,8,69.45999908447266,75.0,1.7780821917808218,0.0452400016784668,0.2491,0.9261333211263021,-0.07673707940102384,0.33216176818919924,0.9227098573093567,8,G9U6C 75 Comdty,arithmetic
93,9,69.23999786376953,75.0,1.7698630136986302,0.0459899997711181,0.25170000000000003,0.9231999715169271,-0.07990941408085103,0.3348521118671911,0.9218285754140385,9,G9U6C 75 Comdty,arithmetic
93,10,70.0999984741211,75.0,1.7671232876712328,0.0459100008010864,0.2509,0.9346666463216146,-0.06756534126294042,0.33352937251277753,0.9220750758672918,10,G9U6C 75 Comdty,arithmetic
93,11,69.62000274658203,75.0,1.7616438356164383,0.045789999961853,0.2457,0.9282667032877604,-0.07443619170196938,0.32611007079508075,0.9225020589316892,11,G9U6C 75 Comdty,arithmetic
93,12,70.5999984741211,75.0,1.7589041095890412,0.0461899995803833,0.237,0.9413333129882813,-0.06045799065012993,0.31431812695342093,0.9219689063893527,12,G9U6C 75 Comdty,arithmetic
93,13,70.98999786376953,75.0,1.7506849315068491,0.0454500007629394,0.237,0.9465333048502604,-0.05494912157700774,0.31358287886587205,0.9235146356240915,13,G9U6C 75 Comdty,arithmetic
93,14,73.12999725341797,75.0,1.7424657534246577,0.0457499980926513,0.2253,0.9750666300455729,-0.025249471810979432,0.2974016114040968,0.923376882059513,14,G9U6C 75 Comdty,arithmetic
93,15,73.95999908447266,75.0,1.7397260273972603,0.0459600019454956,0.2211,0.986133321126302,-0.013963719396068783,0.29162796880920183,0.9231552920063099,15,G9U6C 75 Comdty,arithmetic
93,16,73.55999755859375,75.0,1.7315068493150685,0.0461800003051757,0.21739999999999998,0.9807999674479166,-0.01938674698950892,0.2860695591242351,0.9231523607843002,16,G9U6C 75 Comdty,arithmetic
93,17,73.31999969482422,75.0,1.726027397260274,0.0469299983978271,0.2227,0.9775999959309896,-0.0226546947270509,0.2925796119265122,0.9221914200953816,17,G9U6C 75 Comdty,arithmetic
93,18,75.44000244140625,75.0,1.6876712328767125,0.0459899997711181,0.20739999999999997,1.00586669921875,0.005849557151115972,0.26943417199957376,0.9253196814452692,18,G9U6C 75 Comdty,arithmetic
93,19,73.16999816894531,75.0,1.673972602739726,0.0452799987792968,0.1934,0.9755999755859375,-0.024702637665036484,0.2502249681485273,0.9270039267874093,19,G9U6C 75 Comdty,arithmetic
94,0,69.94000244140625,77.0,1.8246575342465752,0.0422300004959106,0.2703,0.908311720018263,-0.09616765531130211,0.3651209292635816,0.9258386638899805,0,G9U6C 77 Comdty,arithmetic
94,1,70.29000091552734,77.0,1.8027397260273972,0.0427099990844726,0.2464,0.9128571547471084,-0.0911758676408686,0.3308317773079127,0.9258944719120007,1,G9U6C 77 Comdty,arithmetic
94,2,70.0199966430664,77.0,1.8,0.0432399988174438,0.2553,0.9093506057541092,-0.09502455426966169,0.34252089279341785,0.9251198355902387,2,G9U6C 77 Comdty,arithmetic
94,3,71.29000091552734,77.0,1.797260273972603,0.0439900016784668,0.2607,0.9258441677341214,-0.07704934388184995,0.34949946769316864,0.9239831139358009,3,G9U6C 77 Comdty,arithmetic
94,4,70.70999908447266,77.0,1.789041095890411,0.0439699983596801,0.24989999999999998,0.9183116764217228,-0.08521842918517049,0.33425384714131134,0.9243503301150054,4,G9U6C 77 Comdty,arithmetic
94,5,70.08000183105469,77.0,1.7863013698630137,0.0438500022888183,0.2482,0.9101298939098011,-0.09416794909748472,0.33172571802620304,0.9246598681895262,5,G9U6C 77 Comdty,arithmetic
94,6,70.58000183105469,77.0,1.7835616438356163,0.0449399995803833,0.2446,0.9166234004033076,-0.08705857766359214,0.32666342764212847,0.9229748808540986,6,G9U6C 77 Comdty,arithmetic
94,7,69.91000366210938,77.0,1.7808219178082192,0.0457000017166137,0.24789999999999998,0.90792212548194,-0.09659666894659337,0.33081620316117016,0.9218400383260141,7,G9U6C 77 Comdty,arithmetic
94,8,69.45999908447266,77.0,1.7780821917808218,0.0452400016784668,0.2491,0.9020779101879566,-0.10305438771839726,0.33216176818919924,0.9227098573093567,8,G9U6C 77 Comdty,arithmetic
94,9,69.23999786376953,77.0,1.7698630136986302,0.0459899997711181,0.25170000000000003,0.8992207514775263,-0.1062267223982245,0.3348521118671911,0.9218285754140385,9,G9U6C 77 Comdty,arithmetic
94,10,70.0999984741211,77.0,1.7671232876712328,0.0459100008010864,0.2509,0.9103895905730012,-0.09388264958031385,0.33352937251277753,0.9220750758672918,10,G9U6C 77 Comdty,arithmetic
94,11,69.62000274658203,77.0,1.7616438356164383,0.045789999961853,0.2457,0.9041558798257406,-0.10075350001934281,0.32611007079508075,0.9225020589316892,11,G9U6C 77 Comdty,arithmetic
94,12,70.5999984741211,77.0,1.7589041095890412,0.0461899995803833,0.237,0.9168830970665077,-0.08677529896750334,0.31431812695342093,0.9219689063893527,12,G9U6C 77 Comdty,arithmetic
94,13,70.98999786376953,77.0,1.7506849315068491,0.0454500007629394,0.237,0.9219480242047992,-0.08126642989438111,0.31358287886587205,0.9235146356240915,13,G9U6C 77 Comdty,arithmetic
94,14,73.12999725341797,77.0,1.7424657534246577,0.0457499980926513,0.2253,0.9497402240703632,-0.0515667801283529,0.2974016114040968,0.923376882059513,14,G9U6C 77 Comdty,arithmetic
94,15,73.95999908447266,77.0,1.7397260273972603,0.0459600019454956,0.2211,0.960519468629515,-0.04028102771344218,0.29162796880920183,0.9231552920063099,15,G9U6C 77 Comdty,arithmetic
94,16,73.55999755859375,77.0,1.7315068493150685,0.0461800003051757,0.21739999999999998,0.9553246436181007,-0.04570405530688229,0.2860695591242351,0.9231523607843002,16,G9U6C 77 Comdty,arithmetic
94,17,73.31999969482422,77.0,1.726027397260274,0.0469299983978271,0.2227,0.9522077882444704,-0.04897200304442428,0.2925796119265122,0.9221914200953816,17,G9U6C 77 Comdty,arithmetic
94,18,75.44000244140625,77.0,1.6876712328767125,0.0459899997711181,0.20739999999999997,0.9797402914468344,-0.0204677511662574,0.26943417199957376,0.9253196814452692,18,G9U6C 77 Comdty,arithmetic
94,19,73.16999816894531,77.0,1.673972602739726,0.0452799987792968,0.1934,0.9502597164798092,-0.051019945982409894,0.2502249681485273,0.9270039267874093,19,G9U6C 77 Comdty,arithmetic
95,0,69.94000244140625,78.0,1.8246575342465752,0.0422300004959106,0.2703,0.8966666979667468,-0.10907106014720999,0.3651209292635816,0.9258386638899805,0,G9U6C 78 Comdty,arithmetic
95,1,70.29000091552734,78.0,1.8027397260273972,0.0427099990844726,0.2464,0.9011538578913763,-0.10407927247677645,0.3308317773079127,0.9258944719120007,1,G9U6C 78 Comdty,arithmetic
95,2,70.0199966430664,78.0,1.8,0.0432399988174438,0.2553,0.8976922646546975,-0.10792795910556958,0.34252089279341785,0.9251198355902387,2,G9U6C 78 Comdty,arithmetic
95,3,71.29000091552734,78.0,1.797260273972603,0.0439900016784668,0.2607,0.913974370711889,-0.08995274871775785,0.34949946769316864,0.9239831139358009,3,G9U6C 78 Comdty,arithmetic
95,4,70.70999908447266,78.0,1.789041095890411,0.0439699983596801,0.24989999999999998,0.9065384498009315,-0.09812183402107845,0.33425384714131134,0.9243503301150054,4,G9U6C 78 Comdty,arithmetic
95,5,70.08000183105469,78.0,1.7863013698630137,0.0438500022888183,0.2482,0.8984615619365985,-0.10707135393339264,0.33172571802620304,0.9246598681895262,5,G9U6C 78 Comdty,arithmetic
95,6,70.58000183105469,78.0,1.7835616438356163,0.0449399995803833,0.2446,0.9048718183468549,-0.09996198249950003,0.32666342764212847,0.9229748808540986,6,G9U6C 78 Comdty,arithmetic
95,7,69.91000366210938,78.0,1.7808219178082192,0.0457000017166137,0.24789999999999998,0.8962820982321714,-0.10950007378250133,0.33081620316117016,0.9218400383260141,7,G9U6C 78 Comdty,arithmetic
95,8,69.45999908447266,78.0,1.7780821917808218,0.0452400016784668,0.2491,0.8905128087752905,-0.11595779255430512,0.33216176818919924,0.9227098573093567,8,G9U6C 78 Comdty,arithmetic
95,9,69.23999786376953,78.0,1.7698630136986302,0.0459899997711181,0.25170000000000003,0.8876922803047376,-0.11913012723413237,0.3348521118671911,0.9218285754140385,9,G9U6C 78 Comdty,arithmetic
95,10,70.0999984741211,78.0,1.7671232876712328,0.0459100008010864,0.2509,0.8987179291553986,-0.10678605441622173,0.33352937251277753,0.9220750758672918,10,G9U6C 78 Comdty,arithmetic
95,11,69.62000274658203,78.0,1.7616438356164383,0.045789999961853,0.2457,0.8925641377766927,-0.11365690485525064,0.32611007079508075,0.9225020589316892,11,G9U6C 78 Comdty,arithmetic
95,12,70.5999984741211,78.0,1.7589041095890412,0.0461899995803833,0.237,0.905128185565655,-0.0996787038034113,0.31431812695342093,0.9219689063893527,12,G9U6C 78 Comdty,arithmetic
95,13,70.98999786376953,78.0,1.7506849315068491,0.0454500007629394,0.237,0.910128177740635,-0.09416983473028903,0.31358287886587205,0.9235146356240915,13,G9U6C 78 Comdty,arithmetic
95,14,73.12999725341797,78.0,1.7424657534246577,0.0457499980926513,0.2253,0.9375640673515124,-0.06447018496426073,0.2974016114040968,0.923376882059513,14,G9U6C 78 Comdty,arithmetic
95,15,73.95999908447266,78.0,1.7397260273972603,0.0459600019454956,0.2211,0.9482051164675982,-0.053184432549349986,0.29162796880920183,0.9231552920063099,15,G9U6C 78 Comdty,arithmetic
95,16,73.55999755859375,78.0,1.7315068493150685,0.0461800003051757,0.21739999999999998,0.943076891776843,-0.05860746014279019,0.2860695591242351,0.9231523607843002,16,G9U6C 78 Comdty,arithmetic
95,17,73.31999969482422,78.0,1.726027397260274,0.0469299983978271,0.2227,0.93999999608749,-0.061875407880332196,0.2925796119265122,0.9221914200953816,17,G9U6C 78 Comdty,arithmetic
95,18,75.44000244140625,78.0,1.6876712328767125,0.0459899997711181,0.20739999999999997,0.9671795184795673,-0.033371156002165274,0.26943417199957376,0.9253196814452692,18,G9U6C 78 Comdty,arithmetic
95,19,73.16999816894531,78.0,1.673972602739726,0.0452799987792968,0.1934,0.938076899601863,-0.06392335081831771,0.2502249681485273,0.9270039267874093,19,G9U6C 78 Comdty,arithmetic
96,0,69.94000244140625,70.0,2.824657534246575,0.0422300004959106,0.2703,0.9991428920200893,-0.0008574755069772188,0.4542855742661232,0.8875545550241855,0,G9U7C 70 Comdty,arithmetic
96,1,70.29000091552734,70.0,2.802739726027397,0.0427099990844726,0.2464,1.0041428702218191,0.004134312163456184,0.41250772705091515,0.8871821069652261,1,G9U7C 70 Comdty,arithmetic
96,2,70.0199966430664,70.0,2.8,0.0432399988174438,0.2553,1.00028566632952,0.0002856255346631448,0.427198609548299,0.8859701703779165,2,G9U7C 70 Comdty,arithmetic
96,3,71.29000091552734,70.0,2.797260273972603,0.0439900016784668,0.2607,1.0184285845075334,0.018260835922474787,0.4360210636171241,0.8842181381721886,3,G9U7C 70 Comdty,arithmetic
96,4,70.70999908447266,70.0,2.789041095890411,0.0439699983596801,0.24989999999999998,1.010142844063895,0.010091750619154342,0.4173435567116942,0.8845872451653288,4,G9U7C 70 Comdty,arithmetic
96,5,70.08000183105469,70.0,2.786301369863014,0.0438500022888183,0.2482,1.0011428833007812,0.0011422307068400424,0.4143008472112989,0.8849896566480574,5,G9U7C 70 Comdty,arithmetic
96,6,70.58000183105469,70.0,2.783561643835617,0.0449399995803833,0.2446,1.0082857404436385,0.008251602140732874,0.408090866056696,0.8824146055499958,6,G9U7C 70 Comdty,arithmetic
96,7,69.91000366210938,70.0,2.780821917808219,0.0457000017166137,0.24789999999999998,0.9987143380301339,-0.0012864891422685824,0.4133929973692982,0.8806600759145741,7,G9U7C 70 Comdty,arithmetic
96,8,69.45999908447266,70.0,2.778082191780822,0.0452400016784668,0.2491,0.9922857012067522,-0.007744207914072442,0.4151894149018919,0.8818966179807645,8,G9U7C 70 Comdty,arithmetic
96,9,69.23999786376953,70.0,2.76986301369863,0.0459899997711181,0.25170000000000003,0.989142826625279,-0.010916542593899663,0.4189019298379012,0.8803937755621348,9,G9U7C 70 Comdty,arithmetic
96,10,70.0999984741211,70.0,2.767123287671233,0.0459100008010864,0.2509,1.0014285496303013,0.0014275302240109727,0.41736393271192845,0.8806996484396303,10,G9U7C 70 Comdty,arithmetic
96,11,69.62000274658203,70.0,2.7616438356164386,0.045789999961853,0.2457,0.9945714678083147,-0.005443320215017923,0.40830903525880075,0.8812132118658039,11,G9U7C 70 Comdty,arithmetic
96,12,70.5999984741211,70.0,2.758904109589041,0.0461899995803833,0.237,1.0085714067731584,0.008534880836821392,0.3936557949929187,0.8803517110899333,12,G9U7C 70 Comdty,arithmetic
96,13,70.98999786376953,70.0,2.750684931506849,0.0454500007629394,0.237,1.014142826625279,0.01404374990994367,0.39306897857476386,0.8824804598475801,13,G9U7C 70 Comdty,arithmetic
96,14,73.12999725341797,70.0,2.7424657534246575,0.0457499980926513,0.2253,1.0447142464773995,0.04374339967597198,0.3731056264193203,0.8820841644439606,14,G9U7C 70 Comdty,arithmetic
96,15,73.95999908447266,70.0,2.73972602739726,0.0459600019454956,0.2211,1.0565714154924666,0.05502915209088277,0.3659673239399671,0.8816873065561199,15,G9U7C 70 Comdty,arithmetic
96,16,73.55999755859375,70.0,2.7315068493150685,0.0461800003051757,0.21739999999999998,1.0508571079799107,0.04960612449744256,0.3593028703719666,0.8814905591937119,16,G9U7C 70 Comdty,arithmetic
96,17,73.31999969482422,70.0,2.7260273972602738,0.0469299983978271,0.2227,1.0474285670689174,0.04633817675990057,0.36769296881374885,0.8799128052292751,17,G9U7C 70 Comdty,arithmetic
96,18,75.44000244140625,70.0,2.6876712328767125,0.0459899997711181,0.20739999999999997,1.0777143205915178,0.07484242863806748,0.34001401888906857,0.8837279616588746,18,G9U7C 70 Comdty,arithmetic
96,19,73.16999816894531,70.0,2.673972602739726,0.0452799987792968,0.1934,1.04528568812779,0.04429023382191492,0.3162532129242824,0.8859653157184789,19,G9U7C 70 Comdty,arithmetic
97,0,69.94000244140625,71.1,2.824657534246575,0.0422300004959106,0.2703,0.9836849851111991,-0.016449570266813412,0.4542855742661232,0.8875545550241855,0,G9U7C 71.1 Comdty,arithmetic
97,1,70.29000091552734,71.1,2.802739726027397,0.0427099990844726,0.2464,0.9886076078133241,-0.011457782596379938,0.41250772705091515,0.8871821069652261,1,G9U7C 71.1 Comdty,arithmetic
97,2,70.0199966430664,71.1,2.8,0.0432399988174438,0.2553,0.9848100793680227,-0.015306469225172982,0.427198609548299,0.8859701703779165,2,G9U7C 71.1 Comdty,arithmetic
97,3,71.29000091552734,71.1,2.797260273972603,0.0439900016784668,0.2607,1.0026723054223257,0.0026687411626388387,0.4360210636171241,0.8842181381721886,3,G9U7C 71.1 Comdty,arithmetic
97,4,70.70999908447266,71.1,2.789041095890411,0.0439699983596801,0.24989999999999998,0.9945147550558743,-0.0055003441406818,0.4173435567116942,0.8845872451653288,4,G9U7C 71.1 Comdty,arithmetic
97,5,70.08000183105469,71.1,2.786301369863014,0.0438500022888183,0.2482,0.9856540341920491,-0.01444986405299601,0.4143008472112989,0.8849896566480574,5,G9U7C 71.1 Comdty,arithmetic
97,6,70.58000183105469,71.1,2.783561643835617,0.0449399995803833,0.2446,0.9926863829965499,-0.007340492619103311,0.408090866056696,0.8824146055499958,6,G9U7C 71.1 Comdty,arithmetic
97,7,69.91000366210938,71.1,2.780821917808219,0.0457000017166137,0.24789999999999998,0.9832630613517493,-0.01687858390210468,0.4133929973692982,0.8806600759145741,7,G9U7C 71.1 Comdty,arithmetic
97,8,69.45999908447266,71.1,2.778082191780822,0.0452400016784668,0.2491,0.9769338830446225,-0.02333630267390858,0.4151894149018919,0.8818966179807645,8,G9U7C 71.1 Comdty,arithmetic
97,9,69.23999786376953,71.1,2.76986301369863,0.0459899997711181,0.25170000000000003,0.9738396324018219,-0.026508637353735712,0.4189019298379012,0.8803937755621348,9,G9U7C 71.1 Comdty,arithmetic
97,10,70.0999984741211,71.1,2.767123287671233,0.0459100008010864,0.2509,0.9859352809299733,-0.014164564535825047,0.41736393271192845,0.8806996484396303,10,G9U7C 71.1 Comdty,arithmetic
97,11,69.62000274658203,71.1,2.7616438356164386,0.045789999961853,0.2457,0.9791842861685237,-0.021035414974854064,0.40830903525880075,0.8812132118658039,11,G9U7C 71.1 Comdty,arithmetic
97,12,70.5999984741211,71.1,2.758904109589041,0.0461899995803833,0.237,0.9929676297344739,-0.0070572139230146505,0.3936557949929187,0.8803517110899333,12,G9U7C 71.1 Comdty,arithmetic
97,13,70.98999786376953,71.1,2.750684931506849,0.0454500007629394,0.237,0.9984528532175744,-0.0015483448498924118,0.39306897857476386,0.8824804598475801,13,G9U7C 71.1 Comdty,arithmetic
97,14,73.12999725341797,71.1,2.7424657534246575,0.0457499980926513,0.2253,1.0285512975164273,0.028151304916135947,0.3731056264193203,0.8820841644439606,14,G9U7C 71.1 Comdty,arithmetic
97,15,73.95999908447266,71.1,2.73972602739726,0.0459600019454956,0.2211,1.0402250222851288,0.03943705733104655,0.3659673239399671,0.8816873065561199,15,G9U7C 71.1 Comdty,arithmetic
97,16,73.55999755859375,71.1,2.7315068493150685,0.0461800003051757,0.21739999999999998,1.0345991217805028,0.03401402973760638,0.3593028703719666,0.8814905591937119,16,G9U7C 71.1 Comdty,arithmetic
97,17,73.31999969482422,71.1,2.7260273972602738,0.0469299983978271,0.2227,1.031223624399778,0.03074608200006442,0.36769296881374885,0.8799128052292751,17,G9U7C 71.1 Comdty,arithmetic
97,18,75.44000244140625,71.1,2.6876712328767125,0.0459899997711181,0.20739999999999997,1.0610408219607068,0.05925033387823134,0.34001401888906857,0.8837279616588746,18,G9U7C 71.1 Comdty,arithmetic
97,19,73.16999816894531,71.1,2.673972602739726,0.0452799987792968,0.1934,1.0291138982974024,0.02869813906207877,0.3162532129242824,0.8859653157184789,19,G9U7C 71.1 Comdty,arithmetic
98,0,69.94000244140625,75.0,2.824657534246575,0.0422300004959106,0.2703,0.9325333658854167,-0.06985034699392868,0.4542855742661232,0.8875545550241855,0,G9U7C 75 Comdty,arithmetic
98,1,70.29000091552734,75.0,2.802739726027397,0.0427099990844726,0.2464,0.9372000122070312,-0.06485855932349527,0.41250772705091515,0.8871821069652261,1,G9U7C 75 Comdty,arithmetic
98,2,70.0199966430664,75.0,2.8,0.0432399988174438,0.2553,0.9335999552408855,-0.06870724595228828,0.427198609548299,0.8859701703779165,2,G9U7C 75 Comdty,arithmetic
98,3,71.29000091552734,75.0,2.797260273972603,0.0439900016784668,0.2607,0.9505333455403646,-0.05073203556447652,0.4360210636171241,0.8842181381721886,3,G9U7C 75 Comdty,arithmetic
98,4,70.70999908447266,75.0,2.789041095890411,0.0439699983596801,0.24989999999999998,0.9427999877929687,-0.058901120867797176,0.4173435567116942,0.8845872451653288,4,G9U7C 75 Comdty,arithmetic
98,5,70.08000183105469,75.0,2.786301369863014,0.0438500022888183,0.2482,0.9344000244140624,-0.06785064078011138,0.4143008472112989,0.8849896566480574,5,G9U7C 75 Comdty,arithmetic
98,6,70.58000183105469,75.0,2.783561643835617,0.0449399995803833,0.2446,0.9410666910807292,-0.0607412693462187,0.408090866056696,0.8824146055499958,6,G9U7C 75 Comdty,arithmetic
98,7,69.91000366210938,75.0,2.780821917808219,0.0457000017166137,0.24789999999999998,0.9321333821614584,-0.07027936062921995,0.4133929973692982,0.8806600759145741,7,G9U7C 75 Comdty,arithmetic
98,8,69.45999908447266,75.0,2.778082191780822,0.0452400016784668,0.2491,0.9261333211263021,-0.07673707940102384,0.4151894149018919,0.8818966179807645,8,G9U7C 75 Comdty,arithmetic
98,9,69.23999786376953,75.0,2.76986301369863,0.0459899997711181,0.25170000000000003,0.9231999715169271,-0.07990941408085103,0.4189019298379012,0.8803937755621348,9,G9U7C 75 Comdty,arithmetic
98,10,70.0999984741211,75.0,2.767123287671233,0.0459100008010864,0.2509,0.9346666463216146,-0.06756534126294042,0.41736393271192845,0.8806996484396303,10,G9U7C 75 Comdty,arithmetic
98,11,69.62000274658203,75.0,2.7616438356164386,0.045789999961853,0.2457,0.9282667032877604,-0.07443619170196938,0.40830903525880075,0.8812132118658039,11,G9U7C 75 Comdty,arithmetic
98,12,70.5999984741211,75.0,2.758904109589041,0.0461899995803833,0.237,0.9413333129882813,-0.06045799065012993,0.3936557949929187,0.8803517110899333,12,G9U7C 75 Comdty,arithmetic
98,13,70.98999786376953,75.0,2.750684931506849,0.0454500007629394,0.237,0.9465333048502604,-0.05494912157700774,0.39306897857476386,0.8824804598475801,13,G9U7C 75 Comdty,arithmetic
98,14,73.12999725341797,75.0,2.7424657534246575,0.0457499980926513,0.2253,0.9750666300455729,-0.025249471810979432,0.3731056264193203,0.8820841644439606,14,G9U7C 75 Comdty,arithmetic
98,15,73.95999908447266,75.0,2.73972602739726,0.0459600019454956,0.2211,0.986133321126302,-0.013963719396068783,0.3659673239399671,0.8816873065561199,15,G9U7C 75 Comdty,arithmetic
98,16,73.55999755859375,75.0,2.7315068493150685,0.0461800003051757,0.21739999999999998,0.9807999674479166,-0.01938674698950892,0.3593028703719666,0.8814905591937119,16,G9U7C 75 Comdty,arithmetic
98,17,73.31999969482422,75.0,2.7260273972602738,0.0469299983978271,0.2227,0.9775999959309896,-0.0226546947270509,0.36769296881374885,0.8799128052292751,17,G9U7C 75 Comdty,arithmetic
98,18,75.44000244140625,75.0,2.6876712328767125,0.0459899997711181,0.20739999999999997,1.00586669921875,0.005849557151115972,0.34001401888906857,0.8837279616588746,18,G9U7C 75 Comdty,arithmetic
98,19,73.16999816894531,75.0,2.673972602739726,0.0452799987792968,0.1934,0.9755999755859375,-0.024702637665036484,0.3162532129242824,0.8859653157184789,19,G9U7C 75 Comdty,arithmetic
99,0,69.94000244140625,70.85,1.906849315068493,0.0422300004959106,0.2703,0.9871559977615562,-0.012927199594307654,0.3732537960610348,0.922630686497648,0,G9V6C 70.85 Comdty,arithmetic
99,1,70.29000091552734,70.85,1.884931506849315,0.0427099990844726,0.2464,0.9920959903391299,-0.007935411923874102,0.33828947837330414,0.9226499001026807,1,G9V6C 70.85 Comdty,arithmetic
99,2,70.0199966430664,70.85,1.8821917808219175,0.0432399988174438,0.2553,0.9882850620051716,-0.011784098552667259,0.3502537155943834,0.921837820680112,2,G9V6C 70.85 Comdty,arithmetic
99,3,71.29000091552734,70.85,1.8794520547945208,0.0439900016784668,0.2607,1.0062103163800613,0.006191111835144439,0.35740173528336655,0.9206483774698725,3,G9V6C 70.85 Comdty,arithmetic
99,4,70.70999908447266,70.85,1.8712328767123287,0.0439699983596801,0.24989999999999998,0.9980239814322183,-0.0019779734681760093,0.34184574278907387,0.9210157825820665,4,G9V6C 70.85 Comdty,arithmetic
99,5,70.08000183105469,70.85,1.8684931506849316,0.0438500022888183,0.2482,0.9891319947925856,-0.010927493380490266,0.3392716197974714,0.9213332907940022,5,G9V6C 70.85 Comdty,arithmetic
99,6,70.58000183105469,70.85,1.8657534246575345,0.0449399995803833,0.2446,0.9961891578130514,-0.003818121946597631,0.334105462637748,0.9195719783499018,6,G9V6C 70.85 Comdty,arithmetic
99,7,69.91000366210938,70.85,1.8630136986301369,0.0457000017166137,0.24789999999999998,0.9867325852097302,-0.013356213229598872,0.3383643120531964,0.9183839503575885,7,G9V6C 70.85 Comdty,arithmetic
99,8,69.45999908447266,70.85,1.8602739726027395,0.0452400016784668,0.2491,0.9803810738810538,-0.0198139320014028,0.33975212555908724,0.9192852641706902,8,G9V6C 70.85 Comdty,arithmetic
99,9,69.23999786376953,70.85,1.852054794520548,0.0459899997711181,0.25170000000000003,0.9772759049226469,-0.02298626668123001,0.34253908342148776,0.9183506408537769,9,G9V6C 70.85 Comdty,arithmetic
99,10,70.0999984741211,70.85,1.8493150684931507,0.0459100008010864,0.2509,0.989414233932549,-0.010642193863319344,0.34119771615127986,0.9186022513209239,10,G9V6C 70.85 Comdty,arithmetic
99,11,69.62000274658203,70.85,1.8438356164383565,0.045789999961853,0.2457,0.9826394177358085,-0.017513044302348325,0.3336308918139967,0.9190366907230605,11,G9V6C 70.85 Comdty,arithmetic
99,12,70.5999984741211,70.85,1.841095890410959,0.0461899995803833,0.237,0.9964713969530148,-0.0035348432505088977,0.32157816323328475,0.9184753440447673,12,G9V6C 70.85 Comdty,arithmetic
99,13,70.98999786376953,70.85,1.832876712328767,0.0454500007629394,0.237,1.0019759754942772,0.001974025822613353,0.32085955191453236,0.9200711748411496,13,G9V6C 70.85 Comdty,arithmetic
99,14,73.12999725341797,70.85,1.8246575342465752,0.0457499980926513,0.2253,1.0321806246071696,0.031673675588641564,0.3043349809955047,0.9199112520901404,14,G9V6C 70.85 Comdty,arithmetic
99,15,73.95999908447266,70.85,1.821917808219178,0.0459600019454956,0.2211,1.0438955410652457,0.04295942800355232,0.29843732115393046,0.9196746194474381,15,G9V6C 70.85 Comdty,arithmetic
99,16,73.55999755859375,70.85,1.8136986301369864,0.0461800003051757,0.21739999999999998,1.0382497891121207,0.03753640041011215,0.29278046906939187,0.9196550698716294,16,G9V6C 70.85 Comdty,arithmetic
99,17,73.31999969482422,70.85,1.8082191780821917,0.0469299983978271,0.2227,1.0348623810137505,0.03426845267257017,0.29946478010034494,0.9186411394669595,17,G9V6C 70.85 Comdty,arithmetic
99,18,75.44000244140625,70.85,1.7698630136986302,0.0459899997711181,0.20739999999999997,1.0647847909866797,0.0627727045507371,0.2759170758889766,0.9218285754140385,18,G9V6C 70.85 Comdty,arithmetic
99,19,73.16999816894531,70.85,1.7561643835616438,0.0452799987792968,0.1934,1.0327452105708583,0.03222050973458454,0.2562943617998862,0.9235603602692065,19,G9V6C 70.85 Comdty,arithmetic
100,0,69.94000244140625,71.1,1.906849315068493,0.0422300004959106,0.2703,0.9836849851111991,-0.016449570266813412,0.3732537960610348,0.922630686497648,0,G9V6C 71.1 Comdty,arithmetic
100,1,70.29000091552734,71.1,1.884931506849315,0.0427099990844726,0.2464,0.9886076078133241,-0.011457782596379938,0.33828947837330414,0.9226499001026807,1,G9V6C 71.1 Comdty,arithmetic
100,2,70.0199966430664,71.1,1.8821917808219175,0.0432399988174438,0.2553,0.9848100793680227,-0.015306469225172982,0.3502537155943834,0.921837820680112,2,G9V6C 71.1 Comdty,arithmetic
100,3,71.29000091552734,71.1,1.8794520547945208,0.0439900016784668,0.2607,1.0026723054223257,0.0026687411626388387,0.35740173528336655,0.9206483774698725,3,G9V6C 71.1 Comdty,arithmetic
100,4,70.70999908447266,71.1,1.8712328767123287,0.0439699983596801,0.24989999999999998,0.9945147550558743,-0.0055003441406818,0.34184574278907387,0.9210157825820665,4,G9V6C 71.1 Comdty,arithmetic
100,5,70.08000183105469,71.1,1.8684931506849316,0.0438500022888183,0.2482,0.9856540341920491,-0.01444986405299601,0.3392716197974714,0.9213332907940022,5,G9V6C 71.1 Comdty,arithmetic
100,6,70.58000183105469,71.1,1.8657534246575345,0.0449399995803833,0.2446,0.9926863829965499,-0.007340492619103311,0.334105462637748,0.9195719783499018,6,G9V6C 71.1 Comdty,arithmetic
100,7,69.91000366210938,71.1,1.8630136986301369,0.0457000017166137,0.24789999999999998,0.9832630613517493,-0.01687858390210468,0.3383643120531964,0.9183839503575885,7,G9V6C 71.1 Comdty,arithmetic
100,8,69.45999908447266,71.1,1.8602739726027395,0.0452400016784668,0.2491,0.9769338830446225,-0.02333630267390858,0.33975212555908724,0.9192852641706902,8,G9V6C 71.1 Comdty,arithmetic
100,9,69.23999786376953,71.1,1.852054794520548,0.0459899997711181,0.25170000000000003,0.9738396324018219,-0.026508637353735712,0.34253908342148776,0.9183506408537769,9,G9V6C 71.1 Comdty,arithmetic
100,10,70.0999984741211,71.1,1.8493150684931507,0.0459100008010864,0.2509,0.9859352809299733,-0.014164564535825047,0.34119771615127986,0.9186022513209239,10,G9V6C 71.1 Comdty,arithmetic
100,11,69.62000274658203,71.1,1.8438356164383565,0.045789999961853,0.2457,0.9791842861685237,-0.021035414974854064,0.3336308918139967,0.9190366907230605,11,G9V6C 71.1 Comdty,arithmetic
100,12,70.5999984741211,71.1,1.841095890410959,0.0461899995803833,0.237,0.9929676297344739,-0.0070572139230146505,0.32157816323328475,0.9184753440447673,12,G9V6C 71.1 Comdty,arithmetic
100,13,70.98999786376953,71.1,1.832876712328767,0.0454500007629394,0.237,0.9984528532175744,-0.0015483448498924118,0.32085955191453236,0.9200711748411496,13,G9V6C 71.1 Comdty,arithmetic
100,14,73.12999725341797,71.1,1.8246575342465752,0.0457499980926513,0.2253,1.0285512975164273,0.028151304916135947,0.3043349809955047,0.9199112520901404,14,G9V6C 71.1 Comdty,arithmetic
100,15,73.95999908447266,71.1,1.821917808219178,0.0459600019454956,0.2211,1.0402250222851288,0.03943705733104655,0.29843732115393046,0.9196746194474381,15,G9V6C 71.1 Comdty,arithmetic
100,16,73.55999755859375,71.1,1.8136986301369864,0.0461800003051757,0.21739999999999998,1.0345991217805028,0.03401402973760638,0.29278046906939187,0.9196550698716294,16,G9V6C 71.1 Comdty,arithmetic
100,17,73.31999969482422,71.1,1.8082191780821917,0.0469299983978271,0.2227,1.031223624399778,0.03074608200006442,0.29946478010034494,0.9186411394669595,17,G9V6C 71.1 Comdty,arithmetic
100,18,75.44000244140625,71.1,1.7698630136986302,0.0459899997711181,0.20739999999999997,1.0610408219607068,0.05925033387823134,0.2759170758889766,0.9218285754140385,18,G9V6C 71.1 Comdty,arithmetic
100,19,73.16999816894531,71.1,1.7561643835616438,0.0452799987792968,0.1934,1.0291138982974024,0.02869813906207877,0.2562943617998862,0.9235603602692065,19,G9V6C 71.1 Comdty,arithmetic
101,0,69.94000244140625,72.75,1.906849315068493,0.0422300004959106,0.2703,0.9613746040055842,-0.039391139509220185,0.3732537960610348,0.922630686497648,0,G9V6C 72.75 Comdty,arithmetic
101,1,70.29000091552734,72.75,1.884931506849315,0.0427099990844726,0.2464,0.9661855795948776,-0.03439935183878663,0.33828947837330414,0.9226499001026807,1,G9V6C 72.75 Comdty,arithmetic
101,2,70.0199966430664,72.75,1.8821917808219175,0.0432399988174438,0.2553,0.9624741806607067,-0.03824803846757971,0.3502537155943834,0.921837820680112,2,G9V6C 72.75 Comdty,arithmetic
101,3,71.29000091552734,72.75,1.8794520547945208,0.0439900016784668,0.2607,0.9799312840622315,-0.020272828079768032,0.35740173528336655,0.9206483774698725,3,G9V6C 72.75 Comdty,arithmetic
101,4,70.70999908447266,72.75,1.8712328767123287,0.0439699983596801,0.24989999999999998,0.9719587503020296,-0.028441913383088605,0.34184574278907387,0.9210157825820665,4,G9V6C 72.75 Comdty,arithmetic
101,5,70.08000183105469,72.75,1.8684931506849316,0.0438500022888183,0.2482,0.9632989942413015,-0.03739143329540282,0.3392716197974714,0.9213332907940022,5,G9V6C 72.75 Comdty,arithmetic
101,6,70.58000183105469,72.75,1.8657534246575345,0.0449399995803833,0.2446,0.9701718464749786,-0.0302820618615101,0.334105462637748,0.9195719783499018,6,G9V6C 72.75 Comdty,arithmetic
101,7,69.91000366210938,72.75,1.8630136986301369,0.0457000017166137,0.24789999999999998,0.960962249650988,-0.03982015314451143,0.3383643120531964,0.9183839503575885,7,G9V6C 72.75 Comdty,arithmetic
101,8,69.45999908447266,72.75,1.8602739726027395,0.0452400016784668,0.2491,0.9547766197178372,-0.04627787191631528,0.33975212555908724,0.9192852641706902,8,G9V6C 72.75 Comdty,arithmetic
101,9,69.23999786376953,72.75,1.852054794520548,0.0459899997711181,0.25170000000000003,0.9517525479555949,-0.04945020659614251,0.34253908342148776,0.9183506408537769,9,G9V6C 72.75 Comdty,arithmetic
101,10,70.0999984741211,72.75,1.8493150684931507,0.0459100008010864,0.2509,0.9635738621872315,-0.03710613377823187,0.34119771615127986,0.9186022513209239,10,G9V6C 72.75 Comdty,arithmetic
101,11,69.62000274658203,72.75,1.8438356164383565,0.045789999961853,0.2457,0.956975982770887,-0.04397698421726084,0.3336308918139967,0.9190366907230605,11,G9V6C 72.75 Comdty,arithmetic
101,12,70.5999984741211,72.75,1.841095890410959,0.0461899995803833,0.237,0.9704467144209085,-0.02999878316542145,0.32157816323328475,0.9184753440447673,12,G9V6C 72.75 Comdty,arithmetic
101,13,70.98999786376953,72.75,1.832876712328767,0.0454500007629394,0.237,0.9758075307734644,-0.024489914092299173,0.32085955191453236,0.9200711748411496,13,G9V6C 72.75 Comdty,arithmetic
101,14,73.12999725341797,72.75,1.8246575342465752,0.0457499980926513,0.2253,1.0052233299438895,0.005209735673729024,0.3043349809955047,0.9199112520901404,14,G9V6C 72.75 Comdty,arithmetic
101,15,73.95999908447266,72.75,1.821917808219178,0.0459600019454956,0.2211,1.01663228982093,0.016495488088639737,0.29843732115393046,0.9196746194474381,15,G9V6C 72.75 Comdty,arithmetic
101,16,73.55999755859375,72.75,1.8136986301369864,0.0461800003051757,0.21739999999999998,1.0111339870597078,0.011072460495199558,0.29278046906939187,0.9196550698716294,16,G9V6C 72.75 Comdty,arithmetic
101,17,73.31999969482422,72.75,1.8082191780821917,0.0469299983978271,0.2227,1.0078350473515356,0.007804512757657631,0.29946478010034494,0.9186411394669595,17,G9V6C 72.75 Comdty,arithmetic
101,18,75.44000244140625,72.75,1.7698630136986302,0.0459899997711181,0.20739999999999997,1.0369759785760309,0.036308764635824504,0.2759170758889766,0.9218285754140385,18,G9V6C 72.75 Comdty,arithmetic
101,19,73.16999816894531,72.75,1.7561643835616438,0.0452799987792968,0.1934,1.005773170707152,0.005756569819672028,0.2562943617998862,0.9235603602692065,19,G9V6C 72.75 Comdty,arithmetic
102,0,69.94000244140625,74.4,1.906849315068493,0.0422300004959106,0.2703,0.9400537962554603,-0.06181817529666454,0.3732537960610348,0.922630686497648,0,G9V6C 74.4 Comdty,arithmetic
102,1,70.29000091552734,74.4,1.884931506849315,0.0427099990844726,0.2464,0.9447580768216041,-0.05682638762623097,0.33828947837330414,0.9226499001026807,1,G9V6C 74.4 Comdty,arithmetic
102,2,70.0199966430664,74.4,1.8821917808219175,0.0432399988174438,0.2553,0.9411289871379893,-0.06067507425502408,0.3502537155943834,0.921837820680112,2,G9V6C 74.4 Comdty,arithmetic
102,3,71.29000091552734,74.4,1.8794520547945208,0.0439900016784668,0.2607,0.9581989370366578,-0.042699863867212334,0.35740173528336655,0.9206483774698725,3,G9V6C 74.4 Comdty,arithmetic
102,4,70.70999908447266,74.4,1.8712328767123287,0.0439699983596801,0.24989999999999998,0.9504032135009765,-0.05086894917053297,0.34184574278907387,0.9210157825820665,4,G9V6C 74.4 Comdty,arithmetic
102,5,70.08000183105469,74.4,1.8684931506849316,0.0438500022888183,0.2482,0.9419355084819178,-0.059818469082847145,0.3392716197974714,0.9213332907940022,5,G9V6C 74.4 Comdty,arithmetic
102,6,70.58000183105469,74.4,1.8657534246575345,0.0449399995803833,0.2446,0.9486559385894446,-0.05270909764895452,0.334105462637748,0.9195719783499018,6,G9V6C 74.4 Comdty,arithmetic
102,7,69.91000366210938,74.4,1.8630136986301369,0.0457000017166137,0.24789999999999998,0.9396505868563088,-0.06224718893195577,0.3383643120531964,0.9183839503575885,7,G9V6C 74.4 Comdty,arithmetic
102,8,69.45999908447266,74.4,1.8602739726027395,0.0452400016784668,0.2491,0.9336021382321593,-0.06870490770375964,0.33975212555908724,0.9192852641706902,8,G9V6C 74.4 Comdty,arithmetic
102,9,69.23999786376953,74.4,1.852054794520548,0.0459899997711181,0.25170000000000003,0.9306451325775474,-0.07187724238358684,0.34253908342148776,0.9183506408537769,9,G9V6C 74.4 Comdty,arithmetic
102,10,70.0999984741211,74.4,1.8493150684931507,0.0459100008010864,0.2509,0.9422042805661437,-0.05953316956567618,0.34119771615127986,0.9186022513209239,10,G9V6C 74.4 Comdty,arithmetic
102,11,69.62000274658203,74.4,1.8438356164383565,0.045789999961853,0.2457,0.9357527250884681,-0.06640402000470522,0.3336308918139967,0.9190366907230605,11,G9V6C 74.4 Comdty,arithmetic
102,12,70.5999984741211,74.4,1.841095890410959,0.0461899995803833,0.237,0.9489247106736706,-0.052425818952865744,0.32157816323328475,0.9184753440447673,12,G9V6C 74.4 Comdty,arithmetic
102,13,70.98999786376953,74.4,1.832876712328767,0.0454500007629394,0.237,0.9541666379538914,-0.046916949879743604,0.32085955191453236,0.9200711748411496,13,G9V6C 74.4 Comdty,arithmetic
102,14,73.12999725341797,74.4,1.8246575342465752,0.0457499980926513,0.2253,0.9829300706104565,-0.0172173001137153,0.3043349809955047,0.9199112520901404,14,G9V6C 74.4 Comdty,arithmetic
102,15,73.95999908447266,74.4,1.821917808219178,0.0459600019454956,0.2211,0.9940860091999012,-0.005931547698804567,0.29843732115393046,0.9196746194474381,15,G9V6C 74.4 Comdty,arithmetic
102,16,73.55999755859375,74.4,1.8136986301369864,0.0461800003051757,0.21739999999999998,0.9887096446047546,-0.011354575292244706,0.29278046906939187,0.9196550698716294,16,G9V6C 74.4 Comdty,arithmetic
102,17,73.31999969482422,74.4,1.8082191780821917,0.0469299983978271,0.2227,0.9854838668659168,-0.014622523029786718,0.29946478010034494,0.9186411394669595,17,G9V6C 74.4 Comdty,arithmetic
102,18,75.44000244140625,74.4,1.7698630136986302,0.0459899997711181,0.20739999999999997,1.013978527438256,0.013881728848380258,0.2759170758889766,0.9218285754140385,18,G9V6C 74.4 Comdty,arithmetic
102,19,73.16999816894531,74.4,1.7561643835616438,0.0452799987792968,0.1934,0.9834677173245336,-0.01667046596777233,0.2562943617998862,0.9235603602692065,19,G9V6C 74.4 Comdty,arithmetic
103,0,69.94000244140625,75.0,1.906849315068493,0.0422300004959106,0.2703,0.9325333658854167,-0.06985034699392868,0.3732537960610348,0.922630686497648,0,G9V6C 75 Comdty,arithmetic
103,1,70.29000091552734,75.0,1.884931506849315,0.0427099990844726,0.2464,0.9372000122070312,-0.06485855932349527,0.33828947837330414,0.9226499001026807,1,G9V6C 75 Comdty,arithmetic
103,2,70.0199966430664,75.0,1.8821917808219175,0.0432399988174438,0.2553,0.9335999552408855,-0.06870724595228828,0.3502537155943834,0.921837820680112,2,G9V6C 75 Comdty,arithmetic
103,3,71.29000091552734,75.0,1.8794520547945208,0.0439900016784668,0.2607,0.9505333455403646,-0.05073203556447652,0.35740173528336655,0.9206483774698725,3,G9V6C 75 Comdty,arithmetic
103,4,70.70999908447266,75.0,1.8712328767123287,0.0439699983596801,0.24989999999999998,0.9427999877929687,-0.058901120867797176,0.34184574278907387,0.9210157825820665,4,G9V6C 75 Comdty,arithmetic
103,5,70.08000183105469,75.0,1.8684931506849316,0.0438500022888183,0.2482,0.9344000244140624,-0.06785064078011138,0.3392716197974714,0.9213332907940022,5,G9V6C 75 Comdty,arithmetic
103,6,70.58000183105469,75.0,1.8657534246575345,0.0449399995803833,0.2446,0.9410666910807292,-0.0607412693462187,0.334105462637748,0.9195719783499018,6,G9V6C 75 Comdty,arithmetic
103,7,69.91000366210938,75.0,1.8630136986301369,0.0457000017166137,0.24789999999999998,0.9321333821614584,-0.07027936062921995,0.3383643120531964,0.9183839503575885,7,G9V6C 75 Comdty,arithmetic
103,8,69.45999908447266,75.0,1.8602739726027395,0.0452400016784668,0.2491,0.9261333211263021,-0.07673707940102384,0.33975212555908724,0.9192852641706902,8,G9V6C 75 Comdty,arithmetic
103,9,69.23999786376953,75.0,1.852054794520548,0.0459899997711181,0.25170000000000003,0.9231999715169271,-0.07990941408085103,0.34253908342148776,0.9183506408537769,9,G9V6C 75 Comdty,arithmetic
103,10,70.0999984741211,75.0,1.8493150684931507,0.0459100008010864,0.2509,0.9346666463216146,-0.06756534126294042,0.34119771615127986,0.9186022513209239,10,G9V6C 75 Comdty,arithmetic
103,11,69.62000274658203,75.0,1.8438356164383565,0.045789999961853,0.2457,0.9282667032877604,-0.07443619170196938,0.3336308918139967,0.9190366907230605,11,G9V6C 75 Comdty,arithmetic
103,12,70.5999984741211,75.0,1.841095890410959,0.0461899995803833,0.237,0.9413333129882813,-0.06045799065012993,0.32157816323328475,0.9184753440447673,12,G9V6C 75 Comdty,arithmetic
103,13,70.98999786376953,75.0,1.832876712328767,0.0454500007629394,0.237,0.9465333048502604,-0.05494912157700774,0.32085955191453236,0.9200711748411496,13,G9V6C 75 Comdty,arithmetic
103,14,73.12999725341797,75.0,1.8246575342465752,0.0457499980926513,0.2253,0.9750666300455729,-0.025249471810979432,0.3043349809955047,0.9199112520901404,14,G9V6C 75 Comdty,arithmetic
103,15,73.95999908447266,75.0,1.821917808219178,0.0459600019454956,0.2211,0.986133321126302,-0.013963719396068783,0.29843732115393046,0.9196746194474381,15,G9V6C 75 Comdty,arithmetic
103,16,73.55999755859375,75.0,1.8136986301369864,0.0461800003051757,0.21739999999999998,0.9807999674479166,-0.01938674698950892,0.29278046906939187,0.9196550698716294,16,G9V6C 75 Comdty,arithmetic
103,17,73.31999969482422,75.0,1.8082191780821917,0.0469299983978271,0.2227,0.9775999959309896,-0.0226546947270509,0.29946478010034494,0.9186411394669595,17,G9V6C 75 Comdty,arithmetic
103,18,75.44000244140625,75.0,1.7698630136986302,0.0459899997711181,0.20739999999999997,1.00586669921875,0.005849557151115972,0.2759170758889766,0.9218285754140385,18,G9V6C 75 Comdty,arithmetic
103,19,73.16999816894531,75.0,1.7561643835616438,0.0452799987792968,0.1934,0.9755999755859375,-0.024702637665036484,0.2562943617998862,0.9235603602692065,19,G9V6C 75 Comdty,arithmetic
104,0,69.94000244140625,75.8,1.906849315068493,0.0422300004959106,0.2703,0.9226913250845152,-0.08046052610594417,0.3732537960610348,0.922630686497648,0,G9V6C 75.8 Comdty,arithmetic
104,1,70.29000091552734,75.8,1.884931506849315,0.0427099990844726,0.2464,0.9273087192022077,-0.07546873843551075,0.33828947837330414,0.9226499001026807,1,G9V6C 75.8 Comdty,arithmetic
104,2,70.0199966430664,75.8,1.8821917808219175,0.0432399988174438,0.2553,0.9237466575602429,-0.0793174250643038,0.3502537155943834,0.921837820680112,2,G9V6C 75.8 Comdty,arithmetic
104,3,71.29000091552734,75.8,1.8794520547945208,0.0439900016784668,0.2607,0.9405013313394109,-0.061342214676492014,0.35740173528336655,0.9206483774698725,3,G9V6C 75.8 Comdty,arithmetic
104,4,70.70999908447266,75.8,1.8712328767123287,0.0439699983596801,0.24989999999999998,0.9328495921434388,-0.06951129997981262,0.34184574278907387,0.9210157825820665,4,G9V6C 75.8 Comdty,arithmetic
104,5,70.08000183105469,75.8,1.8684931506849316,0.0438500022888183,0.2482,0.9245382827315922,-0.07846081989212682,0.3392716197974714,0.9213332907940022,5,G9V6C 75.8 Comdty,arithmetic
104,6,70.58000183105469,75.8,1.8657534246575345,0.0449399995803833,0.2446,0.9311345888001938,-0.07135144845823413,0.334105462637748,0.9195719783499018,6,G9V6C 75.8 Comdty,arithmetic
104,7,69.91000366210938,75.8,1.8630136986301369,0.0457000017166137,0.24789999999999998,0.922295562824662,-0.08088953974123549,0.3383643120531964,0.9183839503575885,7,G9V6C 75.8 Comdty,arithmetic
104,8,69.45999908447266,75.8,1.8602739726027395,0.0452400016784668,0.2491,0.9163588269719348,-0.08734725851303933,0.33975212555908724,0.9192852641706902,8,G9V6C 75.8 Comdty,arithmetic
104,9,69.23999786376953,75.8,1.852054794520548,0.0459899997711181,0.25170000000000003,0.9134564361974873,-0.09051959319286652,0.34253908342148776,0.9183506408537769,9,G9V6C 75.8 Comdty,arithmetic
104,10,70.0999984741211,75.8,1.8493150684931507,0.0459100008010864,0.2509,0.9248020906876134,-0.07817552037495587,0.34119771615127986,0.9186022513209239,10,G9V6C 75.8 Comdty,arithmetic
104,11,69.62000274658203,75.8,1.8438356164383565,0.045789999961853,0.2457,0.9184696932266759,-0.08504637081398485,0.3336308918139967,0.9190366907230605,11,G9V6C 75.8 Comdty,arithmetic
104,12,70.5999984741211,75.8,1.841095890410959,0.0461899995803833,0.237,0.9313983967562149,-0.0710681697621455,0.32157816323328475,0.9184753440447673,12,G9V6C 75.8 Comdty,arithmetic
104,13,70.98999786376953,75.8,1.832876712328767,0.0454500007629394,0.237,0.9365435074375928,-0.0655593006890232,0.32085955191453236,0.9200711748411496,13,G9V6C 75.8 Comdty,arithmetic
104,14,73.12999725341797,75.8,1.8246575342465752,0.0457499980926513,0.2253,0.9647756893590761,-0.035859650922994986,0.3043349809955047,0.9199112520901404,14,G9V6C 75.8 Comdty,arithmetic
104,15,73.95999908447266,75.8,1.821917808219178,0.0459600019454956,0.2211,0.9757255815893491,-0.02457389850808421,0.29843732115393046,0.9196746194474381,15,G9V6C 75.8 Comdty,arithmetic
104,16,73.55999755859375,75.8,1.8136986301369864,0.0461800003051757,0.21739999999999998,0.9704485166041392,-0.029996926101524386,0.29278046906939187,0.9196550698716294,16,G9V6C 75.8 Comdty,arithmetic
104,17,73.31999969482422,75.8,1.8082191780821917,0.0469299983978271,0.2227,0.9672823178736705,-0.03326487383906637,0.29946478010034494,0.9186411394669595,17,G9V6C 75.8 Comdty,arithmetic
104,18,75.44000244140625,75.8,1.7698630136986302,0.0459899997711181,0.20739999999999997,0.9952506918391326,-0.004760621960899464,0.2759170758889766,0.9218285754140385,18,G9V6C 75.8 Comdty,arithmetic
104,19,73.16999816894531,75.8,1.7561643835616438,0.0452799987792968,0.1934,0.9653034059227614,-0.03531281677705194,0.2562943617998862,0.9235603602692065,19,G9V6C 75.8 Comdty,arithmetic
105,0,69.94000244140625,77.0,1.906849315068493,0.0422300004959106,0.2703,0.908311720018263,-0.09616765531130211,0.3732537960610348,0.922630686497648,0,G9V6C 77 Comdty,arithmetic
105,1,70.29000091552734,77.0,1.884931506849315,0.0427099990844726,0.2464,0.9128571547471084,-0.0911758676408686,0.33828947837330414,0.9226499001026807,1,G9V6C 77 Comdty,arithmetic
105,2,70.0199966430664,77.0,1.8821917808219175,0.0432399988174438,0.2553,0.9093506057541092,-0.09502455426966169,0.3502537155943834,0.921837820680112,2,G9V6C 77 Comdty,arithmetic
105,3,71.29000091552734,77.0,1.8794520547945208,0.0439900016784668,0.2607,0.9258441677341214,-0.07704934388184995,0.35740173528336655,0.9206483774698725,3,G9V6C 77 Comdty,arithmetic
105,4,70.70999908447266,77.0,1.8712328767123287,0.0439699983596801,0.24989999999999998,0.9183116764217228,-0.08521842918517049,0.34184574278907387,0.9210157825820665,4,G9V6C 77 Comdty,arithmetic
105,5,70.08000183105469,77.0,1.8684931506849316,0.0438500022888183,0.2482,0.9101298939098011,-0.09416794909748472,0.3392716197974714,0.9213332907940022,5,G9V6C 77 Comdty,arithmetic
105,6,70.58000183105469,77.0,1.8657534246575345,0.0449399995803833,0.2446,0.9166234004033076,-0.08705857766359214,0.334105462637748,0.9195719783499018,6,G9V6C 77 Comdty,arithmetic
105,7,69.91000366210938,77.0,1.8630136986301369,0.0457000017166137,0.24789999999999998,0.90792212548194,-0.09659666894659337,0.3383643120531964,0.9183839503575885,7,G9V6C 77 Comdty,arithmetic
105,8,69.45999908447266,77.0,1.8602739726027395,0.0452400016784668,0.2491,0.9020779101879566,-0.10305438771839726,0.33975212555908724,0.9192852641706902,8,G9V6C 77 Comdty,arithmetic
105,9,69.23999786376953,77.0,1.852054794520548,0.0459899997711181,0.25170000000000003,0.8992207514775263,-0.1062267223982245,0.34253908342148776,0.9183506408537769,9,G9V6C 77 Comdty,arithmetic
105,10,70.0999984741211,77.0,1.8493150684931507,0.0459100008010864,0.2509,0.9103895905730012,-0.09388264958031385,0.34119771615127986,0.9186022513209239,10,G9V6C 77 Comdty,arithmetic
105,11,69.62000274658203,77.0,1.8438356164383565,0.045789999961853,0.2457,0.9041558798257406,-0.10075350001934281,0.3336308918139967,0.9190366907230605,11,G9V6C 77 Comdty,arithmetic
105,12,70.5999984741211,77.0,1.841095890410959,0.0461899995803833,0.237,0.9168830970665077,-0.08677529896750334,0.32157816323328475,0.9184753440447673,12,G9V6C 77 Comdty,arithmetic
105,13,70.98999786376953,77.0,1.832876712328767,0.0454500007629394,0.237,0.9219480242047992,-0.08126642989438111,0.32085955191453236,0.9200711748411496,13,G9V6C 77 Comdty,arithmetic
105,14,73.12999725341797,77.0,1.8246575342465752,0.0457499980926513,0.2253,0.9497402240703632,-0.0515667801283529,0.3043349809955047,0.9199112520901404,14,G9V6C 77 Comdty,arithmetic
105,15,73.95999908447266,77.0,1.821917808219178,0.0459600019454956,0.2211,0.960519468629515,-0.04028102771344218,0.29843732115393046,0.9196746194474381,15,G9V6C 77 Comdty,arithmetic
105,16,73.55999755859375,77.0,1.8136986301369864,0.0461800003051757,0.21739999999999998,0.9553246436181007,-0.04570405530688229,0.29278046906939187,0.9196550698716294,16,G9V6C 77 Comdty,arithmetic
105,17,73.31999969482422,77.0,1.8082191780821917,0.0469299983978271,0.2227,0.9522077882444704,-0.04897200304442428,0.29946478010034494,0.9186411394669595,17,G9V6C 77 Comdty,arithmetic
105,18,75.44000244140625,77.0,1.7698630136986302,0.0459899997711181,0.20739999999999997,0.9797402914468344,-0.0204677511662574,0.2759170758889766,0.9218285754140385,18,G9V6C 77 Comdty,arithmetic
105,19,73.16999816894531,77.0,1.7561643835616438,0.0452799987792968,0.1934,0.9502597164798092,-0.051019945982409894,0.2562943617998862,0.9235603602692065,19,G9V6C 77 Comdty,arithmetic
106,0,69.94000244140625,78.45,1.906849315068493,0.0422300004959106,0.2703,0.8915232943455226,-0.1148237126366599,0.3732537960610348,0.922630686497648,0,G9V6C 78.45 Comdty,arithmetic
106,1,70.29000091552734,78.45,1.884931506849315,0.0427099990844726,0.2464,0.8959847153030891,-0.10983192496622643,0.33828947837330414,0.9226499001026807,1,G9V6C 78.45 Comdty,arithmetic
106,2,70.0199966430664,78.45,1.8821917808219175,0.0432399988174438,0.2553,0.8925429782417642,-0.11368061159501953,0.3502537155943834,0.921837820680112,2,G9V6C 78.45 Comdty,arithmetic
106,3,71.29000091552734,78.45,1.8794520547945208,0.0439900016784668,0.2607,0.908731687897098,-0.09570540120720777,0.35740173528336655,0.9206483774698725,3,G9V6C 78.45 Comdty,arithmetic
106,4,70.70999908447266,78.45,1.8712328767123287,0.0439699983596801,0.24989999999999998,0.9013384204521689,-0.10387448651052832,0.34184574278907387,0.9210157825820665,4,G9V6C 78.45 Comdty,arithmetic
106,5,70.08000183105469,78.45,1.8684931506849316,0.0438500022888183,0.2482,0.8933078627285492,-0.11282400642284249,0.3392716197974714,0.9213332907940022,5,G9V6C 78.45 Comdty,arithmetic
106,6,70.58000183105469,78.45,1.8657534246575345,0.0449399995803833,0.2446,0.8996813490255536,-0.10571463498894991,0.334105462637748,0.9195719783499018,6,G9V6C 78.45 Comdty,arithmetic
106,7,69.91000366210938,78.45,1.8630136986301369,0.0457000017166137,0.24789999999999998,0.8911409007279716,-0.1152527262719512,0.3383643120531964,0.9183839503575885,7,G9V6C 78.45 Comdty,arithmetic
106,8,69.45999908447266,78.45,1.8602739726027395,0.0452400016784668,0.2491,0.8854047047096578,-0.12171044504375501,0.33975212555908724,0.9192852641706902,8,G9V6C 78.45 Comdty,arithmetic
106,9,69.23999786376953,78.45,1.852054794520548,0.0459899997711181,0.25170000000000003,0.8826003551787065,-0.12488277972358232,0.34253908342148776,0.9183506408537769,9,G9V6C 78.45 Comdty,arithmetic
106,10,70.0999984741211,78.45,1.8493150684931507,0.0459100008010864,0.2509,0.8935627593896889,-0.11253870690567158,0.34119771615127986,0.9186022513209239,10,G9V6C 78.45 Comdty,arithmetic
106,11,69.62000274658203,78.45,1.8438356164383565,0.045789999961853,0.2457,0.887444267005507,-0.11940955734470059,0.3336308918139967,0.9190366907230605,11,G9V6C 78.45 Comdty,arithmetic
106,12,70.5999984741211,78.45,1.841095890410959,0.0461899995803833,0.237,0.8999362456866933,-0.1054313562928612,0.32157816323328475,0.9184753440447673,12,G9V6C 78.45 Comdty,arithmetic
106,13,70.98999786376953,78.45,1.832876712328767,0.0454500007629394,0.237,0.9049075572182221,-0.09992248721973898,0.32085955191453236,0.9200711748411496,13,G9V6C 78.45 Comdty,arithmetic
106,14,73.12999725341797,78.45,1.8246575342465752,0.0457499980926513,0.2253,0.9321860707892666,-0.07022283745371062,0.3043349809955047,0.9199112520901404,14,G9V6C 78.45 Comdty,arithmetic
106,15,73.95999908447266,78.45,1.821917808219178,0.0459600019454956,0.2211,0.9427660813826979,-0.05893708503879996,0.29843732115393046,0.9196746194474381,15,G9V6C 78.45 Comdty,arithmetic
106,16,73.55999755859375,78.45,1.8136986301369864,0.0461800003051757,0.21739999999999998,0.9376672728947578,-0.06436011263224004,0.29278046906939187,0.9196550698716294,16,G9V6C 78.45 Comdty,arithmetic
106,17,73.31999969482422,78.45,1.8082191780821917,0.0469299983978271,0.2227,0.9346080267026668,-0.0676280603697821,0.29946478010034494,0.9186411394669595,17,G9V6C 78.45 Comdty,arithmetic
106,18,75.44000244140625,78.45,1.7698630136986302,0.0459899997711181,0.20739999999999997,0.9616316436125717,-0.039123808491615134,0.2759170758889766,0.9218285754140385,18,G9V6C 78.45 Comdty,arithmetic
106,19,73.16999816894531,78.45,1.7561643835616438,0.0452799987792968,0.1934,0.932695961363229,-0.06967600330776762,0.2562943617998862,0.9235603602692065,19,G9V6C 78.45 Comdty,arithmetic
107,0,69.94000244140625,70.0,2.904109589041096,0.0422300004959106,0.2703,0.9991428920200893,-0.0008574755069772188,0.46063034655174806,0.8845815688101862,0,G9V7C 70 Comdty,arithmetic
107,1,70.29000091552734,70.0,2.882191780821918,0.0427099990844726,0.2464,1.0041428702218191,0.004134312163456184,0.4183137510306945,0.8841766479407448,1,G9V7C 70 Comdty,arithmetic
107,2,70.0199966430664,70.0,2.8794520547945206,0.0432399988174438,0.2553,1.00028566632952,0.0002856255346631448,0.43321724940043904,0.8829316363132663,2,G9V7C 70 Comdty,arithmetic
107,3,71.29000091552734,70.0,2.8767123287671232,0.0439900016784668,0.2607,1.0184285845075334,0.018260835922474787,0.4421699744457665,0.8811331052569414,3,G9V7C 70 Comdty,arithmetic
107,4,70.70999908447266,70.0,2.8684931506849316,0.0439699983596801,0.24989999999999998,1.010142844063895,0.010091750619154342,0.4232462946621098,0.881502325412269,4,G9V7C 70 Comdty,arithmetic
107,5,70.08000183105469,70.0,2.8657534246575342,0.0438500022888183,0.2482,1.0011428833007812,0.0011422307068400424,0.4201662718496096,0.8819117415691625,5,G9V7C 70 Comdty,arithmetic
107,6,70.58000183105469,70.0,2.863013698630137,0.0449399995803833,0.2446,1.0082857404436385,0.008251602140732874,0.4138740202737232,0.8792694960136523,6,G9V7C 70 Comdty,arithmetic
107,7,69.91000366210938,70.0,2.8602739726027395,0.0457000017166137,0.24789999999999998,0.9987143380301339,-0.0012864891422685824,0.41925702072196414,0.8774682334816291,7,G9V7C 70 Comdty,arithmetic
107,8,69.45999908447266,70.0,2.8575342465753426,0.0452400016784668,0.2491,0.9922857012067522,-0.007744207914072442,0.42108468815992317,0.8787324091352948,8,G9V7C 70 Comdty,arithmetic
107,9,69.23999786376953,70.0,2.8493150684931505,0.0459899997711181,0.25170000000000003,0.989142826625279,-0.010916542593899663,0.4248674429861496,0.8771826869538933,9,G9V7C 70 Comdty,arithmetic
107,10,70.0999984741211,70.0,2.8465753424657536,0.0459100008010864,0.2509,1.0014285496303013,0.0014275302240109727,0.42331338690649345,0.8774930216117367,10,G9V7C 70 Comdty,arithmetic
107,11,69.62000274658203,70.0,2.841095890410959,0.045789999961853,0.2457,0.9945714678083147,-0.005443320215017923,0.4141408804372191,0.8780130863657206,11,G9V7C 70 Comdty,arithmetic
107,12,70.5999984741211,70.0,2.8383561643835615,0.0461899995803833,0.237,1.0085714067731584,0.008534880836821392,0.39928389323545255,0.8771268379014328,12,G9V7C 70 Comdty,arithmetic
107,13,70.98999786376953,70.0,2.83013698630137,0.0454500007629394,0.237,1.014142826625279,0.01404374990994367,0.3987053603647205,0.8792994850913565,13,G9V7C 70 Comdty,arithmetic
107,14,73.12999725341797,70.0,2.8219178082191783,0.0457499980926513,0.2253,1.0447142464773995,0.04374339967597198,0.3784716659378985,0.8788836693704893,14,G9V7C 70 Comdty,arithmetic
107,15,73.95999908447266,70.0,2.819178082191781,0.0459600019454956,0.2211,1.0565714154924666,0.05502915209088277,0.37123592576061715,0.8784735937522749,15,G9V7C 70 Comdty,arithmetic
107,16,73.55999755859375,70.0,2.8109589041095893,0.0461800003051757,0.21739999999999998,1.0508571079799107,0.04960612449744256,0.3644909821309637,0.8782622119637191,16,G9V7C 70 Comdty,arithmetic
107,17,73.31999969482422,70.0,2.8054794520547945,0.0469299983978271,0.2227,1.0474285670689174,0.04633817675990057,0.3730128241946899,0.8766379968816095,17,G9V7C 70 Comdty,arithmetic
107,18,75.44000244140625,70.0,2.767123287671233,0.0459899997711181,0.20739999999999997,1.0777143205915178,0.07484242863806748,0.34500310739120743,0.8805047121661628,18,G9V7C 70 Comdty,arithmetic
107,19,73.16999816894531,70.0,2.7534246575342465,0.0452799987792968,0.1934,1.04528568812779,0.04429023382191492,0.32091725473018995,0.8827837031923504,19,G9V7C 70 Comdty,arithmetic
108,0,69.94000244140625,71.1,2.904109589041096,0.0422300004959106,0.2703,0.9836849851111991,-0.016449570266813412,0.46063034655174806,0.8845815688101862,0,G9V7C 71.1 Comdty,arithmetic
108,1,70.29000091552734,71.1,2.882191780821918,0.0427099990844726,0.2464,0.9886076078133241,-0.011457782596379938,0.4183137510306945,0.8841766479407448,1,G9V7C 71.1 Comdty,arithmetic
108,2,70.0199966430664,71.1,2.8794520547945206,0.0432399988174438,0.2553,0.9848100793680227,-0.015306469225172982,0.43321724940043904,0.8829316363132663,2,G9V7C 71.1 Comdty,arithmetic
108,3,71.29000091552734,71.1,2.8767123287671232,0.0439900016784668,0.2607,1.0026723054223257,0.0026687411626388387,0.4421699744457665,0.8811331052569414,3,G9V7C 71.1 Comdty,arithmetic
108,4,70.70999908447266,71.1,2.8684931506849316,0.0439699983596801,0.24989999999999998,0.9945147550558743,-0.0055003441406818,0.4232462946621098,0.881502325412269,4,G9V7C 71.1 Comdty,arithmetic
108,5,70.08000183105469,71.1,2.8657534246575342,0.0438500022888183,0.2482,0.9856540341920491,-0.01444986405299601,0.4201662718496096,0.8819117415691625,5,G9V7C 71.1 Comdty,arithmetic
108,6,70.58000183105469,71.1,2.863013698630137,0.0449399995803833,0.2446,0.9926863829965499,-0.007340492619103311,0.4138740202737232,0.8792694960136523,6,G9V7C 71.1 Comdty,arithmetic
108,7,69.91000366210938,71.1,2.8602739726027395,0.0457000017166137,0.24789999999999998,0.9832630613517493,-0.01687858390210468,0.41925702072196414,0.8774682334816291,7,G9V7C 71.1 Comdty,arithmetic
108,8,69.45999908447266,71.1,2.8575342465753426,0.0452400016784668,0.2491,0.9769338830446225,-0.02333630267390858,0.42108468815992317,0.8787324091352948,8,G9V7C 71.1 Comdty,arithmetic
108,9,69.23999786376953,71.1,2.8493150684931505,0.0459899997711181,0.25170000000000003,0.9738396324018219,-0.026508637353735712,0.4248674429861496,0.8771826869538933,9,G9V7C 71.1 Comdty,arithmetic
108,10,70.0999984741211,71.1,2.8465753424657536,0.0459100008010864,0.2509,0.9859352809299733,-0.014164564535825047,0.42331338690649345,0.8774930216117367,10,G9V7C 71.1 Comdty,arithmetic
108,11,69.62000274658203,71.1,2.841095890410959,0.045789999961853,0.2457,0.9791842861685237,-0.021035414974854064,0.4141408804372191,0.8780130863657206,11,G9V7C 71.1 Comdty,arithmetic
108,12,70.5999984741211,71.1,2.8383561643835615,0.0461899995803833,0.237,0.9929676297344739,-0.0070572139230146505,0.39928389323545255,0.8771268379014328,12,G9V7C 71.1 Comdty,arithmetic
108,13,70.98999786376953,71.1,2.83013698630137,0.0454500007629394,0.237,0.9984528532175744,-0.0015483448498924118,0.3987053603647205,0.8792994850913565,13,G9V7C 71.1 Comdty,arithmetic
108,14,73.12999725341797,71.1,2.8219178082191783,0.0457499980926513,0.2253,1.0285512975164273,0.028151304916135947,0.3784716659378985,0.8788836693704893,14,G9V7C 71.1 Comdty,arithmetic
108,15,73.95999908447266,71.1,2.819178082191781,0.0459600019454956,0.2211,1.0402250222851288,0.03943705733104655,0.37123592576061715,0.8784735937522749,15,G9V7C 71.1 Comdty,arithmetic
108,16,73.55999755859375,71.1,2.8109589041095893,0.0461800003051757,0.21739999999999998,1.0345991217805028,0.03401402973760638,0.3644909821309637,0.8782622119637191,16,G9V7C 71.1 Comdty,arithmetic
108,17,73.31999969482422,71.1,2.8054794520547945,0.0469299983978271,0.2227,1.031223624399778,0.03074608200006442,0.3730128241946899,0.8766379968816095,17,G9V7C 71.1 Comdty,arithmetic
108,18,75.44000244140625,71.1,2.767123287671233,0.0459899997711181,0.20739999999999997,1.0610408219607068,0.05925033387823134,0.34500310739120743,0.8805047121661628,18,G9V7C 71.1 Comdty,arithmetic
108,19,73.16999816894531,71.1,2.7534246575342465,0.0452799987792968,0.1934,1.0291138982974024,0.02869813906207877,0.32091725473018995,0.8827837031923504,19,G9V7C 71.1 Comdty,arithmetic
109,0,69.94000244140625,75.0,2.904109589041096,0.0422300004959106,0.2703,0.9325333658854167,-0.06985034699392868,0.46063034655174806,0.8845815688101862,0,G9V7C 75 Comdty,arithmetic
109,1,70.29000091552734,75.0,2.882191780821918,0.0427099990844726,0.2464,0.9372000122070312,-0.06485855932349527,0.4183137510306945,0.8841766479407448,1,G9V7C 75 Comdty,arithmetic
109,2,70.0199966430664,75.0,2.8794520547945206,0.0432399988174438,0.2553,0.9335999552408855,-0.06870724595228828,0.43321724940043904,0.8829316363132663,2,G9V7C 75 Comdty,arithmetic
109,3,71.29000091552734,75.0,2.8767123287671232,0.0439900016784668,0.2607,0.9505333455403646,-0.05073203556447652,0.4421699744457665,0.8811331052569414,3,G9V7C 75 Comdty,arithmetic
109,4,70.70999908447266,75.0,2.8684931506849316,0.0439699983596801,0.24989999999999998,0.9427999877929687,-0.058901120867797176,0.4232462946621098,0.881502325412269,4,G9V7C 75 Comdty,arithmetic
109,5,70.08000183105469,75.0,2.8657534246575342,0.0438500022888183,0.2482,0.9344000244140624,-0.06785064078011138,0.4201662718496096,0.8819117415691625,5,G9V7C 75 Comdty,arithmetic
109,6,70.58000183105469,75.0,2.863013698630137,0.0449399995803833,0.2446,0.9410666910807292,-0.0607412693462187,0.4138740202737232,0.8792694960136523,6,G9V7C 75 Comdty,arithmetic
109,7,69.91000366210938,75.0,2.8602739726027395,0.0457000017166137,0.24789999999999998,0.9321333821614584,-0.07027936062921995,0.41925702072196414,0.8774682334816291,7,G9V7C 75 Comdty,arithmetic
109,8,69.45999908447266,75.0,2.8575342465753426,0.0452400016784668,0.2491,0.9261333211263021,-0.07673707940102384,0.42108468815992317,0.8787324091352948,8,G9V7C 75 Comdty,arithmetic
109,9,69.23999786376953,75.0,2.8493150684931505,0.0459899997711181,0.25170000000000003,0.9231999715169271,-0.07990941408085103,0.4248674429861496,0.8771826869538933,9,G9V7C 75 Comdty,arithmetic
109,10,70.0999984741211,75.0,2.8465753424657536,0.0459100008010864,0.2509,0.9346666463216146,-0.06756534126294042,0.42331338690649345,0.8774930216117367,10,G9V7C 75 Comdty,arithmetic
109,11,69.62000274658203,75.0,2.841095890410959,0.045789999961853,0.2457,0.9282667032877604,-0.07443619170196938,0.4141408804372191,0.8780130863657206,11,G9V7C 75 Comdty,arithmetic
109,12,70.5999984741211,75.0,2.8383561643835615,0.0461899995803833,0.237,0.9413333129882813,-0.06045799065012993,0.39928389323545255,0.8771268379014328,12,G9V7C 75 Comdty,arithmetic
109,13,70.98999786376953,75.0,2.83013698630137,0.0454500007629394,0.237,0.9465333048502604,-0.05494912157700774,0.3987053603647205,0.8792994850913565,13,G9V7C 75 Comdty,arithmetic
109,14,73.12999725341797,75.0,2.8219178082191783,0.0457499980926513,0.2253,0.9750666300455729,-0.025249471810979432,0.3784716659378985,0.8788836693704893,14,G9V7C 75 Comdty,arithmetic
109,15,73.95999908447266,75.0,2.819178082191781,0.0459600019454956,0.2211,0.986133321126302,-0.013963719396068783,0.37123592576061715,0.8784735937522749,15,G9V7C 75 Comdty,arithmetic
109,16,73.55999755859375,75.0,2.8109589041095893,0.0461800003051757,0.21739999999999998,0.9807999674479166,-0.01938674698950892,0.3644909821309637,0.8782622119637191,16,G9V7C 75 Comdty,arithmetic
109,17,73.31999969482422,75.0,2.8054794520547945,0.0469299983978271,0.2227,0.9775999959309896,-0.0226546947270509,0.3730128241946899,0.8766379968816095,17,G9V7C 75 Comdty,arithmetic
109,18,75.44000244140625,75.0,2.767123287671233,0.0459899997711181,0.20739999999999997,1.00586669921875,0.005849557151115972,0.34500310739120743,0.8805047121661628,18,G9V7C 75 Comdty,arithmetic
109,19,73.16999816894531,75.0,2.7534246575342465,0.0452799987792968,0.1934,0.9755999755859375,-0.024702637665036484,0.32091725473018995,0.8827837031923504,19,G9V7C 75 Comdty,arithmetic
110,0,69.94000244140625,69.0,1.991780821917808,0.0422300004959106,0.2703,1.0136232237884963,0.013531261945122317,0.381475647546777,0.9193274534796956,0,G9X6C 69 Comdty,arithmetic
110,1,70.29000091552734,69.0,1.96986301369863,0.0427099990844726,0.2464,1.0186956654424253,0.01852304961555587,0.3458268560366074,0.9193091200535749,1,G9X6C 69 Comdty,arithmetic
110,2,70.0199966430664,69.0,1.9671232876712328,0.0432399988174438,0.2553,1.0147825600444407,0.014674362986762751,0.35806890214724246,0.9184586369215878,2,G9X6C 69 Comdty,arithmetic
110,3,71.29000091552734,69.0,1.9643835616438357,0.0439900016784668,0.2607,1.0331884190656138,0.03264957337457458,0.36538791295212114,0.9172151264261831,3,G9X6C 69 Comdty,arithmetic
110,4,70.70999908447266,69.0,1.956164383561644,0.0439699983596801,0.24989999999999998,1.02478259542714,0.024480488071253893,0.34951750358897404,0.9175827203145346,4,G9X6C 69 Comdty,arithmetic
110,5,70.08000183105469,69.0,1.9534246575342469,0.0438500022888183,0.2482,1.0156522004500679,0.01553096815893968,0.34689665319803825,0.9179083997901482,5,G9X6C 69 Comdty,arithmetic
110,6,70.58000183105469,69.0,1.9506849315068493,0.0449399995803833,0.2446,1.0228985772616621,0.022640339592832348,0.3416252930869029,0.9160688256085898,6,G9X6C 69 Comdty,arithmetic
110,7,69.91000366210938,69.0,1.947945205479452,0.0457000017166137,0.24789999999999998,1.0131884588711504,0.013102248309831106,0.3459910740395891,0.9148262712369978,7,G9X6C 69 Comdty,arithmetic
110,8,69.45999908447266,69.0,1.9452054794520548,0.0452400016784668,0.2491,1.0066666533981545,0.006644529538027303,0.34742132291561834,0.9157598701603901,8,G9X6C 69 Comdty,arithmetic
110,9,69.23999786376953,69.0,1.936986301369863,0.0459899997711181,0.25170000000000003,1.0034782299097034,0.003472194858200009,0.35030512425911187,0.9147705597186011,9,G9X6C 69 Comdty,arithmetic
110,10,70.0999984741211,69.0,1.9342465753424656,0.0459100008010864,0.2509,1.0159420068713203,0.01581626767611076,0.34894467850582594,0.9150274063835115,10,G9X6C 69 Comdty,arithmetic
110,11,69.62000274658203,69.0,1.9287671232876713,0.045789999961853,0.2457,1.0089855470519136,0.00894541723708175,0.3412283088996582,0.9154694853974489,11,G9X6C 69 Comdty,arithmetic
110,12,70.5999984741211,69.0,1.926027397260274,0.0461899995803833,0.237,1.0231883836829143,0.02292361828892102,0.32891189227012196,0.9148792362373896,12,G9X6C 69 Comdty,arithmetic
110,13,70.98999786376953,69.0,1.917808219178082,0.0454500007629394,0.237,1.028840548750283,0.028432487362043207,0.328209338476244,0.9165264200307847,13,G9X6C 69 Comdty,arithmetic
110,14,73.12999725341797,69.0,1.9095890410958904,0.0457499980926513,0.2253,1.0598550326582314,0.05813213712807164,0.311337295531777,0.9163437653869059,14,G9X6C 69 Comdty,arithmetic
110,15,73.95999908447266,69.0,1.906849315068493,0.0459600019454956,0.2211,1.0718840447025022,0.06941788954298227,0.3053141483873282,0.9160917109179578,15,G9X6C 69 Comdty,arithmetic
110,16,73.55999755859375,69.0,1.8986301369863017,0.0461800003051757,0.21739999999999998,1.0660869211390398,0.06399486194954211,0.29955717399713644,0.9160551210447585,16,G9X6C 69 Comdty,arithmetic
110,17,73.31999969482422,69.0,1.893150684931507,0.0469299983978271,0.2227,1.0626086912293364,0.060726914212000105,0.30641696629409526,0.9149868745069226,17,G9X6C 69 Comdty,arithmetic
110,18,75.44000244140625,69.0,1.8547945205479452,0.0459899997711181,0.20739999999999997,1.0933333687160327,0.08923116609016718,0.28245980448673563,0.9182349359631664,18,G9X6C 69 Comdty,arithmetic
110,19,73.16999816894531,69.0,1.841095890410959,0.0452799987792968,0.1934,1.0604347560716711,0.05867897127401456,0.26241863615745686,0.9200154462568458,19,G9X6C 69 Comdty,arithmetic
111,0,69.94000244140625,70.0,1.991780821917808,0.0422300004959106,0.2703,0.9991428920200893,-0.0008574755069772188,0.381475647546777,0.9193274534796956,0,G9X6C 70 Comdty,arithmetic
111,1,70.29000091552734,70.0,1.96986301369863,0.0427099990844726,0.2464,1.0041428702218191,0.004134312163456184,0.3458268560366074,0.9193091200535749,1,G9X6C 70 Comdty,arithmetic
111,2,70.0199966430664,70.0,1.9671232876712328,0.0432399988174438,0.2553,1.00028566632952,0.0002856255346631448,0.35806890214724246,0.9184586369215878,2,G9X6C 70 Comdty,arithmetic
111,3,71.29000091552734,70.0,1.9643835616438357,0.0439900016784668,0.2607,1.0184285845075334,0.018260835922474787,0.36538791295212114,0.9172151264261831,3,G9X6C 70 Comdty,arithmetic
111,4,70.70999908447266,70.0,1.956164383561644,0.0439699983596801,0.24989999999999998,1.010142844063895,0.010091750619154342,0.34951750358897404,0.9175827203145346,4,G9X6C 70 Comdty,arithmetic
111,5,70.08000183105469,70.0,1.9534246575342469,0.0438500022888183,0.2482,1.0011428833007812,0.0011422307068400424,0.34689665319803825,0.9179083997901482,5,G9X6C 70 Comdty,arithmetic
111,6,70.58000183105469,70.0,1.9506849315068493,0.0449399995803833,0.2446,1.0082857404436385,0.008251602140732874,0.3416252930869029,0.9160688256085898,6,G9X6C 70 Comdty,arithmetic
111,7,69.91000366210938,70.0,1.947945205479452,0.0457000017166137,0.24789999999999998,0.9987143380301339,-0.0012864891422685824,0.3459910740395891,0.9148262712369978,7,G9X6C 70 Comdty,arithmetic
111,8,69.45999908447266,70.0,1.9452054794520548,0.0452400016784668,0.2491,0.9922857012067522,-0.007744207914072442,0.34742132291561834,0.9157598701603901,8,G9X6C 70 Comdty,arithmetic
111,9,69.23999786376953,70.0,1.936986301369863,0.0459899997711181,0.25170000000000003,0.989142826625279,-0.010916542593899663,0.35030512425911187,0.9147705597186011,9,G9X6C 70 Comdty,arithmetic
111,10,70.0999984741211,70.0,1.9342465753424656,0.0459100008010864,0.2509,1.0014285496303013,0.0014275302240109727,0.34894467850582594,0.9150274063835115,10,G9X6C 70 Comdty,arithmetic
111,11,69.62000274658203,70.0,1.9287671232876713,0.045789999961853,0.2457,0.9945714678083147,-0.005443320215017923,0.3412283088996582,0.9154694853974489,11,G9X6C 70 Comdty,arithmetic
111,12,70.5999984741211,70.0,1.926027397260274,0.0461899995803833,0.237,1.0085714067731584,0.008534880836821392,0.32891189227012196,0.9148792362373896,12,G9X6C 70 Comdty,arithmetic
111,13,70.98999786376953,70.0,1.917808219178082,0.0454500007629394,0.237,1.014142826625279,0.01404374990994367,0.328209338476244,0.9165264200307847,13,G9X6C 70 Comdty,arithmetic
111,14,73.12999725341797,70.0,1.9095890410958904,0.0457499980926513,0.2253,1.0447142464773995,0.04374339967597198,0.311337295531777,0.9163437653869059,14,G9X6C 70 Comdty,arithmetic
111,15,73.95999908447266,70.0,1.906849315068493,0.0459600019454956,0.2211,1.0565714154924666,0.05502915209088277,0.3053141483873282,0.9160917109179578,15,G9X6C 70 Comdty,arithmetic
111,16,73.55999755859375,70.0,1.8986301369863017,0.0461800003051757,0.21739999999999998,1.0508571079799107,0.04960612449744256,0.29955717399713644,0.9160551210447585,16,G9X6C 70 Comdty,arithmetic
111,17,73.31999969482422,70.0,1.893150684931507,0.0469299983978271,0.2227,1.0474285670689174,0.04633817675990057,0.30641696629409526,0.9149868745069226,17,G9X6C 70 Comdty,arithmetic
111,18,75.44000244140625,70.0,1.8547945205479452,0.0459899997711181,0.20739999999999997,1.0777143205915178,0.07484242863806748,0.28245980448673563,0.9182349359631664,18,G9X6C 70 Comdty,arithmetic
111,19,73.16999816894531,70.0,1.841095890410959,0.0452799987792968,0.1934,1.04528568812779,0.04429023382191492,0.26241863615745686,0.9200154462568458,19,G9X6C 70 Comdty,arithmetic
112,0,69.94000244140625,75.0,1.991780821917808,0.0422300004959106,0.2703,0.9325333658854167,-0.06985034699392868,0.381475647546777,0.9193274534796956,0,G9X6C 75 Comdty,arithmetic
112,1,70.29000091552734,75.0,1.96986301369863,0.0427099990844726,0.2464,0.9372000122070312,-0.06485855932349527,0.3458268560366074,0.9193091200535749,1,G9X6C 75 Comdty,arithmetic
112,2,70.0199966430664,75.0,1.9671232876712328,0.0432399988174438,0.2553,0.9335999552408855,-0.06870724595228828,0.35806890214724246,0.9184586369215878,2,G9X6C 75 Comdty,arithmetic
112,3,71.29000091552734,75.0,1.9643835616438357,0.0439900016784668,0.2607,0.9505333455403646,-0.05073203556447652,0.36538791295212114,0.9172151264261831,3,G9X6C 75 Comdty,arithmetic
112,4,70.70999908447266,75.0,1.956164383561644,0.0439699983596801,0.24989999999999998,0.9427999877929687,-0.058901120867797176,0.34951750358897404,0.9175827203145346,4,G9X6C 75 Comdty,arithmetic
112,5,70.08000183105469,75.0,1.9534246575342469,0.0438500022888183,0.2482,0.9344000244140624,-0.06785064078011138,0.34689665319803825,0.9179083997901482,5,G9X6C 75 Comdty,arithmetic
112,6,70.58000183105469,75.0,1.9506849315068493,0.0449399995803833,0.2446,0.9410666910807292,-0.0607412693462187,0.3416252930869029,0.9160688256085898,6,G9X6C 75 Comdty,arithmetic
112,7,69.91000366210938,75.0,1.947945205479452,0.0457000017166137,0.24789999999999998,0.9321333821614584,-0.07027936062921995,0.3459910740395891,0.9148262712369978,7,G9X6C 75 Comdty,arithmetic
112,8,69.45999908447266,75.0,1.9452054794520548,0.0452400016784668,0.2491,0.9261333211263021,-0.07673707940102384,0.34742132291561834,0.9157598701603901,8,G9X6C 75 Comdty,arithmetic
112,9,69.23999786376953,75.0,1.936986301369863,0.0459899997711181,0.25170000000000003,0.9231999715169271,-0.07990941408085103,0.35030512425911187,0.9147705597186011,9,G9X6C 75 Comdty,arithmetic
112,10,70.0999984741211,75.0,1.9342465753424656,0.0459100008010864,0.2509,0.9346666463216146,-0.06756534126294042,0.34894467850582594,0.9150274063835115,10,G9X6C 75 Comdty,arithmetic
112,11,69.62000274658203,75.0,1.9287671232876713,0.045789999961853,0.2457,0.9282667032877604,-0.07443619170196938,0.3412283088996582,0.9154694853974489,11,G9X6C 75 Comdty,arithmetic
112,12,70.5999984741211,75.0,1.926027397260274,0.0461899995803833,0.237,0.9413333129882813,-0.06045799065012993,0.32891189227012196,0.9148792362373896,12,G9X6C 75 Comdty,arithmetic
112,13,70.98999786376953,75.0,1.917808219178082,0.0454500007629394,0.237,0.9465333048502604,-0.05494912157700774,0.328209338476244,0.9165264200307847,13,G9X6C 75 Comdty,arithmetic
112,14,73.12999725341797,75.0,1.9095890410958904,0.0457499980926513,0.2253,0.9750666300455729,-0.025249471810979432,0.311337295531777,0.9163437653869059,14,G9X6C 75 Comdty,arithmetic
112,15,73.95999908447266,75.0,1.906849315068493,0.0459600019454956,0.2211,0.986133321126302,-0.013963719396068783,0.3053141483873282,0.9160917109179578,15,G9X6C 75 Comdty,arithmetic
112,16,73.55999755859375,75.0,1.8986301369863017,0.0461800003051757,0.21739999999999998,0.9807999674479166,-0.01938674698950892,0.29955717399713644,0.9160551210447585,16,G9X6C 75 Comdty,arithmetic
112,17,73.31999969482422,75.0,1.893150684931507,0.0469299983978271,0.2227,0.9775999959309896,-0.0226546947270509,0.30641696629409526,0.9149868745069226,17,G9X6C 75 Comdty,arithmetic
112,18,75.44000244140625,75.0,1.8547945205479452,0.0459899997711181,0.20739999999999997,1.00586669921875,0.005849557151115972,0.28245980448673563,0.9182349359631664,18,G9X6C 75 Comdty,arithmetic
112,19,73.16999816894531,75.0,1.841095890410959,0.0452799987792968,0.1934,0.9755999755859375,-0.024702637665036484,0.26241863615745686,0.9200154462568458,19,G9X6C 75 Comdty,arithmetic
113,0,69.94000244140625,69.0,2.0767123287671234,0.0422300004959106,0.2703,1.0136232237884963,0.013531261945122317,0.38952399549770117,0.9160360468062714,0,G9Z6C 69 Comdty,arithmetic
113,1,70.29000091552734,69.0,2.0547945205479454,0.0427099990844726,0.2464,1.0186956654424253,0.01852304961555587,0.3532034223138935,0.9159804364793457,1,G9Z6C 69 Comdty,arithmetic
113,2,70.0199966430664,69.0,2.052054794520548,0.0432399988174438,0.2553,1.0147825600444407,0.014674362986762751,0.36571712030227926,0.9150918402474485,2,G9Z6C 69 Comdty,arithmetic
113,3,71.29000091552734,69.0,2.0493150684931507,0.0439900016784668,0.2607,1.0331884190656138,0.03264957337457458,0.3732032334793632,0.9137946785471084,3,G9Z6C 69 Comdty,arithmetic
113,4,70.70999908447266,69.0,2.041095890410959,0.0439699983596801,0.24989999999999998,1.02478259542714,0.024480488071253893,0.35702445121745274,0.9141624546969144,4,G9Z6C 69 Comdty,arithmetic
113,5,70.08000183105469,69.0,2.0383561643835617,0.0438500022888183,0.2482,1.0156522004500679,0.01553096815893968,0.3543576498398194,0.9144962402033672,5,G9Z6C 69 Comdty,arithmetic
113,6,70.58000183105469,69.0,2.0356164383561643,0.0449399995803833,0.2446,1.0228985772616621,0.022640339592832348,0.34898312507776236,0.9125790182925605,6,G9Z6C 69 Comdty,arithmetic
113,7,69.91000366210938,69.0,2.032876712328767,0.0457000017166137,0.24789999999999998,1.0131884588711504,0.013102248309831106,0.3534533052029703,0.9112823740218076,7,G9Z6C 69 Comdty,arithmetic
113,8,69.45999908447266,69.0,2.03013698630137,0.0452400016784668,0.2491,1.0066666533981545,0.006644529538027303,0.3549248433273711,0.9122479957869342,8,G9Z6C 69 Comdty,arithmetic
113,9,69.23999786376953,69.0,2.021917808219178,0.0459899997711181,0.25170000000000003,1.0034782299097034,0.003472194858200009,0.35790269137455605,0.9112044351054378,9,G9Z6C 69 Comdty,arithmetic
113,10,70.0999984741211,69.0,2.0191780821917806,0.0459100008010864,0.2509,1.0159420068713203,0.01581626767611076,0.3565233453901991,0.9114664733609767,10,G9Z6C 69 Comdty,arithmetic
113,11,69.62000274658203,69.0,2.0136986301369864,0.045789999961853,0.2457,1.0089855470519136,0.00894541723708175,0.3486602151327828,0.9119161260411697,11,G9Z6C 69 Comdty,arithmetic
113,12,70.5999984741211,69.0,2.010958904109589,0.0461899995803833,0.237,1.0231883836829143,0.02292361828892102,0.33608562998874486,0.9112972082759722,12,G9Z6C 69 Comdty,arithmetic
113,13,70.98999786376953,69.0,2.002739726027398,0.0454500007629394,0.237,1.028840548750283,0.028432487362043207,0.33539810326123326,0.9129953220841592,13,G9Z6C 69 Comdty,arithmetic
113,14,73.12999725341797,69.0,1.9945205479452055,0.0457499980926513,0.2253,1.0598550326582314,0.05813213712807164,0.3181855473156315,0.9127901136719367,14,G9Z6C 69 Comdty,arithmetic
113,15,73.95999908447266,69.0,1.991780821917808,0.0459600019454956,0.2211,1.0718840447025022,0.06941788954298227,0.3120394586481406,0.9125227608399333,15,G9Z6C 69 Comdty,arithmetic
113,16,73.55999755859375,69.0,1.9835616438356165,0.0461800003051757,0.21739999999999998,1.0660869211390398,0.06399486194954211,0.3061839282487051,0.9124692640572964,16,G9Z6C 69 Comdty,arithmetic
113,17,73.31999969482422,69.0,1.978082191780822,0.0469299983978271,0.2227,1.0626086912293364,0.060726914212000105,0.3132148782309127,0.9113471458569032,17,G9Z6C 69 Comdty,arithmetic
113,18,75.44000244140625,69.0,1.9397260273972603,0.0459899997711181,0.20739999999999997,1.0933333687160327,0.08923116609016718,0.28885437426884597,0.9146553058897938,18,G9Z6C 69 Comdty,arithmetic
113,19,73.16999816894531,69.0,1.926027397260274,0.0452799987792968,0.1934,1.0604347560716711,0.05867897127401456,0.268403206603551,0.9164841387350792,19,G9Z6C 69 Comdty,arithmetic
114,0,69.94000244140625,70.0,2.0767123287671234,0.0422300004959106,0.2703,0.9991428920200893,-0.0008574755069772188,0.38952399549770117,0.9160360468062714,0,G9Z6C 70 Comdty,arithmetic
114,1,70.29000091552734,70.0,2.0547945205479454,0.0427099990844726,0.2464,1.0041428702218191,0.004134312163456184,0.3532034223138935,0.9159804364793457,1,G9Z6C 70 Comdty,arithmetic
114,2,70.0199966430664,70.0,2.052054794520548,0.0432399988174438,0.2553,1.00028566632952,0.0002856255346631448,0.36571712030227926,0.9150918402474485,2,G9Z6C 70 Comdty,arithmetic
114,3,71.29000091552734,70.0,2.0493150684931507,0.0439900016784668,0.2607,1.0184285845075334,0.018260835922474787,0.3732032334793632,0.9137946785471084,3,G9Z6C 70 Comdty,arithmetic
114,4,70.70999908447266,70.0,2.041095890410959,0.0439699983596801,0.24989999999999998,1.010142844063895,0.010091750619154342,0.35702445121745274,0.9141624546969144,4,G9Z6C 70 Comdty,arithmetic
114,5,70.08000183105469,70.0,2.0383561643835617,0.0438500022888183,0.2482,1.0011428833007812,0.0011422307068400424,0.3543576498398194,0.9144962402033672,5,G9Z6C 70 Comdty,arithmetic
114,6,70.58000183105469,70.0,2.0356164383561643,0.0449399995803833,0.2446,1.0082857404436385,0.008251602140732874,0.34898312507776236,0.9125790182925605,6,G9Z6C 70 Comdty,arithmetic
114,7,69.91000366210938,70.0,2.032876712328767,0.0457000017166137,0.24789999999999998,0.9987143380301339,-0.0012864891422685824,0.3534533052029703,0.9112823740218076,7,G9Z6C 70 Comdty,arithmetic
114,8,69.45999908447266,70.0,2.03013698630137,0.0452400016784668,0.2491,0.9922857012067522,-0.007744207914072442,0.3549248433273711,0.9122479957869342,8,G9Z6C 70 Comdty,arithmetic
114,9,69.23999786376953,70.0,2.021917808219178,0.0459899997711181,0.25170000000000003,0.989142826625279,-0.010916542593899663,0.35790269137455605,0.9112044351054378,9,G9Z6C 70 Comdty,arithmetic
114,10,70.0999984741211,70.0,2.0191780821917806,0.0459100008010864,0.2509,1.0014285496303013,0.0014275302240109727,0.3565233453901991,0.9114664733609767,10,G9Z6C 70 Comdty,arithmetic
114,11,69.62000274658203,70.0,2.0136986301369864,0.045789999961853,0.2457,0.9945714678083147,-0.005443320215017923,0.3486602151327828,0.9119161260411697,11,G9Z6C 70 Comdty,arithmetic
114,12,70.5999984741211,70.0,2.010958904109589,0.0461899995803833,0.237,1.0085714067731584,0.008534880836821392,0.33608562998874486,0.9112972082759722,12,G9Z6C 70 Comdty,arithmetic
114,13,70.98999786376953,70.0,2.002739726027398,0.0454500007629394,0.237,1.014142826625279,0.01404374990994367,0.33539810326123326,0.9129953220841592,13,G9Z6C 70 Comdty,arithmetic
114,14,73.12999725341797,70.0,1.9945205479452055,0.0457499980926513,0.2253,1.0447142464773995,0.04374339967597198,0.3181855473156315,0.9127901136719367,14,G9Z6C 70 Comdty,arithmetic
114,15,73.95999908447266,70.0,1.991780821917808,0.0459600019454956,0.2211,1.0565714154924666,0.05502915209088277,0.3120394586481406,0.9125227608399333,15,G9Z6C 70 Comdty,arithmetic
114,16,73.55999755859375,70.0,1.9835616438356165,0.0461800003051757,0.21739999999999998,1.0508571079799107,0.04960612449744256,0.3061839282487051,0.9124692640572964,16,G9Z6C 70 Comdty,arithmetic
114,17,73.31999969482422,70.0,1.978082191780822,0.0469299983978271,0.2227,1.0474285670689174,0.04633817675990057,0.3132148782309127,0.9113471458569032,17,G9Z6C 70 Comdty,arithmetic
114,18,75.44000244140625,70.0,1.9397260273972603,0.0459899997711181,0.20739999999999997,1.0777143205915178,0.07484242863806748,0.28885437426884597,0.9146553058897938,18,G9Z6C 70 Comdty,arithmetic
114,19,73.16999816894531,70.0,1.926027397260274,0.0452799987792968,0.1934,1.04528568812779,0.04429023382191492,0.268403206603551,0.9164841387350792,19,G9Z6C 70 Comdty,arithmetic
115,0,69.94000244140625,71.1,2.0767123287671234,0.0422300004959106,0.2703,0.9836849851111991,-0.016449570266813412,0.38952399549770117,0.9160360468062714,0,G9Z6C 71.1 Comdty,arithmetic
115,1,70.29000091552734,71.1,2.0547945205479454,0.0427099990844726,0.2464,0.9886076078133241,-0.011457782596379938,0.3532034223138935,0.9159804364793457,1,G9Z6C 71.1 Comdty,arithmetic
115,2,70.0199966430664,71.1,2.052054794520548,0.0432399988174438,0.2553,0.9848100793680227,-0.015306469225172982,0.36571712030227926,0.9150918402474485,2,G9Z6C 71.1 Comdty,arithmetic
115,3,71.29000091552734,71.1,2.0493150684931507,0.0439900016784668,0.2607,1.0026723054223257,0.0026687411626388387,0.3732032334793632,0.9137946785471084,3,G9Z6C 71.1 Comdty,arithmetic
115,4,70.70999908447266,71.1,2.041095890410959,0.0439699983596801,0.24989999999999998,0.9945147550558743,-0.0055003441406818,0.35702445121745274,0.9141624546969144,4,G9Z6C 71.1 Comdty,arithmetic
115,5,70.08000183105469,71.1,2.0383561643835617,0.0438500022888183,0.2482,0.9856540341920491,-0.01444986405299601,0.3543576498398194,0.9144962402033672,5,G9Z6C 71.1 Comdty,arithmetic
115,6,70.58000183105469,71.1,2.0356164383561643,0.0449399995803833,0.2446,0.9926863829965499,-0.007340492619103311,0.34898312507776236,0.9125790182925605,6,G9Z6C 71.1 Comdty,arithmetic
115,7,69.91000366210938,71.1,2.032876712328767,0.0457000017166137,0.24789999999999998,0.9832630613517493,-0.01687858390210468,0.3534533052029703,0.9112823740218076,7,G9Z6C 71.1 Comdty,arithmetic
115,8,69.45999908447266,71.1,2.03013698630137,0.0452400016784668,0.2491,0.9769338830446225,-0.02333630267390858,0.3549248433273711,0.9122479957869342,8,G9Z6C 71.1 Comdty,arithmetic
115,9,69.23999786376953,71.1,2.021917808219178,0.0459899997711181,0.25170000000000003,0.9738396324018219,-0.026508637353735712,0.35790269137455605,0.9112044351054378,9,G9Z6C 71.1 Comdty,arithmetic
115,10,70.0999984741211,71.1,2.0191780821917806,0.0459100008010864,0.2509,0.9859352809299733,-0.014164564535825047,0.3565233453901991,0.9114664733609767,10,G9Z6C 71.1 Comdty,arithmetic
115,11,69.62000274658203,71.1,2.0136986301369864,0.045789999961853,0.2457,0.9791842861685237,-0.021035414974854064,0.3486602151327828,0.9119161260411697,11,G9Z6C 71.1 Comdty,arithmetic
115,12,70.5999984741211,71.1,2.010958904109589,0.0461899995803833,0.237,0.9929676297344739,-0.0070572139230146505,0.33608562998874486,0.9112972082759722,12,G9Z6C 71.1 Comdty,arithmetic
115,13,70.98999786376953,71.1,2.002739726027398,0.0454500007629394,0.237,0.9984528532175744,-0.0015483448498924118,0.33539810326123326,0.9129953220841592,13,G9Z6C 71.1 Comdty,arithmetic
115,14,73.12999725341797,71.1,1.9945205479452055,0.0457499980926513,0.2253,1.0285512975164273,0.028151304916135947,0.3181855473156315,0.9127901136719367,14,G9Z6C 71.1 Comdty,arithmetic
115,15,73.95999908447266,71.1,1.991780821917808,0.0459600019454956,0.2211,1.0402250222851288,0.03943705733104655,0.3120394586481406,0.9125227608399333,15,G9Z6C 71.1 Comdty,arithmetic
115,16,73.55999755859375,71.1,1.9835616438356165,0.0461800003051757,0.21739999999999998,1.0345991217805028,0.03401402973760638,0.3061839282487051,0.9124692640572964,16,G9Z6C 71.1 Comdty,arithmetic
115,17,73.31999969482422,71.1,1.978082191780822,0.0469299983978271,0.2227,1.031223624399778,0.03074608200006442,0.3132148782309127,0.9113471458569032,17,G9Z6C 71.1 Comdty,arithmetic
115,18,75.44000244140625,71.1,1.9397260273972603,0.0459899997711181,0.20739999999999997,1.0610408219607068,0.05925033387823134,0.28885437426884597,0.9146553058897938,18,G9Z6C 71.1 Comdty,arithmetic
115,19,73.16999816894531,71.1,1.926027397260274,0.0452799987792968,0.1934,1.0291138982974024,0.02869813906207877,0.268403206603551,0.9164841387350792,19,G9Z6C 71.1 Comdty,arithmetic
116,0,69.94000244140625,71.85,2.0767123287671234,0.0422300004959106,0.2703,0.9734168746194329,-0.026942845982652106,0.38952399549770117,0.9160360468062714,0,G9Z6C 71.85 Comdty,arithmetic
116,1,70.29000091552734,71.85,2.0547945205479454,0.0427099990844726,0.2464,0.9782881129509722,-0.0219510583122186,0.3532034223138935,0.9159804364793457,1,G9Z6C 71.85 Comdty,arithmetic
116,2,70.0199966430664,71.85,2.052054794520548,0.0432399988174438,0.2553,0.9745302246773335,-0.0257997449410117,0.36571712030227926,0.9150918402474485,2,G9Z6C 71.85 Comdty,arithmetic
116,3,71.29000091552734,71.85,2.0493150684931507,0.0439900016784668,0.2607,0.9922059974325309,-0.007824534553200027,0.3732032334793632,0.9137946785471084,3,G9Z6C 71.85 Comdty,arithmetic
116,4,70.70999908447266,71.85,2.041095890410959,0.0439699983596801,0.24989999999999998,0.9841335989488192,-0.01599361985652052,0.35702445121745274,0.9141624546969144,4,G9Z6C 71.85 Comdty,arithmetic
116,5,70.08000183105469,71.85,2.0383561643835617,0.0438500022888183,0.2482,0.9753653699520486,-0.02494313976883476,0.3543576498398194,0.9144962402033672,5,G9Z6C 71.85 Comdty,arithmetic
116,6,70.58000183105469,71.85,2.0356164383561643,0.0449399995803833,0.2446,0.982324312192828,-0.017833768334942105,0.34898312507776236,0.9125790182925605,6,G9Z6C 71.85 Comdty,arithmetic
116,7,69.91000366210938,71.85,2.032876712328767,0.0457000017166137,0.24789999999999998,0.9729993550745912,-0.0273718596179434,0.3534533052029703,0.9112823740218076,7,G9Z6C 71.85 Comdty,arithmetic
116,8,69.45999908447266,71.85,2.03013698630137,0.0452400016784668,0.2491,0.9667362433468707,-0.0338295783897473,0.3549248433273711,0.9122479957869342,8,G9Z6C 71.85 Comdty,arithmetic
116,9,69.23999786376953,71.85,2.021917808219178,0.0459899997711181,0.25170000000000003,0.9636742917713227,-0.0370019130695745,0.35790269137455605,0.9112044351054378,9,G9Z6C 71.85 Comdty,arithmetic
116,10,70.0999984741211,71.85,2.0191780821917806,0.0459100008010864,0.2509,0.9756436809202659,-0.024657840251663756,0.3565233453901991,0.9114664733609767,10,G9Z6C 71.85 Comdty,arithmetic
116,11,69.62000274658203,71.85,2.0136986301369864,0.045789999961853,0.2457,0.9689631558327354,-0.031528690690692765,0.3486602151327828,0.9119161260411697,11,G9Z6C 71.85 Comdty,arithmetic
116,12,70.5999984741211,71.85,2.010958904109589,0.0461899995803833,0.237,0.9826026231610452,-0.017550489638853403,0.33608562998874486,0.9112972082759722,12,G9Z6C 71.85 Comdty,arithmetic
116,13,70.98999786376953,71.85,2.002739726027398,0.0454500007629394,0.237,0.9880305896140507,-0.012041620565731128,0.33539810326123326,0.9129953220841592,13,G9Z6C 71.85 Comdty,arithmetic
116,14,73.12999725341797,71.85,1.9945205479452055,0.0457499980926513,0.2253,1.017814853909784,0.017658029200297215,0.3181855473156315,0.9127901136719367,14,G9Z6C 71.85 Comdty,arithmetic
116,15,73.95999908447266,71.85,1.991780821917808,0.0459600019454956,0.2211,1.0293667235138853,0.02894378161520777,0.3120394586481406,0.9125227608399333,15,G9Z6C 71.85 Comdty,arithmetic
116,16,73.55999755859375,71.85,1.9835616438356165,0.0461800003051757,0.21739999999999998,1.0237995484842555,0.02352075402176769,0.3061839282487051,0.9124692640572964,16,G9Z6C 71.85 Comdty,arithmetic
116,17,73.31999969482422,71.85,1.978082191780822,0.0469299983978271,0.2227,1.0204592859404902,0.020252806284225634,0.3132148782309127,0.9113471458569032,17,G9Z6C 71.85 Comdty,arithmetic
116,18,75.44000244140625,71.85,1.9397260273972603,0.0459899997711181,0.20739999999999997,1.0499652392680063,0.04875705816239262,0.28885437426884597,0.9146553058897938,18,G9Z6C 71.85 Comdty,arithmetic
116,19,73.16999816894531,71.85,1.926027397260274,0.0452799987792968,0.1934,1.01837158203125,0.018204863346240052,0.268403206603551,0.9164841387350792,19,G9Z6C 71.85 Comdty,arithmetic
117,0,69.94000244140625,74.4,2.0767123287671234,0.0422300004959106,0.2703,0.9400537962554603,-0.06181817529666454,0.38952399549770117,0.9160360468062714,0,G9Z6C 74.4 Comdty,arithmetic
117,1,70.29000091552734,74.4,2.0547945205479454,0.0427099990844726,0.2464,0.9447580768216041,-0.05682638762623097,0.3532034223138935,0.9159804364793457,1,G9Z6C 74.4 Comdty,arithmetic
117,2,70.0199966430664,74.4,2.052054794520548,0.0432399988174438,0.2553,0.9411289871379893,-0.06067507425502408,0.36571712030227926,0.9150918402474485,2,G9Z6C 74.4 Comdty,arithmetic
117,3,71.29000091552734,74.4,2.0493150684931507,0.0439900016784668,0.2607,0.9581989370366578,-0.042699863867212334,0.3732032334793632,0.9137946785471084,3,G9Z6C 74.4 Comdty,arithmetic
117,4,70.70999908447266,74.4,2.041095890410959,0.0439699983596801,0.24989999999999998,0.9504032135009765,-0.05086894917053297,0.35702445121745274,0.9141624546969144,4,G9Z6C 74.4 Comdty,arithmetic
117,5,70.08000183105469,74.4,2.0383561643835617,0.0438500022888183,0.2482,0.9419355084819178,-0.059818469082847145,0.3543576498398194,0.9144962402033672,5,G9Z6C 74.4 Comdty,arithmetic
117,6,70.58000183105469,74.4,2.0356164383561643,0.0449399995803833,0.2446,0.9486559385894446,-0.05270909764895452,0.34898312507776236,0.9125790182925605,6,G9Z6C 74.4 Comdty,arithmetic
117,7,69.91000366210938,74.4,2.032876712328767,0.0457000017166137,0.24789999999999998,0.9396505868563088,-0.06224718893195577,0.3534533052029703,0.9112823740218076,7,G9Z6C 74.4 Comdty,arithmetic
117,8,69.45999908447266,74.4,2.03013698630137,0.0452400016784668,0.2491,0.9336021382321593,-0.06870490770375964,0.3549248433273711,0.9122479957869342,8,G9Z6C 74.4 Comdty,arithmetic
117,9,69.23999786376953,74.4,2.021917808219178,0.0459899997711181,0.25170000000000003,0.9306451325775474,-0.07187724238358684,0.35790269137455605,0.9112044351054378,9,G9Z6C 74.4 Comdty,arithmetic
117,10,70.0999984741211,74.4,2.0191780821917806,0.0459100008010864,0.2509,0.9422042805661437,-0.05953316956567618,0.3565233453901991,0.9114664733609767,10,G9Z6C 74.4 Comdty,arithmetic
117,11,69.62000274658203,74.4,2.0136986301369864,0.045789999961853,0.2457,0.9357527250884681,-0.06640402000470522,0.3486602151327828,0.9119161260411697,11,G9Z6C 74.4 Comdty,arithmetic
117,12,70.5999984741211,74.4,2.010958904109589,0.0461899995803833,0.237,0.9489247106736706,-0.052425818952865744,0.33608562998874486,0.9112972082759722,12,G9Z6C 74.4 Comdty,arithmetic
117,13,70.98999786376953,74.4,2.002739726027398,0.0454500007629394,0.237,0.9541666379538914,-0.046916949879743604,0.33539810326123326,0.9129953220841592,13,G9Z6C 74.4 Comdty,arithmetic
117,14,73.12999725341797,74.4,1.9945205479452055,0.0457499980926513,0.2253,0.9829300706104565,-0.0172173001137153,0.3181855473156315,0.9127901136719367,14,G9Z6C 74.4 Comdty,arithmetic
117,15,73.95999908447266,74.4,1.991780821917808,0.0459600019454956,0.2211,0.9940860091999012,-0.005931547698804567,0.3120394586481406,0.9125227608399333,15,G9Z6C 74.4 Comdty,arithmetic
117,16,73.55999755859375,74.4,1.9835616438356165,0.0461800003051757,0.21739999999999998,0.9887096446047546,-0.011354575292244706,0.3061839282487051,0.9124692640572964,16,G9Z6C 74.4 Comdty,arithmetic
117,17,73.31999969482422,74.4,1.978082191780822,0.0469299983978271,0.2227,0.9854838668659168,-0.014622523029786718,0.3132148782309127,0.9113471458569032,17,G9Z6C 74.4 Comdty,arithmetic
117,18,75.44000244140625,74.4,1.9397260273972603,0.0459899997711181,0.20739999999999997,1.013978527438256,0.013881728848380258,0.28885437426884597,0.9146553058897938,18,G9Z6C 74.4 Comdty,arithmetic
117,19,73.16999816894531,74.4,1.926027397260274,0.0452799987792968,0.1934,0.9834677173245336,-0.01667046596777233,0.268403206603551,0.9164841387350792,19,G9Z6C 74.4 Comdty,arithmetic
118,0,69.94000244140625,77.0,2.0767123287671234,0.0422300004959106,0.2703,0.908311720018263,-0.09616765531130211,0.38952399549770117,0.9160360468062714,0,G9Z6C 77 Comdty,arithmetic
118,1,70.29000091552734,77.0,2.0547945205479454,0.0427099990844726,0.2464,0.9128571547471084,-0.0911758676408686,0.3532034223138935,0.9159804364793457,1,G9Z6C 77 Comdty,arithmetic
118,2,70.0199966430664,77.0,2.052054794520548,0.0432399988174438,0.2553,0.9093506057541092,-0.09502455426966169,0.36571712030227926,0.9150918402474485,2,G9Z6C 77 Comdty,arithmetic
118,3,71.29000091552734,77.0,2.0493150684931507,0.0439900016784668,0.2607,0.9258441677341214,-0.07704934388184995,0.3732032334793632,0.9137946785471084,3,G9Z6C 77 Comdty,arithmetic
118,4,70.70999908447266,77.0,2.041095890410959,0.0439699983596801,0.24989999999999998,0.9183116764217228,-0.08521842918517049,0.35702445121745274,0.9141624546969144,4,G9Z6C 77 Comdty,arithmetic
118,5,70.08000183105469,77.0,2.0383561643835617,0.0438500022888183,0.2482,0.9101298939098011,-0.09416794909748472,0.3543576498398194,0.9144962402033672,5,G9Z6C 77 Comdty,arithmetic
118,6,70.58000183105469,77.0,2.0356164383561643,0.0449399995803833,0.2446,0.9166234004033076,-0.08705857766359214,0.34898312507776236,0.9125790182925605,6,G9Z6C 77 Comdty,arithmetic
118,7,69.91000366210938,77.0,2.032876712328767,0.0457000017166137,0.24789999999999998,0.90792212548194,-0.09659666894659337,0.3534533052029703,0.9112823740218076,7,G9Z6C 77 Comdty,arithmetic
118,8,69.45999908447266,77.0,2.03013698630137,0.0452400016784668,0.2491,0.9020779101879566,-0.10305438771839726,0.3549248433273711,0.9122479957869342,8,G9Z6C 77 Comdty,arithmetic
118,9,69.23999786376953,77.0,2.021917808219178,0.0459899997711181,0.25170000000000003,0.8992207514775263,-0.1062267223982245,0.35790269137455605,0.9112044351054378,9,G9Z6C 77 Comdty,arithmetic
118,10,70.0999984741211,77.0,2.0191780821917806,0.0459100008010864,0.2509,0.9103895905730012,-0.09388264958031385,0.3565233453901991,0.9114664733609767,10,G9Z6C 77 Comdty,arithmetic
118,11,69.62000274658203,77.0,2.0136986301369864,0.045789999961853,0.2457,0.9041558798257406,-0.10075350001934281,0.3486602151327828,0.9119161260411697,11,G9Z6C 77 Comdty,arithmetic
118,12,70.5999984741211,77.0,2.010958904109589,0.0461899995803833,0.237,0.9168830970665077,-0.08677529896750334,0.33608562998874486,0.9112972082759722,12,G9Z6C 77 Comdty,arithmetic
118,13,70.98999786376953,77.0,2.002739726027398,0.0454500007629394,0.237,0.9219480242047992,-0.08126642989438111,0.33539810326123326,0.9129953220841592,13,G9Z6C 77 Comdty,arithmetic
118,14,73.12999725341797,77.0,1.9945205479452055,0.0457499980926513,0.2253,0.9497402240703632,-0.0515667801283529,0.3181855473156315,0.9127901136719367,14,G9Z6C 77 Comdty,arithmetic
118,15,73.95999908447266,77.0,1.991780821917808,0.0459600019454956,0.2211,0.960519468629515,-0.04028102771344218,0.3120394586481406,0.9125227608399333,15,G9Z6C 77 Comdty,arithmetic
118,16,73.55999755859375,77.0,1.9835616438356165,0.0461800003051757,0.21739999999999998,0.9553246436181007,-0.04570405530688229,0.3061839282487051,0.9124692640572964,16,G9Z6C 77 Comdty,arithmetic
118,17,73.31999969482422,77.0,1.978082191780822,0.0469299983978271,0.2227,0.9522077882444704,-0.04897200304442428,0.3132148782309127,0.9113471458569032,17,G9Z6C 77 Comdty,arithmetic
118,18,75.44000244140625,77.0,1.9397260273972603,0.0459899997711181,0.20739999999999997,0.9797402914468344,-0.0204677511662574,0.28885437426884597,0.9146553058897938,18,G9Z6C 77 Comdty,arithmetic
118,19,73.16999816894531,77.0,1.926027397260274,0.0452799987792968,0.1934,0.9502597164798092,-0.051019945982409894,0.268403206603551,0.9164841387350792,19,G9Z6C 77 Comdty,arithmetic
119,0,69.94000244140625,79.5,2.0767123287671234,0.0422300004959106,0.2703,0.8797484583824685,-0.12811925511790456,0.38952399549770117,0.9160360468062714,0,G9Z6C 79.5 Comdty,arithmetic
119,1,70.29000091552734,79.5,2.0547945205479454,0.0427099990844726,0.2464,0.8841509549122937,-0.12312746744747095,0.3532034223138935,0.9159804364793457,1,G9Z6C 79.5 Comdty,arithmetic
119,2,70.0199966430664,79.5,2.052054794520548,0.0432399988174438,0.2553,0.8807546747555522,-0.12697615407626411,0.36571712030227926,0.9150918402474485,2,G9Z6C 79.5 Comdty,arithmetic
119,3,71.29000091552734,79.5,2.0493150684931507,0.0439900016784668,0.2607,0.8967295712644949,-0.1090009436884523,0.3732032334793632,0.9137946785471084,3,G9Z6C 79.5 Comdty,arithmetic
119,4,70.70999908447266,79.5,2.041095890410959,0.0439699983596801,0.24989999999999998,0.8894339507480837,-0.11717002899177287,0.35702445121745274,0.9141624546969144,4,G9Z6C 79.5 Comdty,arithmetic
119,5,70.08000183105469,79.5,2.0383561643835617,0.0438500022888183,0.2482,0.8815094569943985,-0.12611954890408716,0.3543576498398194,0.9144962402033672,5,G9Z6C 79.5 Comdty,arithmetic
119,6,70.58000183105469,79.5,2.0356164383561643,0.0449399995803833,0.2446,0.8877987651704992,-0.11901017747019452,0.34898312507776236,0.9125790182925605,6,G9Z6C 79.5 Comdty,arithmetic
119,7,69.91000366210938,79.5,2.032876712328767,0.0457000017166137,0.24789999999999998,0.8793711152466588,-0.12854826875319578,0.3534533052029703,0.9112823740218076,7,G9Z6C 79.5 Comdty,arithmetic
119,8,69.45999908447266,79.5,2.03013698630137,0.0452400016784668,0.2491,0.8737106803078322,-0.13500598752499965,0.3549248433273711,0.9122479957869342,8,G9Z6C 79.5 Comdty,arithmetic
119,9,69.23999786376953,79.5,2.021917808219178,0.0459899997711181,0.25170000000000003,0.8709433693555916,-0.13817832220482684,0.35790269137455605,0.9112044351054378,9,G9Z6C 79.5 Comdty,arithmetic
119,10,70.0999984741211,79.5,2.0191780821917806,0.0459100008010864,0.2509,0.8817609870958628,-0.12583424938691617,0.3565233453901991,0.9114664733609767,10,G9Z6C 79.5 Comdty,arithmetic
119,11,69.62000274658203,79.5,2.0136986301369864,0.045789999961853,0.2457,0.8757233049884532,-0.1327050998259452,0.3486602151327828,0.9119161260411697,11,G9Z6C 79.5 Comdty,arithmetic
119,12,70.5999984741211,79.5,2.010958904109589,0.0461899995803833,0.237,0.8880502952719634,-0.11872689877410574,0.33608562998874486,0.9112972082759722,12,G9Z6C 79.5 Comdty,arithmetic
119,13,70.98999786376953,79.5,2.002739726027398,0.0454500007629394,0.237,0.8929559479719438,-0.11321802970098355,0.33539810326123326,0.9129953220841592,13,G9Z6C 79.5 Comdty,arithmetic
119,14,73.12999725341797,79.5,1.9945205479452055,0.0457499980926513,0.2253,0.9198741792882763,-0.08351837993495524,0.3181855473156315,0.9127901136719367,14,G9Z6C 79.5 Comdty,arithmetic
119,15,73.95999908447266,79.5,1.991780821917808,0.0459600019454956,0.2211,0.9303144538927378,-0.0722326275200445,0.3120394586481406,0.9125227608399333,15,G9Z6C 79.5 Comdty,arithmetic
119,16,73.55999755859375,79.5,1.9835616438356165,0.0461800003051757,0.21739999999999998,0.9252829881584119,-0.07765565511348471,0.3061839282487051,0.9124692640572964,16,G9Z6C 79.5 Comdty,arithmetic
119,17,73.31999969482422,79.5,1.978082191780822,0.0469299983978271,0.2227,0.9222641471047072,-0.08092360285102665,0.3132148782309127,0.9113471458569032,17,G9Z6C 79.5 Comdty,arithmetic
119,18,75.44000244140625,79.5,1.9397260273972603,0.0459899997711181,0.20739999999999997,0.9489308483195755,-0.05241935097285968,0.28885437426884597,0.9146553058897938,18,G9Z6C 79.5 Comdty,arithmetic
119,19,73.16999816894531,79.5,1.926027397260274,0.0452799987792968,0.1934,0.9203773354584316,-0.08297154578901225,0.268403206603551,0.9164841387350792,19,G9Z6C 79.5 Comdty,arithmetic
