,,S0,K,T,r,sigma,moneyness,log_moneyness,sigma_sqrt_t,time_decay_factor,time_step,config_name,config_option_type
0,0,70.0999984741211,70.85,1.1013698630136983,0.0459100008010864,0.2509,0.989414233932549,-0.010642193863319344,0.2633099409181153,0.950693185714754,0,G9F6C 70.85 Comdty,arithmetic
0,1,69.62000274658203,70.85,1.095890410958904,0.045789999961853,0.2457,0.9826394177358085,-0.017513044302348325,0.25721051556083097,0.9510574369616897,1,G9F6C 70.85 Comdty,arithmetic
0,2,70.5999984741211,70.85,1.093150684931507,0.0461899995803833,0.237,0.9964713969530148,-0.0035348432505088977,0.247792616560538,0.9507609360604792,2,G9F6C 70.85 Comdty,arithmetic
0,3,70.98999786376953,70.85,1.084931506849315,0.0454500007629394,0.237,1.0019759754942772,0.0019740258226133497,0.24685930772044865,0.9518858681126297,3,G9F6C 70.85 Comdty,arithmetic
0,4,73.12999725341797,70.85,1.0767123287671232,0.0457499980926513,0.2253,1.0321806246071696,0.03167367558864156,0.2337819811540846,0.951933987946338,4,G9F6C 70.85 Comdty,arithmetic
0,5,73.95999908447266,70.85,1.073972602739726,0.0459600019454956,0.2211,1.0438955410652457,0.04295942800355232,0.22913178788456676,0.9518386128191062,5,G9F6C 70.85 Comdty,arithmetic
0,6,73.55999755859375,70.85,1.0657534246575342,0.0461800003051757,0.21739999999999998,1.0382497891121207,0.03753640041011216,0.22443361675285436,0.9519750110085052,6,G9F6C 70.85 Comdty,arithmetic
0,7,73.31999969482422,70.85,1.0602739726027397,0.0469299983978271,0.2227,1.0348623810137505,0.03426845267257018,0.22931331219683898,0.9514590258767754,7,G9F6C 70.85 Comdty,arithmetic
0,8,75.44000244140625,70.85,1.021917808219178,0.0459899997711181,0.20739999999999997,1.0647847909866797,0.0627727045507371,0.20966055723543703,0.9540893059902346,8,G9F6C 70.85 Comdty,arithmetic
0,9,73.16999816894531,70.85,1.008219178082192,0.0452799987792968,0.1934,1.0327452105708583,0.03222050973458454,0.19419316805837417,0.955374218757951,9,G9F6C 70.85 Comdty,arithmetic
1,0,70.0999984741211,72.2,1.1013698630136983,0.0459100008010864,0.2509,0.9709141062897658,-0.02951727362541052,0.2633099409181153,0.950693185714754,0,G9F6C 72.2 Comdty,arithmetic
1,1,69.62000274658203,72.2,1.095890410958904,0.045789999961853,0.2457,0.9642659660191417,-0.03638812406443947,0.25721051556083097,0.9510574369616897,1,G9F6C 72.2 Comdty,arithmetic
1,2,70.5999984741211,72.2,1.093150684931507,0.0461899995803833,0.237,0.9778393140459984,-0.022409923012600145,0.247792616560538,0.9507609360604792,2,G9F6C 72.2 Comdty,arithmetic
1,3,70.98999786376953,72.2,1.084931506849315,0.0454500007629394,0.237,0.9832409676422372,-0.016901053939477908,0.24685930772044865,0.9518858681126297,3,G9F6C 72.2 Comdty,arithmetic
1,4,73.12999725341797,72.2,1.0767123287671232,0.0457499980926513,0.2253,1.0128808483852905,0.012798595826550496,0.2337819811540846,0.951933987946338,4,G9F6C 72.2 Comdty,arithmetic
1,5,73.95999908447266,72.2,1.073972602739726,0.0459600019454956,0.2211,1.024376718621505,0.024084348241461155,0.22913178788456676,0.9518386128191062,5,G9F6C 72.2 Comdty,arithmetic
1,6,73.55999755859375,72.2,1.0657534246575342,0.0461800003051757,0.21739999999999998,1.0188365312824619,0.018661320648020972,0.22443361675285436,0.9519750110085052,6,G9F6C 72.2 Comdty,arithmetic
1,7,73.31999969482422,72.2,1.0602739726027397,0.0469299983978271,0.2227,1.0155124611471498,0.01539337291047894,0.22931331219683898,0.9514590258767754,7,G9F6C 72.2 Comdty,arithmetic
1,8,75.44000244140625,72.2,1.021917808219178,0.0459899997711181,0.20739999999999997,1.0448753800748787,0.04389762478864581,0.20966055723543703,0.9540893059902346,8,G9F6C 72.2 Comdty,arithmetic
1,9,73.16999816894531,72.2,1.008219178082192,0.0452799987792968,0.1934,1.0134348776862232,0.013345429972493472,0.19419316805837417,0.955374218757951,9,G9F6C 72.2 Comdty,arithmetic
2,0,70.0999984741211,72.67,1.1013698630136983,0.0459100008010864,0.2509,0.9646346287893366,-0.03600587235517454,0.2633099409181153,0.950693185714754,0,G9F6C 72.67 Comdty,arithmetic
2,1,69.62000274658203,72.67,1.095890410958904,0.045789999961853,0.2457,0.9580294859857167,-0.04287672279420346,0.25721051556083097,0.9510574369616897,1,G9F6C 72.67 Comdty,arithmetic
2,2,70.5999984741211,72.67,1.093150684931507,0.0461899995803833,0.237,0.971515047118771,-0.028898521742364097,0.247792616560538,0.9507609360604792,2,G9F6C 72.67 Comdty,arithmetic
2,3,70.98999786376953,72.67,1.084931506849315,0.0454500007629394,0.237,0.9768817650167817,-0.023389652669241916,0.24685930772044865,0.9518858681126297,3,G9F6C 72.67 Comdty,arithmetic
2,4,73.12999725341797,72.67,1.0767123287671232,0.0457499980926513,0.2253,1.0063299470678129,0.00630999709678637,0.2337819811540846,0.951933987946338,4,G9F6C 72.67 Comdty,arithmetic
2,5,73.95999908447266,72.67,1.073972602739726,0.0459600019454956,0.2211,1.0177514666915186,0.017595749511697206,0.22913178788456676,0.9518386128191062,5,G9F6C 72.67 Comdty,arithmetic
2,6,73.55999755859375,72.67,1.0657534246575342,0.0461800003051757,0.21739999999999998,1.0122471110306006,0.01217272191825697,0.22443361675285436,0.9519750110085052,6,G9F6C 72.67 Comdty,arithmetic
2,7,73.31999969482422,72.67,1.0602739726027397,0.0469299983978271,0.2227,1.0089445396287906,0.008904774180714956,0.22931331219683898,0.9514590258767754,7,G9F6C 72.67 Comdty,arithmetic
2,8,75.44000244140625,72.67,1.021917808219178,0.0459899997711181,0.20739999999999997,1.0381175511408594,0.03740902605888193,0.20966055723543703,0.9540893059902346,8,G9F6C 72.67 Comdty,arithmetic
2,9,73.16999816894531,72.67,1.008219178082192,0.0452799987792968,0.1934,1.00688039313259,0.00685683124272953,0.19419316805837417,0.955374218757951,9,G9F6C 72.67 Comdty,arithmetic
3,0,70.0999984741211,72.75,1.1013698630136983,0.0459100008010864,0.2509,0.9635738621872315,-0.03710613377823187,0.2633099409181153,0.950693185714754,0,G9F6C 72.75 Comdty,arithmetic
3,1,69.62000274658203,72.75,1.095890410958904,0.045789999961853,0.2457,0.956975982770887,-0.04397698421726084,0.25721051556083097,0.9510574369616897,1,G9F6C 72.75 Comdty,arithmetic
3,2,70.5999984741211,72.75,1.093150684931507,0.0461899995803833,0.237,0.9704467144209085,-0.02999878316542145,0.247792616560538,0.9507609360604792,2,G9F6C 72.75 Comdty,arithmetic
3,3,70.98999786376953,72.75,1.084931506849315,0.0454500007629394,0.237,0.9758075307734644,-0.024489914092299173,0.24685930772044865,0.9518858681126297,3,G9F6C 72.75 Comdty,arithmetic
3,4,73.12999725341797,72.75,1.0767123287671232,0.0457499980926513,0.2253,1.0052233299438895,0.005209735673729022,0.2337819811540846,0.951933987946338,4,G9F6C 72.75 Comdty,arithmetic
3,5,73.95999908447266,72.75,1.073972602739726,0.0459600019454956,0.2211,1.01663228982093,0.016495488088639737,0.22913178788456676,0.9518386128191062,5,G9F6C 72.75 Comdty,arithmetic
3,6,73.55999755859375,72.75,1.0657534246575342,0.0461800003051757,0.21739999999999998,1.0111339870597078,0.011072460495199556,0.22443361675285436,0.9519750110085052,6,G9F6C 72.75 Comdty,arithmetic
3,7,73.31999969482422,72.75,1.0602739726027397,0.0469299983978271,0.2227,1.0078350473515356,0.007804512757657629,0.22931331219683898,0.9514590258767754,7,G9F6C 72.75 Comdty,arithmetic
3,8,75.44000244140625,72.75,1.021917808219178,0.0459899997711181,0.20739999999999997,1.0369759785760309,0.03630876463582451,0.20966055723543703,0.9540893059902346,8,G9F6C 72.75 Comdty,arithmetic
3,9,73.16999816894531,72.75,1.008219178082192,0.0452799987792968,0.1934,1.005773170707152,0.005756569819672024,0.19419316805837417,0.955374218757951,9,G9F6C 72.75 Comdty,arithmetic
4,0,70.0999984741211,73.8,1.1013698630136983,0.0459100008010864,0.2509,0.9498644779691205,-0.05143595933305673,0.2633099409181153,0.950693185714754,0,G9F6C 73.8 Comdty,arithmetic
4,1,69.62000274658203,73.8,1.095890410958904,0.045789999961853,0.2457,0.9433604708208948,-0.058306809772085674,0.25721051556083097,0.9510574369616897,1,G9F6C 73.8 Comdty,arithmetic
4,2,70.5999984741211,73.8,1.093150684931507,0.0461899995803833,0.237,0.956639545719798,-0.044328608720246306,0.247792616560538,0.9507609360604792,2,G9F6C 73.8 Comdty,arithmetic
4,3,70.98999786376953,73.8,1.084931506849315,0.0454500007629394,0.237,0.9619240902949802,-0.03881973964712406,0.24685930772044865,0.9518858681126297,3,G9F6C 73.8 Comdty,arithmetic
4,4,73.12999725341797,73.8,1.0767123287671232,0.0457499980926513,0.2253,0.9909213719975335,-0.009120089881095767,0.2337819811540846,0.951933987946338,4,G9F6C 73.8 Comdty,arithmetic
4,5,73.95999908447266,73.8,1.073972602739726,0.0459600019454956,0.2211,1.0021680092746972,0.0021656625338148383,0.22913178788456676,0.9518386128191062,5,G9F6C 73.8 Comdty,arithmetic
4,6,73.55999755859375,73.8,1.0657534246575342,0.0461800003051757,0.21739999999999998,0.9967479343982893,-0.003257365059625212,0.22443361675285436,0.9519750110085052,6,G9F6C 73.8 Comdty,arithmetic
4,7,73.31999969482422,73.8,1.0602739726027397,0.0469299983978271,0.2227,0.9934959308241764,-0.006525312797167239,0.22931331219683898,0.9514590258767754,7,G9F6C 73.8 Comdty,arithmetic
4,8,75.44000244140625,73.8,1.021917808219178,0.0459899997711181,0.20739999999999997,1.0222222553036078,0.021978939080999717,0.20966055723543703,0.9540893059902346,8,G9F6C 73.8 Comdty,arithmetic
4,9,73.16999816894531,73.8,1.008219178082192,0.0452799987792968,0.1934,0.9914633898231072,-0.008573255735152822,0.19419316805837417,0.955374218757951,9,G9F6C 73.8 Comdty,arithmetic
5,0,70.0999984741211,75.0,1.1013698630136983,0.0459100008010864,0.2509,0.9346666463216146,-0.06756534126294042,0.2633099409181153,0.950693185714754,0,G9F6C 75 Comdty,arithmetic
5,1,69.62000274658203,75.0,1.095890410958904,0.045789999961853,0.2457,0.9282667032877604,-0.0744361917019694,0.25721051556083097,0.9510574369616897,1,G9F6C 75 Comdty,arithmetic
5,2,70.5999984741211,75.0,1.093150684931507,0.0461899995803833,0.237,0.9413333129882813,-0.06045799065012993,0.247792616560538,0.9507609360604792,2,G9F6C 75 Comdty,arithmetic
5,3,70.98999786376953,75.0,1.084931506849315,0.0454500007629394,0.237,0.9465333048502604,-0.05494912157700774,0.24685930772044865,0.9518858681126297,3,G9F6C 75 Comdty,arithmetic
5,4,73.12999725341797,75.0,1.0767123287671232,0.0457499980926513,0.2253,0.9750666300455729,-0.025249471810979432,0.2337819811540846,0.951933987946338,4,G9F6C 75 Comdty,arithmetic
5,5,73.95999908447266,75.0,1.073972602739726,0.0459600019454956,0.2211,0.986133321126302,-0.013963719396068783,0.22913178788456676,0.9518386128191062,5,G9F6C 75 Comdty,arithmetic
5,6,73.55999755859375,75.0,1.0657534246575342,0.0461800003051757,0.21739999999999998,0.9807999674479166,-0.01938674698950892,0.22443361675285436,0.9519750110085052,6,G9F6C 75 Comdty,arithmetic
5,7,73.31999969482422,75.0,1.0602739726027397,0.0469299983978271,0.2227,0.9775999959309896,-0.0226546947270509,0.22931331219683898,0.9514590258767754,7,G9F6C 75 Comdty,arithmetic
5,8,75.44000244140625,75.0,1.021917808219178,0.0459899997711181,0.20739999999999997,1.00586669921875,0.005849557151115977,0.20966055723543703,0.9540893059902346,8,G9F6C 75 Comdty,arithmetic
5,9,73.16999816894531,75.0,1.008219178082192,0.0452799987792968,0.1934,0.9755999755859375,-0.024702637665036484,0.19419316805837417,0.955374218757951,9,G9F6C 75 Comdty,arithmetic
6,0,70.0999984741211,75.75,1.1013698630136983,0.0459100008010864,0.2509,0.9254125211105095,-0.07751567211610844,0.2633099409181153,0.950693185714754,0,G9F6C 75.75 Comdty,arithmetic
6,1,69.62000274658203,75.75,1.095890410958904,0.045789999961853,0.2457,0.9190759438492677,-0.08438652255513748,0.25721051556083097,0.9510574369616897,1,G9F6C 75.75 Comdty,arithmetic
6,2,70.5999984741211,75.75,1.093150684931507,0.0461899995803833,0.237,0.9320131811765161,-0.07040832150329802,0.247792616560538,0.9507609360604792,2,G9F6C 75.75 Comdty,arithmetic
6,3,70.98999786376953,75.75,1.084931506849315,0.0454500007629394,0.237,0.9371616879705549,-0.06489945243017582,0.24685930772044865,0.9518858681126297,3,G9F6C 75.75 Comdty,arithmetic
6,4,73.12999725341797,75.75,1.0767123287671232,0.0457499980926513,0.2253,0.9654125049956167,-0.035199802664147566,0.2337819811540846,0.951933987946338,4,G9F6C 75.75 Comdty,arithmetic
6,5,73.95999908447266,75.75,1.073972602739726,0.0459600019454956,0.2211,0.9763696248775268,-0.023914050249236866,0.22913178788456676,0.9518386128191062,5,G9F6C 75.75 Comdty,arithmetic
6,6,73.55999755859375,75.75,1.0657534246575342,0.0461800003051757,0.21739999999999998,0.9710890766811056,-0.02933707784267703,0.22443361675285436,0.9519750110085052,6,G9F6C 75.75 Comdty,arithmetic
6,7,73.31999969482422,75.75,1.0602739726027397,0.0469299983978271,0.2227,0.9679207880504848,-0.03260502558021894,0.22931331219683898,0.9514590258767754,7,G9F6C 75.75 Comdty,arithmetic
6,8,75.44000244140625,75.75,1.021917808219178,0.0459899997711181,0.20739999999999997,0.9959076229888614,-0.004100773702052057,0.20966055723543703,0.9540893059902346,8,G9F6C 75.75 Comdty,arithmetic
6,9,73.16999816894531,75.75,1.008219178082192,0.0452799987792968,0.1934,0.9659405698870668,-0.03465296851820459,0.19419316805837417,0.955374218757951,9,G9F6C 75.75 Comdty,arithmetic
7,0,70.0999984741211,76.55,1.1013698630136983,0.0459100008010864,0.2509,0.9157413255926988,-0.0880213498303227,0.2633099409181153,0.950693185714754,0,G9F6C 76.55 Comdty,arithmetic
7,1,69.62000274658203,76.55,1.095890410958904,0.045789999961853,0.2457,0.9094709699096282,-0.09489220026935162,0.25721051556083097,0.9510574369616897,1,G9F6C 76.55 Comdty,arithmetic
7,2,70.5999984741211,76.55,1.093150684931507,0.0461899995803833,0.237,0.9222730042341097,-0.08091399921751218,0.247792616560538,0.9507609360604792,2,G9F6C 76.55 Comdty,arithmetic
7,3,70.98999786376953,76.55,1.084931506849315,0.0454500007629394,0.237,0.9273677056011697,-0.07540513014438999,0.24685930772044865,0.9518858681126297,3,G9F6C 76.55 Comdty,arithmetic
7,4,73.12999725341797,76.55,1.0767123287671232,0.0457499980926513,0.2253,0.9553232822131675,-0.045705480378361675,0.2337819811540846,0.951933987946338,4,G9F6C 76.55 Comdty,arithmetic
7,5,73.95999908447266,76.55,1.073972602739726,0.0459600019454956,0.2211,0.9661658926776311,-0.034419727963451004,0.22913178788456676,0.9518386128191062,5,G9F6C 76.55 Comdty,arithmetic
7,6,73.55999755859375,76.55,1.0657534246575342,0.0461800003051757,0.21739999999999998,0.9609405298314011,-0.03984275555689115,0.22443361675285436,0.9519750110085052,6,G9F6C 76.55 Comdty,arithmetic
7,7,73.31999969482422,76.55,1.0602739726027397,0.0469299983978271,0.2227,0.9578053519898657,-0.04311070329443318,0.22931331219683898,0.9514590258767754,7,G9F6C 76.55 Comdty,arithmetic
7,8,75.44000244140625,76.55,1.021917808219178,0.0459899997711181,0.20739999999999997,0.9854997053090301,-0.014606451416266245,0.20966055723543703,0.9540893059902346,8,G9F6C 76.55 Comdty,arithmetic
7,9,73.16999816894531,76.55,1.008219178082192,0.0452799987792968,0.1934,0.9558458284643412,-0.045158646232418706,0.19419316805837417,0.955374218757951,9,G9F6C 76.55 Comdty,arithmetic
8,0,70.0999984741211,77.25,1.1013698630136983,0.0459100008010864,0.2509,0.9074433459433151,-0.09712414350448483,0.2633099409181153,0.950693185714754,0,G9F6C 77.25 Comdty,arithmetic
8,1,69.62000274658203,77.25,1.095890410958904,0.045789999961853,0.2457,0.9012298090172431,-0.10399499394351376,0.25721051556083097,0.9510574369616897,1,G9F6C 77.25 Comdty,arithmetic
8,2,70.5999984741211,77.25,1.093150684931507,0.0461899995803833,0.237,0.9139158378527003,-0.09001679289167434,0.247792616560538,0.9507609360604792,2,G9F6C 77.25 Comdty,arithmetic
8,3,70.98999786376953,77.25,1.084931506849315,0.0454500007629394,0.237,0.9189643736410296,-0.08450792381855213,0.24685930772044865,0.9518858681126297,3,G9F6C 77.25 Comdty,arithmetic
8,4,73.12999725341797,77.25,1.0767123287671232,0.0457499980926513,0.2253,0.9466666311122067,-0.05480827405252383,0.2337819811540846,0.951933987946338,4,G9F6C 77.25 Comdty,arithmetic
8,5,73.95999908447266,77.25,1.073972602739726,0.0459600019454956,0.2211,0.9574109913847593,-0.04352252163761317,0.22913178788456676,0.9518386128191062,5,G9F6C 77.25 Comdty,arithmetic
8,6,73.55999755859375,77.25,1.0657534246575342,0.0461800003051757,0.21739999999999998,0.9522329781047735,-0.048945549231053286,0.22443361675285436,0.9519750110085052,6,G9F6C 77.25 Comdty,arithmetic
8,7,73.31999969482422,77.25,1.0602739726027397,0.0469299983978271,0.2227,0.9491262096417374,-0.052213496968595306,0.22931331219683898,0.9514590258767754,7,G9F6C 77.25 Comdty,arithmetic
8,8,75.44000244140625,77.25,1.021917808219178,0.0459899997711181,0.20739999999999997,0.9765696108919902,-0.023709245090428422,0.20966055723543703,0.9540893059902346,8,G9F6C 77.25 Comdty,arithmetic
8,9,73.16999816894531,77.25,1.008219178082192,0.0452799987792968,0.1934,0.9471844423164442,-0.05426143990658086,0.19419316805837417,0.955374218757951,9,G9F6C 77.25 Comdty,arithmetic
9,0,70.0999984741211,78.0,1.1013698630136983,0.0459100008010864,0.2509,0.8987179291553986,-0.10678605441622174,0.2633099409181153,0.950693185714754,0,G9F6C 78 Comdty,arithmetic
9,1,69.62000274658203,78.0,1.095890410958904,0.045789999961853,0.2457,0.8925641377766927,-0.11365690485525064,0.25721051556083097,0.9510574369616897,1,G9F6C 78 Comdty,arithmetic
9,2,70.5999984741211,78.0,1.093150684931507,0.0461899995803833,0.237,0.905128185565655,-0.0996787038034113,0.247792616560538,0.9507609360604792,2,G9F6C 78 Comdty,arithmetic
9,3,70.98999786376953,78.0,1.084931506849315,0.0454500007629394,0.237,0.910128177740635,-0.09416983473028903,0.24685930772044865,0.9518858681126297,3,G9F6C 78 Comdty,arithmetic
9,4,73.12999725341797,78.0,1.0767123287671232,0.0457499980926513,0.2253,0.9375640673515124,-0.06447018496426073,0.2337819811540846,0.951933987946338,4,G9F6C 78 Comdty,arithmetic
9,5,73.95999908447266,78.0,1.073972602739726,0.0459600019454956,0.2211,0.9482051164675982,-0.053184432549349986,0.22913178788456676,0.9518386128191062,5,G9F6C 78 Comdty,arithmetic
9,6,73.55999755859375,78.0,1.0657534246575342,0.0461800003051757,0.21739999999999998,0.943076891776843,-0.05860746014279019,0.22443361675285436,0.9519750110085052,6,G9F6C 78 Comdty,arithmetic
9,7,73.31999969482422,78.0,1.0602739726027397,0.0469299983978271,0.2227,0.93999999608749,-0.061875407880332196,0.22931331219683898,0.9514590258767754,7,G9F6C 78 Comdty,arithmetic
9,8,75.44000244140625,78.0,1.021917808219178,0.0459899997711181,0.20739999999999997,0.9671795184795673,-0.033371156002165274,0.20966055723543703,0.9540893059902346,8,G9F6C 78 Comdty,arithmetic
9,9,73.16999816894531,78.0,1.008219178082192,0.0452799987792968,0.1934,0.938076899601863,-0.06392335081831771,0.19419316805837417,0.955374218757951,9,G9F6C 78 Comdty,arithmetic
10,0,70.0999984741211,79.25,1.1013698630136983,0.0459100008010864,0.2509,0.8845425674967962,-0.1226846404840199,0.2633099409181153,0.950693185714754,0,G9F6C 79.25 Comdty,arithmetic
10,1,69.62000274658203,79.25,1.095890410958904,0.045789999961853,0.2457,0.8784858390735903,-0.1295554909230489,0.25721051556083097,0.9510574369616897,1,G9F6C 79.25 Comdty,arithmetic
10,2,70.5999984741211,79.25,1.093150684931507,0.0461899995803833,0.237,0.8908517157617803,-0.11557728987120952,0.247792616560538,0.9507609360604792,2,G9F6C 79.25 Comdty,arithmetic
10,3,70.98999786376953,79.25,1.084931506849315,0.0454500007629394,0.237,0.895772843706871,-0.11006842079808732,0.24685930772044865,0.9518858681126297,3,G9F6C 79.25 Comdty,arithmetic
10,4,73.12999725341797,79.25,1.0767123287671232,0.0457499980926513,0.2253,0.9227759905794065,-0.08036877103205903,0.2337819811540846,0.951933987946338,4,G9F6C 79.25 Comdty,arithmetic
10,5,73.95999908447266,79.25,1.073972602739726,0.0459600019454956,0.2211,0.9332491998040714,-0.06908301861714827,0.22913178788456676,0.9518386128191062,5,G9F6C 79.25 Comdty,arithmetic
10,6,73.55999755859375,79.25,1.0657534246575342,0.0461800003051757,0.21739999999999998,0.9282018619380915,-0.07450604621058841,0.22443361675285436,0.9519750110085052,6,G9F6C 79.25 Comdty,arithmetic
10,7,73.31999969482422,79.25,1.0602739726027397,0.0469299983978271,0.2227,0.9251734977264886,-0.0777739939481304,0.22931331219683898,0.9514590258767754,7,G9F6C 79.25 Comdty,arithmetic
10,8,75.44000244140625,79.25,1.021917808219178,0.0459899997711181,0.20739999999999997,0.9519243210272083,-0.049269742069963464,0.20966055723543703,0.9540893059902346,8,G9F6C 79.25 Comdty,arithmetic
10,9,73.16999816894531,79.25,1.008219178082192,0.0452799987792968,0.1934,0.9232807339930008,-0.07982193688611598,0.19419316805837417,0.955374218757951,9,G9F6C 79.25 Comdty,arithmetic
11,0,70.0999984741211,71.1,2.0986301369863014,0.0459100008010864,0.2509,0.9859352809299733,-0.014164564535825047,0.3634700359227685,0.9081478245442283,0,G9F7C 71.1 Comdty,arithmetic
11,1,69.62000274658203,71.1,2.0931506849315067,0.045789999961853,0.2457,0.9791842861685237,-0.021035414974854064,0.3554720047933182,0.9086045029179726,1,G9F7C 71.1 Comdty,arithmetic
11,2,70.5999984741211,71.1,2.0904109589041098,0.0461899995803833,0.237,0.9929676297344739,-0.0070572139230146505,0.34266060927787556,0.9079589766388846,2,G9F7C 71.1 Comdty,arithmetic
11,3,70.98999786376953,71.1,2.0821917808219177,0.0454500007629394,0.237,0.9984528532175744,-0.0015483448498924118,0.3419863010955063,0.9097043539503136,3,G9F7C 71.1 Comdty,arithmetic
11,4,73.12999725341797,71.1,2.073972602739726,0.0457499980926513,0.2253,1.0285512975164273,0.028151304916135947,0.32446114709253365,0.9094782071899041,4,G9F7C 71.1 Comdty,arithmetic
11,5,73.95999908447266,71.1,2.0712328767123287,0.0459600019454956,0.2211,1.0402250222851288,0.03943705733104654,0.31820222208052895,0.9091966541142211,5,G9F7C 71.1 Comdty,arithmetic
11,6,73.55999755859375,71.1,2.063013698630137,0.0461800003051757,0.21739999999999998,1.0345991217805028,0.03401402973760638,0.31225585873617884,0.9091274612548168,6,G9F7C 71.1 Comdty,arithmetic
11,7,73.31999969482422,71.1,2.0575342465753423,0.0469299983978271,0.2227,1.031223624399778,0.03074608200006443,0.31944327766261665,0.9079553470069074,7,G9F7C 71.1 Comdty,arithmetic
11,8,75.44000244140625,71.1,2.0191780821917806,0.0459899997711181,0.20739999999999997,1.0610408219607068,0.05925033387823135,0.2947108084253777,0.9113192540971343,8,G9F7C 71.1 Comdty,arithmetic
11,9,73.16999816894531,71.1,2.0054794520547947,0.0452799987792968,0.1934,1.0291138982974024,0.028698139062078777,0.2738833164208777,0.9131929292892185,9,G9F7C 71.1 Comdty,arithmetic
12,0,70.0999984741211,75.0,2.0986301369863014,0.0459100008010864,0.2509,0.9346666463216146,-0.06756534126294042,0.3634700359227685,0.9081478245442283,0,G9F7C 75 Comdty,arithmetic
12,1,69.62000274658203,75.0,2.0931506849315067,0.045789999961853,0.2457,0.9282667032877604,-0.0744361917019694,0.3554720047933182,0.9086045029179726,1,G9F7C 75 Comdty,arithmetic
12,2,70.5999984741211,75.0,2.0904109589041098,0.0461899995803833,0.237,0.9413333129882813,-0.06045799065012993,0.34266060927787556,0.9079589766388846,2,G9F7C 75 Comdty,arithmetic
12,3,70.98999786376953,75.0,2.0821917808219177,0.0454500007629394,0.237,0.9465333048502604,-0.05494912157700774,0.3419863010955063,0.9097043539503136,3,G9F7C 75 Comdty,arithmetic
12,4,73.12999725341797,75.0,2.073972602739726,0.0457499980926513,0.2253,0.9750666300455729,-0.025249471810979432,0.32446114709253365,0.9094782071899041,4,G9F7C 75 Comdty,arithmetic
12,5,73.95999908447266,75.0,2.0712328767123287,0.0459600019454956,0.2211,0.986133321126302,-0.013963719396068783,0.31820222208052895,0.9091966541142211,5,G9F7C 75 Comdty,arithmetic
12,6,73.55999755859375,75.0,2.063013698630137,0.0461800003051757,0.21739999999999998,0.9807999674479166,-0.01938674698950892,0.31225585873617884,0.9091274612548168,6,G9F7C 75 Comdty,arithmetic
12,7,73.31999969482422,75.0,2.0575342465753423,0.0469299983978271,0.2227,0.9775999959309896,-0.0226546947270509,0.31944327766261665,0.9079553470069074,7,G9F7C 75 Comdty,arithmetic
12,8,75.44000244140625,75.0,2.0191780821917806,0.0459899997711181,0.20739999999999997,1.00586669921875,0.005849557151115977,0.2947108084253777,0.9113192540971343,8,G9F7C 75 Comdty,arithmetic
12,9,73.16999816894531,75.0,2.0054794520547947,0.0452799987792968,0.1934,0.9755999755859375,-0.024702637665036484,0.2738833164208777,0.9131929292892185,9,G9F7C 75 Comdty,arithmetic
13,0,70.0999984741211,71.1,1.178082191780822,0.0459100008010864,0.2509,0.9859352809299733,-0.014164564535825047,0.2723255922956528,0.9473508635434195,0,G9G6C 71.1 Comdty,arithmetic
13,1,69.62000274658203,71.1,1.1726027397260277,0.045789999961853,0.2457,0.9791842861685237,-0.021035414974854064,0.2660606261120261,0.9477225584650838,1,G9G6C 71.1 Comdty,arithmetic
13,2,70.5999984741211,71.1,1.16986301369863,0.0461899995803833,0.237,0.9929676297344739,-0.0070572139230146505,0.2563396879463622,0.9473980259810749,2,G9G6C 71.1 Comdty,arithmetic
13,3,70.98999786376953,71.1,1.1616438356164382,0.0454500007629394,0.237,0.9984528532175744,-0.0015483448498924118,0.25543761000044557,0.9485728252034397,3,G9G6C 71.1 Comdty,arithmetic
13,4,73.12999725341797,71.1,1.1534246575342466,0.0457499980926513,0.2253,1.0285512975164273,0.028151304916135947,0.24196681471775738,0.9485989467286903,4,G9G6C 71.1 Comdty,arithmetic
13,5,73.95999908447266,71.1,1.1506849315068493,0.0459600019454956,0.2211,1.0402250222851288,0.03943705733104654,0.2371739330545158,0.94848862557687,5,G9G6C 71.1 Comdty,arithmetic
13,6,73.55999755859375,71.1,1.1424657534246576,0.0461800003051757,0.21739999999999998,1.0345991217805028,0.03401402973760638,0.23237057626198881,0.9486085343050242,6,G9G6C 71.1 Comdty,arithmetic
13,7,73.31999969482422,71.1,1.1369863013698631,0.0469299983978271,0.2227,1.031223624399778,0.03074608200006443,0.23746402957598814,0.9480398276679541,7,G9G6C 71.1 Comdty,arithmetic
13,8,75.44000244140625,71.1,1.0986301369863014,0.0459899997711181,0.20739999999999997,1.0610408219607068,0.05925033387823135,0.21738746898391562,0.9507292096306006,8,G9G6C 71.1 Comdty,arithmetic
13,9,73.16999816894531,71.1,1.084931506849315,0.0452799987792968,0.1934,1.0291138982974024,0.028698139062078777,0.20144552790352224,0.9520614506177351,9,G9G6C 71.1 Comdty,arithmetic
14,0,70.0999984741211,71.65,1.178082191780822,0.0459100008010864,0.2509,0.9783670408111805,-0.021870382000810935,0.2723255922956528,0.9473508635434195,0,G9G6C 71.65 Comdty,arithmetic
14,1,69.62000274658203,71.65,1.1726027397260277,0.045789999961853,0.2457,0.9716678680611588,-0.02874123243983985,0.2660606261120261,0.9477225584650838,1,G9G6C 71.65 Comdty,arithmetic
14,2,70.5999984741211,71.65,1.16986301369863,0.0461899995803833,0.237,0.9853454078732881,-0.014763031388000428,0.2563396879463622,0.9473980259810749,2,G9G6C 71.65 Comdty,arithmetic
14,3,70.98999786376953,71.65,1.1616438356164382,0.0454500007629394,0.237,0.9907885256632174,-0.009254162314878236,0.25543761000044557,0.9485728252034397,3,G9G6C 71.65 Comdty,arithmetic
14,4,73.12999725341797,71.65,1.1534246575342466,0.0457499980926513,0.2253,1.0206559281705228,0.020445487451149956,0.24196681471775738,0.9485989467286903,4,G9G6C 71.65 Comdty,arithmetic
14,5,73.95999908447266,71.65,1.1506849315068493,0.0459600019454956,0.2211,1.0322400430491647,0.0317312398660608,0.2371739330545158,0.94848862557687,5,G9G6C 71.65 Comdty,arithmetic
14,6,73.55999755859375,71.65,1.1424657534246576,0.0461800003051757,0.21739999999999998,1.0266573281031925,0.02630821227262064,0.23237057626198881,0.9486085343050242,6,G9G6C 71.65 Comdty,arithmetic
14,7,73.31999969482422,71.65,1.1369863013698631,0.0469299983978271,0.2227,1.0233077417281815,0.023040264535078514,0.23746402957598814,0.9480398276679541,7,G9G6C 71.65 Comdty,arithmetic
14,8,75.44000244140625,71.65,1.0986301369863014,0.0459899997711181,0.20739999999999997,1.0528960564048324,0.05154451641324552,0.21738746898391562,0.9507292096306006,8,G9G6C 71.65 Comdty,arithmetic
14,9,73.16999816894531,71.65,1.084931506849315,0.0452799987792968,0.1934,1.021214210313263,0.020992321597092967,0.20144552790352224,0.9520614506177351,9,G9G6C 71.65 Comdty,arithmetic
15,0,70.0999984741211,73.75,1.178082191780822,0.0459100008010864,0.2509,0.9505084538863877,-0.050758222946559156,0.2723255922956528,0.9473508635434195,0,G9G6C 73.75 Comdty,arithmetic
15,1,69.62000274658203,73.75,1.1726027397260277,0.045789999961853,0.2457,0.9440000372417903,-0.05762907338558812,0.2660606261120261,0.9477225584650838,1,G9G6C 73.75 Comdty,arithmetic
15,2,70.5999984741211,73.75,1.16986301369863,0.0461899995803833,0.237,0.9572881149033369,-0.04365087233374871,0.2563396879463622,0.9473980259810749,2,G9G6C 73.75 Comdty,arithmetic
15,3,70.98999786376953,73.75,1.1616438356164382,0.0454500007629394,0.237,0.9625762422206038,-0.038142003260626556,0.25543761000044557,0.9485728252034397,3,G9G6C 73.75 Comdty,arithmetic
15,4,73.12999725341797,73.75,1.1534246575342466,0.0457499980926513,0.2253,0.9915931830971928,-0.008442353494598204,0.24196681471775738,0.9485989467286903,4,G9G6C 73.75 Comdty,arithmetic
15,5,73.95999908447266,73.75,1.1506849315068493,0.0459600019454956,0.2211,1.0028474452131886,0.0028433989203125263,0.2371739330545158,0.94848862557687,5,G9G6C 73.75 Comdty,arithmetic
15,6,73.55999755859375,73.75,1.1424657534246576,0.0461800003051757,0.21739999999999998,0.9974236957097458,-0.00257962867312766,0.23237057626198881,0.9486085343050242,6,G9G6C 73.75 Comdty,arithmetic
15,7,73.31999969482422,73.75,1.1369863013698631,0.0469299983978271,0.2227,0.994169487387447,-0.005847576410669644,0.23746402957598814,0.9480398276679541,7,G9G6C 73.75 Comdty,arithmetic
15,8,75.44000244140625,73.75,1.0986301369863014,0.0459899997711181,0.20739999999999997,1.0229152873411016,0.02265667546749718,0.21738746898391562,0.9507292096306006,8,G9G6C 73.75 Comdty,arithmetic
15,9,73.16999816894531,73.75,1.084931506849315,0.0452799987792968,0.1934,0.9921355683924789,-0.007895519348655185,0.20144552790352224,0.9520614506177351,9,G9G6C 73.75 Comdty,arithmetic
16,0,70.0999984741211,73.8,1.178082191780822,0.0459100008010864,0.2509,0.9498644779691205,-0.05143595933305673,0.2723255922956528,0.9473508635434195,0,G9G6C 73.8 Comdty,arithmetic
16,1,69.62000274658203,73.8,1.1726027397260277,0.045789999961853,0.2457,0.9433604708208948,-0.058306809772085674,0.2660606261120261,0.9477225584650838,1,G9G6C 73.8 Comdty,arithmetic
16,2,70.5999984741211,73.8,1.16986301369863,0.0461899995803833,0.237,0.956639545719798,-0.044328608720246306,0.2563396879463622,0.9473980259810749,2,G9G6C 73.8 Comdty,arithmetic
16,3,70.98999786376953,73.8,1.1616438356164382,0.0454500007629394,0.237,0.9619240902949802,-0.03881973964712406,0.25543761000044557,0.9485728252034397,3,G9G6C 73.8 Comdty,arithmetic
16,4,73.12999725341797,73.8,1.1534246575342466,0.0457499980926513,0.2253,0.9909213719975335,-0.009120089881095767,0.24196681471775738,0.9485989467286903,4,G9G6C 73.8 Comdty,arithmetic
16,5,73.95999908447266,73.8,1.1506849315068493,0.0459600019454956,0.2211,1.0021680092746972,0.0021656625338148383,0.2371739330545158,0.94848862557687,5,G9G6C 73.8 Comdty,arithmetic
16,6,73.55999755859375,73.8,1.1424657534246576,0.0461800003051757,0.21739999999999998,0.9967479343982893,-0.003257365059625212,0.23237057626198881,0.9486085343050242,6,G9G6C 73.8 Comdty,arithmetic
16,7,73.31999969482422,73.8,1.1369863013698631,0.0469299983978271,0.2227,0.9934959308241764,-0.006525312797167239,0.23746402957598814,0.9480398276679541,7,G9G6C 73.8 Comdty,arithmetic
16,8,75.44000244140625,73.8,1.0986301369863014,0.0459899997711181,0.20739999999999997,1.0222222553036078,0.021978939080999717,0.21738746898391562,0.9507292096306006,8,G9G6C 73.8 Comdty,arithmetic
16,9,73.16999816894531,73.8,1.084931506849315,0.0452799987792968,0.1934,0.9914633898231072,-0.008573255735152822,0.20144552790352224,0.9520614506177351,9,G9G6C 73.8 Comdty,arithmetic
17,0,70.0999984741211,74.0,1.178082191780822,0.0459100008010864,0.2509,0.9472972766773121,-0.05414232093079967,0.2723255922956528,0.9473508635434195,0,G9G6C 74 Comdty,arithmetic
17,1,69.62000274658203,74.0,1.1726027397260277,0.045789999961853,0.2457,0.9408108479267842,-0.06101317136982875,0.2660606261120261,0.9477225584650838,1,G9G6C 74 Comdty,arithmetic
17,2,70.5999984741211,74.0,1.16986301369863,0.0461899995803833,0.237,0.9540540334340688,-0.0470349703179893,0.2563396879463622,0.9473980259810749,2,G9G6C 74 Comdty,arithmetic
17,3,70.98999786376953,74.0,1.1616438356164382,0.0454500007629394,0.237,0.959324295456345,-0.041526101244867074,0.25543761000044557,0.9485728252034397,3,G9G6C 74 Comdty,arithmetic
17,4,73.12999725341797,74.0,1.1534246575342466,0.0457499980926513,0.2253,0.9882432061272699,-0.011826451478838698,0.24196681471775738,0.9485989467286903,4,G9G6C 74 Comdty,arithmetic
17,5,73.95999908447266,74.0,1.1506849315068493,0.0459600019454956,0.2211,0.9994594470874684,-0.0005406990639280056,0.2371739330545158,0.94848862557687,5,G9G6C 74 Comdty,arithmetic
17,6,73.55999755859375,74.0,1.1424657534246576,0.0461800003051757,0.21739999999999998,0.9940540210620777,-0.005963726657368168,0.23237057626198881,0.9486085343050242,6,G9G6C 74 Comdty,arithmetic
17,7,73.31999969482422,74.0,1.1369863013698631,0.0469299983978271,0.2227,0.9908108066868138,-0.0092316743949102,0.23746402957598814,0.9480398276679541,7,G9G6C 74 Comdty,arithmetic
17,8,75.44000244140625,74.0,1.0986301369863014,0.0459899997711181,0.20739999999999997,1.0194594924514357,0.019272577483256663,0.21738746898391562,0.9507292096306006,8,G9G6C 74 Comdty,arithmetic
17,9,73.16999816894531,74.0,1.084931506849315,0.0452799987792968,0.1934,0.9887837590398015,-0.011279617332895755,0.20144552790352224,0.9520614506177351,9,G9G6C 74 Comdty,arithmetic
18,0,70.0999984741211,74.4,1.178082191780822,0.0459100008010864,0.2509,0.9422042805661437,-0.059533169565676176,0.2723255922956528,0.9473508635434195,0,G9G6C 74.4 Comdty,arithmetic
18,1,69.62000274658203,74.4,1.1726027397260277,0.045789999961853,0.2457,0.9357527250884681,-0.06640402000470522,0.2660606261120261,0.9477225584650838,1,G9G6C 74.4 Comdty,arithmetic
18,2,70.5999984741211,74.4,1.16986301369863,0.0461899995803833,0.237,0.9489247106736706,-0.052425818952865744,0.2563396879463622,0.9473980259810749,2,G9G6C 74.4 Comdty,arithmetic
18,3,70.98999786376953,74.4,1.1616438356164382,0.0454500007629394,0.237,0.9541666379538914,-0.046916949879743604,0.25543761000044557,0.9485728252034397,3,G9G6C 74.4 Comdty,arithmetic
18,4,73.12999725341797,74.4,1.1534246575342466,0.0457499980926513,0.2253,0.9829300706104565,-0.0172173001137153,0.24196681471775738,0.9485989467286903,4,G9G6C 74.4 Comdty,arithmetic
18,5,73.95999908447266,74.4,1.1506849315068493,0.0459600019454956,0.2211,0.9940860091999012,-0.005931547698804567,0.2371739330545158,0.94848862557687,5,G9G6C 74.4 Comdty,arithmetic
18,6,73.55999755859375,74.4,1.1424657534246576,0.0461800003051757,0.21739999999999998,0.9887096446047546,-0.011354575292244706,0.23237057626198881,0.9486085343050242,6,G9G6C 74.4 Comdty,arithmetic
18,7,73.31999969482422,74.4,1.1369863013698631,0.0469299983978271,0.2227,0.9854838668659168,-0.014622523029786718,0.23746402957598814,0.9480398276679541,7,G9G6C 74.4 Comdty,arithmetic
18,8,75.44000244140625,74.4,1.0986301369863014,0.0459899997711181,0.20739999999999997,1.013978527438256,0.013881728848380256,0.21738746898391562,0.9507292096306006,8,G9G6C 74.4 Comdty,arithmetic
18,9,73.16999816894531,74.4,1.084931506849315,0.0452799987792968,0.1934,0.9834677173245336,-0.01667046596777233,0.20144552790352224,0.9520614506177351,9,G9G6C 74.4 Comdty,arithmetic
19,0,70.0999984741211,75.25,1.178082191780822,0.0459100008010864,0.2509,0.9315614415165594,-0.07089313135561505,0.2723255922956528,0.9473508635434195,0,G9G6C 75.25 Comdty,arithmetic
19,1,69.62000274658203,75.25,1.1726027397260277,0.045789999961853,0.2457,0.9251827607519206,-0.0777639817946441,0.2660606261120261,0.9477225584650838,1,G9G6C 75.25 Comdty,arithmetic
19,2,70.5999984741211,75.25,1.16986301369863,0.0461899995803833,0.237,0.9382059597889847,-0.06378578074280457,0.2563396879463622,0.9473980259810749,2,G9G6C 75.25 Comdty,arithmetic
19,3,70.98999786376953,75.25,1.1616438356164382,0.0454500007629394,0.237,0.9433886759304921,-0.058276911669682394,0.25543761000044557,0.9485728252034397,3,G9G6C 75.25 Comdty,arithmetic
19,4,73.12999725341797,75.25,1.1534246575342466,0.0457499980926513,0.2253,0.971827206025488,-0.02857726190365406,0.24196681471775738,0.9485989467286903,4,G9G6C 75.25 Comdty,arithmetic
19,5,73.95999908447266,75.25,1.1506849315068493,0.0459600019454956,0.2211,0.9828571306906665,-0.017291509488743438,0.2371739330545158,0.94848862557687,5,G9G6C 75.25 Comdty,arithmetic
19,6,73.55999755859375,75.25,1.1424657534246576,0.0461800003051757,0.21739999999999998,0.9775414957952658,-0.022714537082183506,0.23237057626198881,0.9486085343050242,6,G9G6C 75.25 Comdty,arithmetic
19,7,73.31999969482422,75.25,1.1369863013698631,0.0469299983978271,0.2227,0.9743521554129464,-0.02598248481972558,0.23746402957598814,0.9480398276679541,7,G9G6C 75.25 Comdty,arithmetic
19,8,75.44000244140625,75.25,1.0986301369863014,0.0459899997711181,0.20739999999999997,1.0025249493874584,0.002521767058441293,0.21738746898391562,0.9507292096306006,8,G9G6C 75.25 Comdty,arithmetic
19,9,73.16999816894531,75.25,1.084931506849315,0.0452799987792968,0.1934,0.9723587796537583,-0.028030427757711154,0.20144552790352224,0.9520614506177351,9,G9G6C 75.25 Comdty,arithmetic
20,0,70.0999984741211,75.75,1.178082191780822,0.0459100008010864,0.2509,0.9254125211105095,-0.07751567211610844,0.2723255922956528,0.9473508635434195,0,G9G6C 75.75 Comdty,arithmetic
20,1,69.62000274658203,75.75,1.1726027397260277,0.045789999961853,0.2457,0.9190759438492677,-0.08438652255513748,0.2660606261120261,0.9477225584650838,1,G9G6C 75.75 Comdty,arithmetic
20,2,70.5999984741211,75.75,1.16986301369863,0.0461899995803833,0.237,0.9320131811765161,-0.07040832150329802,0.2563396879463622,0.9473980259810749,2,G9G6C 75.75 Comdty,arithmetic
20,3,70.98999786376953,75.75,1.1616438356164382,0.0454500007629394,0.237,0.9371616879705549,-0.06489945243017582,0.25543761000044557,0.9485728252034397,3,G9G6C 75.75 Comdty,arithmetic
20,4,73.12999725341797,75.75,1.1534246575342466,0.0457499980926513,0.2253,0.9654125049956167,-0.035199802664147566,0.24196681471775738,0.9485989467286903,4,G9G6C 75.75 Comdty,arithmetic
20,5,73.95999908447266,75.75,1.1506849315068493,0.0459600019454956,0.2211,0.9763696248775268,-0.023914050249236866,0.2371739330545158,0.94848862557687,5,G9G6C 75.75 Comdty,arithmetic
20,6,73.55999755859375,75.75,1.1424657534246576,0.0461800003051757,0.21739999999999998,0.9710890766811056,-0.02933707784267703,0.23237057626198881,0.9486085343050242,6,G9G6C 75.75 Comdty,arithmetic
20,7,73.31999969482422,75.75,1.1369863013698631,0.0469299983978271,0.2227,0.9679207880504848,-0.03260502558021894,0.23746402957598814,0.9480398276679541,7,G9G6C 75.75 Comdty,arithmetic
20,8,75.44000244140625,75.75,1.0986301369863014,0.0459899997711181,0.20739999999999997,0.9959076229888614,-0.004100773702052057,0.21738746898391562,0.9507292096306006,8,G9G6C 75.75 Comdty,arithmetic
20,9,73.16999816894531,75.75,1.084931506849315,0.0452799987792968,0.1934,0.9659405698870668,-0.03465296851820459,0.20144552790352224,0.9520614506177351,9,G9G6C 75.75 Comdty,arithmetic
21,0,70.0999984741211,76.0,1.178082191780822,0.0459100008010864,0.2509,0.9223684009752775,-0.08081056801296109,0.2723255922956528,0.9473508635434195,0,G9G6C 76 Comdty,arithmetic
21,1,69.62000274658203,76.0,1.1726027397260277,0.045789999961853,0.2457,0.9160526677181846,-0.08768141845199003,0.2660606261120261,0.9477225584650838,1,G9G6C 76 Comdty,arithmetic
21,2,70.5999984741211,76.0,1.16986301369863,0.0461899995803833,0.237,0.9289473483436986,-0.07370321740015055,0.2563396879463622,0.9473980259810749,2,G9G6C 76 Comdty,arithmetic
21,3,70.98999786376953,76.0,1.1616438356164382,0.0454500007629394,0.237,0.9340789192601254,-0.06819434832702838,0.25543761000044557,0.9485728252034397,3,G9G6C 76 Comdty,arithmetic
21,4,73.12999725341797,76.0,1.1534246575342466,0.0457499980926513,0.2253,0.9622368059660259,-0.03849469856100008,0.24196681471775738,0.9485989467286903,4,G9G6C 76 Comdty,arithmetic
21,5,73.95999908447266,76.0,1.1506849315068493,0.0459600019454956,0.2211,0.9731578826904297,-0.027208946146089368,0.2371739330545158,0.94848862557687,5,G9G6C 76 Comdty,arithmetic
21,6,73.55999755859375,76.0,1.1424657534246576,0.0461800003051757,0.21739999999999998,0.9678947047183388,-0.03263197373952953,0.23237057626198881,0.9486085343050242,6,G9G6C 76 Comdty,arithmetic
21,7,73.31999969482422,76.0,1.1369863013698631,0.0469299983978271,0.2227,0.9647368380897924,-0.035899921477071495,0.23746402957598814,0.9480398276679541,7,G9G6C 76 Comdty,arithmetic
21,8,75.44000244140625,76.0,1.0986301369863014,0.0459899997711181,0.20739999999999997,0.9926316110711348,-0.007395669598904624,0.21738746898391562,0.9507292096306006,8,G9G6C 76 Comdty,arithmetic
21,9,73.16999816894531,76.0,1.084931506849315,0.0452799987792968,0.1934,0.962763133801912,-0.03794786441505707,0.20144552790352224,0.9520614506177351,9,G9G6C 76 Comdty,arithmetic
22,0,70.0999984741211,77.4,1.178082191780822,0.0459100008010864,0.2509,0.905684734807766,-0.09906400832231145,0.2723255922956528,0.9473508635434195,0,G9G6C 77.4 Comdty,arithmetic
22,1,69.62000274658203,77.4,1.1726027397260277,0.045789999961853,0.2457,0.8994832396199228,-0.10593485876134043,0.2660606261120261,0.9477225584650838,1,G9G6C 77.4 Comdty,arithmetic
22,2,70.5999984741211,77.4,1.16986301369863,0.0461899995803833,0.237,0.9121446831281794,-0.09195665770950104,0.2563396879463622,0.9473980259810749,2,G9G6C 77.4 Comdty,arithmetic
22,3,70.98999786376953,77.4,1.1616438356164382,0.0454500007629394,0.237,0.9171834349324228,-0.08644778863637881,0.25543761000044557,0.9485728252034397,3,G9G6C 77.4 Comdty,arithmetic
22,4,73.12999725341797,77.4,1.1534246575342466,0.0457499980926513,0.2253,0.9448320058581132,-0.056748138870350504,0.24196681471775738,0.9485989467286903,4,G9G6C 77.4 Comdty,arithmetic
22,5,73.95999908447266,77.4,1.1506849315068493,0.0459600019454956,0.2211,0.9555555437270369,-0.04546238645543974,0.2371739330545158,0.94848862557687,5,G9G6C 77.4 Comdty,arithmetic
22,6,73.55999755859375,77.4,1.1424657534246576,0.0461800003051757,0.21739999999999998,0.9503875653565084,-0.05088541404887992,0.23237057626198881,0.9486085343050242,6,G9G6C 77.4 Comdty,arithmetic
22,7,73.31999969482422,77.4,1.1369863013698631,0.0469299983978271,0.2227,0.9472868177625867,-0.054153361786421966,0.23746402957598814,0.9480398276679541,7,G9G6C 77.4 Comdty,arithmetic
22,8,75.44000244140625,77.4,1.0986301369863014,0.0459899997711181,0.20739999999999997,0.9746770341266957,-0.02564910990825498,0.21738746898391562,0.9507292096306006,8,G9G6C 77.4 Comdty,arithmetic
22,9,73.16999816894531,77.4,1.084931506849315,0.0452799987792968,0.1934,0.945348813552265,-0.05620130472440751,0.20144552790352224,0.9520614506177351,9,G9G6C 77.4 Comdty,arithmetic
23,0,70.0999984741211,78.45,1.178082191780822,0.0459100008010864,0.2509,0.8935627593896889,-0.11253870690567158,0.2723255922956528,0.9473508635434195,0,G9G6C 78.45 Comdty,arithmetic
23,1,69.62000274658203,78.45,1.1726027397260277,0.045789999961853,0.2457,0.887444267005507,-0.11940955734470059,0.2660606261120261,0.9477225584650838,1,G9G6C 78.45 Comdty,arithmetic
23,2,70.5999984741211,78.45,1.16986301369863,0.0461899995803833,0.237,0.8999362456866933,-0.1054313562928612,0.2563396879463622,0.9473980259810749,2,G9G6C 78.45 Comdty,arithmetic
23,3,70.98999786376953,78.45,1.1616438356164382,0.0454500007629394,0.237,0.9049075572182221,-0.09992248721973898,0.25543761000044557,0.9485728252034397,3,G9G6C 78.45 Comdty,arithmetic
23,4,73.12999725341797,78.45,1.1534246575342466,0.0457499980926513,0.2253,0.9321860707892666,-0.07022283745371062,0.24196681471775738,0.9485989467286903,4,G9G6C 78.45 Comdty,arithmetic
23,5,73.95999908447266,78.45,1.1506849315068493,0.0459600019454956,0.2211,0.9427660813826979,-0.05893708503879996,0.2371739330545158,0.94848862557687,5,G9G6C 78.45 Comdty,arithmetic
23,6,73.55999755859375,78.45,1.1424657534246576,0.0461800003051757,0.21739999999999998,0.9376672728947578,-0.06436011263224004,0.23237057626198881,0.9486085343050242,6,G9G6C 78.45 Comdty,arithmetic
23,7,73.31999969482422,78.45,1.1369863013698631,0.0469299983978271,0.2227,0.9346080267026668,-0.06762806036978211,0.23746402957598814,0.9480398276679541,7,G9G6C 78.45 Comdty,arithmetic
23,8,75.44000244140625,78.45,1.0986301369863014,0.0459899997711181,0.20739999999999997,0.9616316436125717,-0.03912380849161513,0.21738746898391562,0.9507292096306006,8,G9G6C 78.45 Comdty,arithmetic
23,9,73.16999816894531,78.45,1.084931506849315,0.0452799987792968,0.1934,0.932695961363229,-0.06967600330776762,0.20144552790352224,0.9520614506177351,9,G9G6C 78.45 Comdty,arithmetic
24,0,70.0999984741211,79.25,1.178082191780822,0.0459100008010864,0.2509,0.8845425674967962,-0.1226846404840199,0.2723255922956528,0.9473508635434195,0,G9G6C 79.25 Comdty,arithmetic
24,1,69.62000274658203,79.25,1.1726027397260277,0.045789999961853,0.2457,0.8784858390735903,-0.1295554909230489,0.2660606261120261,0.9477225584650838,1,G9G6C 79.25 Comdty,arithmetic
24,2,70.5999984741211,79.25,1.16986301369863,0.0461899995803833,0.237,0.8908517157617803,-0.11557728987120952,0.2563396879463622,0.9473980259810749,2,G9G6C 79.25 Comdty,arithmetic
24,3,70.98999786376953,79.25,1.1616438356164382,0.0454500007629394,0.237,0.895772843706871,-0.11006842079808732,0.25543761000044557,0.9485728252034397,3,G9G6C 79.25 Comdty,arithmetic
24,4,73.12999725341797,79.25,1.1534246575342466,0.0457499980926513,0.2253,0.9227759905794065,-0.08036877103205903,0.24196681471775738,0.9485989467286903,4,G9G6C 79.25 Comdty,arithmetic
24,5,73.95999908447266,79.25,1.1506849315068493,0.0459600019454956,0.2211,0.9332491998040714,-0.06908301861714827,0.2371739330545158,0.94848862557687,5,G9G6C 79.25 Comdty,arithmetic
24,6,73.55999755859375,79.25,1.1424657534246576,0.0461800003051757,0.21739999999999998,0.9282018619380915,-0.07450604621058841,0.23237057626198881,0.9486085343050242,6,G9G6C 79.25 Comdty,arithmetic
24,7,73.31999969482422,79.25,1.1369863013698631,0.0469299983978271,0.2227,0.9251734977264886,-0.0777739939481304,0.23746402957598814,0.9480398276679541,7,G9G6C 79.25 Comdty,arithmetic
24,8,75.44000244140625,79.25,1.0986301369863014,0.0459899997711181,0.20739999999999997,0.9519243210272083,-0.049269742069963464,0.21738746898391562,0.9507292096306006,8,G9G6C 79.25 Comdty,arithmetic
24,9,73.16999816894531,79.25,1.084931506849315,0.0452799987792968,0.1934,0.9232807339930008,-0.07982193688611598,0.20144552790352224,0.9520614506177351,9,G9G6C 79.25 Comdty,arithmetic
25,0,70.0999984741211,81.25,1.178082191780822,0.0459100008010864,0.2509,0.8627692119891827,-0.14760804893647686,0.2723255922956528,0.9473508635434195,0,G9G6C 81.25 Comdty,arithmetic
25,1,69.62000274658203,81.25,1.1726027397260277,0.045789999961853,0.2457,0.856861572265625,-0.15447889937550582,0.2660606261120261,0.9477225584650838,1,G9G6C 81.25 Comdty,arithmetic
25,2,70.5999984741211,81.25,1.16986301369863,0.0461899995803833,0.237,0.8689230581430288,-0.14050069832366638,0.2563396879463622,0.9473980259810749,2,G9G6C 81.25 Comdty,arithmetic
25,3,70.98999786376953,81.25,1.1616438356164382,0.0454500007629394,0.237,0.8737230506310096,-0.13499182925054415,0.25543761000044557,0.9485728252034397,3,G9G6C 81.25 Comdty,arithmetic
25,4,73.12999725341797,81.25,1.1534246575342466,0.0457499980926513,0.2253,0.9000615046574519,-0.10529217948451584,0.24196681471775738,0.9485989467286903,4,G9G6C 81.25 Comdty,arithmetic
25,5,73.95999908447266,81.25,1.1506849315068493,0.0459600019454956,0.2211,0.9102769118088943,-0.09400642706960513,0.2371739330545158,0.94848862557687,5,G9G6C 81.25 Comdty,arithmetic
25,6,73.55999755859375,81.25,1.1424657534246576,0.0461800003051757,0.21739999999999998,0.9053538161057693,-0.09942945466304529,0.23237057626198881,0.9486085343050242,6,G9G6C 81.25 Comdty,arithmetic
25,7,73.31999969482422,81.25,1.1369863013698631,0.0469299983978271,0.2227,0.9023999962439904,-0.10269740240058735,0.23746402957598814,0.9480398276679541,7,G9G6C 81.25 Comdty,arithmetic
25,8,75.44000244140625,81.25,1.0986301369863014,0.0459899997711181,0.20739999999999997,0.9284923377403846,-0.07419315052242036,0.21738746898391562,0.9507292096306006,8,G9G6C 81.25 Comdty,arithmetic
25,9,73.16999816894531,81.25,1.084931506849315,0.0452799987792968,0.1934,0.9005538236177885,-0.10474534533857288,0.20144552790352224,0.9520614506177351,9,G9G6C 81.25 Comdty,arithmetic
26,0,70.0999984741211,70.0,2.175342465753425,0.0459100008010864,0.2509,1.0014285496303013,0.001427530224010971,0.3700534694426947,0.9049550777627928,0,G9G7C 70 Comdty,arithmetic
26,1,69.62000274658203,70.0,2.16986301369863,0.045789999961853,0.2457,0.9945714678083147,-0.005443320215017923,0.36192727673364933,0.9054184854379133,1,G9G7C 70 Comdty,arithmetic
26,2,70.5999984741211,70.0,2.1671232876712327,0.0461899995803833,0.237,1.0085714067731584,0.008534880836821393,0.34889131251036537,0.9047474601804188,2,G9G7C 70 Comdty,arithmetic
26,3,70.98999786376953,70.0,2.158904109589041,0.0454500007629394,0.237,1.014142826625279,0.014043749909943665,0.3482290696244454,0.9065381239848554,3,G9G7C 70 Comdty,arithmetic
26,4,73.12999725341797,70.0,2.1506849315068495,0.0457499980926513,0.2253,1.0447142464773995,0.043743399675971975,0.3304072648791663,0.9062919071460595,4,G9G7C 70 Comdty,arithmetic
26,5,73.95999908447266,70.0,2.147945205479452,0.0459600019454956,0.2211,1.0565714154924666,0.055029152090882785,0.3240412819971495,0.9059967448534004,5,G9G7C 70 Comdty,arithmetic
26,6,73.55999755859375,70.0,2.1397260273972605,0.0461800003051757,0.21739999999999998,1.0508571079799107,0.049606124497442554,0.31800842394287315,0.9059125066778403,6,G9G7C 70 Comdty,arithmetic
26,7,73.31999969482422,70.0,2.1342465753424658,0.0469299983978271,0.2227,1.0474285670689174,0.04633817675990056,0.32534378407404135,0.9046924852212251,7,G9G7C 70 Comdty,arithmetic
26,8,75.44000244140625,70.0,2.095890410958904,0.0459899997711181,0.20739999999999997,1.0777143205915178,0.07484242863806748,0.30025692833588136,0.9081097846177777,8,G9G7C 70 Comdty,arithmetic
26,9,73.16999816894531,70.0,2.0821917808219177,0.0452799987792968,0.1934,1.04528568812779,0.04429023382191492,0.27907236553532033,0.9100264251250673,9,G9G7C 70 Comdty,arithmetic
27,0,70.0999984741211,71.1,2.175342465753425,0.0459100008010864,0.2509,0.9859352809299733,-0.014164564535825047,0.3700534694426947,0.9049550777627928,0,G9G7C 71.1 Comdty,arithmetic
27,1,69.62000274658203,71.1,2.16986301369863,0.045789999961853,0.2457,0.9791842861685237,-0.021035414974854064,0.36192727673364933,0.9054184854379133,1,G9G7C 71.1 Comdty,arithmetic
27,2,70.5999984741211,71.1,2.1671232876712327,0.0461899995803833,0.237,0.9929676297344739,-0.0070572139230146505,0.34889131251036537,0.9047474601804188,2,G9G7C 71.1 Comdty,arithmetic
27,3,70.98999786376953,71.1,2.158904109589041,0.0454500007629394,0.237,0.9984528532175744,-0.0015483448498924118,0.3482290696244454,0.9065381239848554,3,G9G7C 71.1 Comdty,arithmetic
27,4,73.12999725341797,71.1,2.1506849315068495,0.0457499980926513,0.2253,1.0285512975164273,0.028151304916135947,0.3304072648791663,0.9062919071460595,4,G9G7C 71.1 Comdty,arithmetic
27,5,73.95999908447266,71.1,2.147945205479452,0.0459600019454956,0.2211,1.0402250222851288,0.03943705733104654,0.3240412819971495,0.9059967448534004,5,G9G7C 71.1 Comdty,arithmetic
27,6,73.55999755859375,71.1,2.1397260273972605,0.0461800003051757,0.21739999999999998,1.0345991217805028,0.03401402973760638,0.31800842394287315,0.9059125066778403,6,G9G7C 71.1 Comdty,arithmetic
27,7,73.31999969482422,71.1,2.1342465753424658,0.0469299983978271,0.2227,1.031223624399778,0.03074608200006443,0.32534378407404135,0.9046924852212251,7,G9G7C 71.1 Comdty,arithmetic
27,8,75.44000244140625,71.1,2.095890410958904,0.0459899997711181,0.20739999999999997,1.0610408219607068,0.05925033387823135,0.30025692833588136,0.9081097846177777,8,G9G7C 71.1 Comdty,arithmetic
27,9,73.16999816894531,71.1,2.0821917808219177,0.0452799987792968,0.1934,1.0291138982974024,0.028698139062078777,0.27907236553532033,0.9100264251250673,9,G9G7C 71.1 Comdty,arithmetic
28,0,70.0999984741211,75.0,2.175342465753425,0.0459100008010864,0.2509,0.9346666463216146,-0.06756534126294042,0.3700534694426947,0.9049550777627928,0,G9G7C 75 Comdty,arithmetic
28,1,69.62000274658203,75.0,2.16986301369863,0.045789999961853,0.2457,0.9282667032877604,-0.0744361917019694,0.36192727673364933,0.9054184854379133,1,G9G7C 75 Comdty,arithmetic
28,2,70.5999984741211,75.0,2.1671232876712327,0.0461899995803833,0.237,0.9413333129882813,-0.06045799065012993,0.34889131251036537,0.9047474601804188,2,G9G7C 75 Comdty,arithmetic
28,3,70.98999786376953,75.0,2.158904109589041,0.0454500007629394,0.237,0.9465333048502604,-0.05494912157700774,0.3482290696244454,0.9065381239848554,3,G9G7C 75 Comdty,arithmetic
28,4,73.12999725341797,75.0,2.1506849315068495,0.0457499980926513,0.2253,0.9750666300455729,-0.025249471810979432,0.3304072648791663,0.9062919071460595,4,G9G7C 75 Comdty,arithmetic
28,5,73.95999908447266,75.0,2.147945205479452,0.0459600019454956,0.2211,0.986133321126302,-0.013963719396068783,0.3240412819971495,0.9059967448534004,5,G9G7C 75 Comdty,arithmetic
28,6,73.55999755859375,75.0,2.1397260273972605,0.0461800003051757,0.21739999999999998,0.9807999674479166,-0.01938674698950892,0.31800842394287315,0.9059125066778403,6,G9G7C 75 Comdty,arithmetic
28,7,73.31999969482422,75.0,2.1342465753424658,0.0469299983978271,0.2227,0.9775999959309896,-0.0226546947270509,0.32534378407404135,0.9046924852212251,7,G9G7C 75 Comdty,arithmetic
28,8,75.44000244140625,75.0,2.095890410958904,0.0459899997711181,0.20739999999999997,1.00586669921875,0.005849557151115977,0.30025692833588136,0.9081097846177777,8,G9G7C 75 Comdty,arithmetic
28,9,73.16999816894531,75.0,2.0821917808219177,0.0452799987792968,0.1934,0.9755999755859375,-0.024702637665036484,0.27907236553532033,0.9100264251250673,9,G9G7C 75 Comdty,arithmetic
29,0,70.0999984741211,70.85,1.2657534246575342,0.0459100008010864,0.2509,0.989414233932549,-0.010642193863319344,0.2822768204129871,0.9435454527293309,0,G9H6C 70.85 Comdty,arithmetic
29,1,69.62000274658203,70.85,1.2602739726027397,0.045789999961853,0.2457,0.9826394177358085,-0.017513044302348325,0.2758275488640117,0.9439255852223789,1,G9H6C 70.85 Comdty,arithmetic
29,2,70.5999984741211,70.85,1.2575342465753423,0.0461899995803833,0.237,0.9964713969530148,-0.0035348432505088977,0.26577140759662315,0.9435692628504546,2,G9H6C 70.85 Comdty,arithmetic
29,3,70.98999786376953,70.85,1.2493150684931509,0.0454500007629394,0.237,1.0019759754942772,0.0019740258226133497,0.26490144975479424,0.9448006077738029,3,G9H6C 70.85 Comdty,arithmetic
29,4,73.12999725341797,70.85,1.2410958904109588,0.0457499980926513,0.2253,1.0321806246071696,0.03167367558864156,0.2509943009231293,0.9448017757342648,4,G9H6C 70.85 Comdty,arithmetic
29,5,73.95999908447266,70.85,1.2383561643835617,0.0459600019454956,0.2211,1.0438955410652457,0.04295942800355232,0.24604329121251187,0.9446745033471393,5,G9H6C 70.85 Comdty,arithmetic
29,6,73.55999755859375,70.85,1.2301369863013698,0.0461800003051757,0.21739999999999998,1.0382497891121207,0.03753640041011216,0.2411216895069478,0.9447757073276618,6,G9H6C 70.85 Comdty,arithmetic
29,7,73.31999969482422,70.85,1.2246575342465753,0.0469299983978271,0.2227,1.0348623810137505,0.03426845267257018,0.24644927583915485,0.9441472157383016,7,G9H6C 70.85 Comdty,arithmetic
29,8,75.44000244140625,70.85,1.1863013698630136,0.0459899997711181,0.20739999999999997,1.0647847909866797,0.0627727045507371,0.22589481780759987,0.9469035871141707,8,G9H6C 70.85 Comdty,arithmetic
29,9,73.16999816894531,70.85,1.1726027397260277,0.0452799987792968,0.1934,1.0327452105708583,0.03222050973458454,0.20942663854320648,0.9482894933390148,9,G9H6C 70.85 Comdty,arithmetic
30,0,70.0999984741211,71.1,1.2657534246575342,0.0459100008010864,0.2509,0.9859352809299733,-0.014164564535825047,0.2822768204129871,0.9435454527293309,0,G9H6C 71.1 Comdty,arithmetic
30,1,69.62000274658203,71.1,1.2602739726027397,0.045789999961853,0.2457,0.9791842861685237,-0.021035414974854064,0.2758275488640117,0.9439255852223789,1,G9H6C 71.1 Comdty,arithmetic
30,2,70.5999984741211,71.1,1.2575342465753423,0.0461899995803833,0.237,0.9929676297344739,-0.0070572139230146505,0.26577140759662315,0.9435692628504546,2,G9H6C 71.1 Comdty,arithmetic
30,3,70.98999786376953,71.1,1.2493150684931509,0.0454500007629394,0.237,0.9984528532175744,-0.0015483448498924118,0.26490144975479424,0.9448006077738029,3,G9H6C 71.1 Comdty,arithmetic
30,4,73.12999725341797,71.1,1.2410958904109588,0.0457499980926513,0.2253,1.0285512975164273,0.028151304916135947,0.2509943009231293,0.9448017757342648,4,G9H6C 71.1 Comdty,arithmetic
30,5,73.95999908447266,71.1,1.2383561643835617,0.0459600019454956,0.2211,1.0402250222851288,0.03943705733104654,0.24604329121251187,0.9446745033471393,5,G9H6C 71.1 Comdty,arithmetic
30,6,73.55999755859375,71.1,1.2301369863013698,0.0461800003051757,0.21739999999999998,1.0345991217805028,0.03401402973760638,0.2411216895069478,0.9447757073276618,6,G9H6C 71.1 Comdty,arithmetic
30,7,73.31999969482422,71.1,1.2246575342465753,0.0469299983978271,0.2227,1.031223624399778,0.03074608200006443,0.24644927583915485,0.9441472157383016,7,G9H6C 71.1 Comdty,arithmetic
30,8,75.44000244140625,71.1,1.1863013698630136,0.0459899997711181,0.20739999999999997,1.0610408219607068,0.05925033387823135,0.22589481780759987,0.9469035871141707,8,G9H6C 71.1 Comdty,arithmetic
30,9,73.16999816894531,71.1,1.1726027397260277,0.0452799987792968,0.1934,1.0291138982974024,0.028698139062078777,0.20942663854320648,0.9482894933390148,9,G9H6C 71.1 Comdty,arithmetic
31,0,70.0999984741211,71.85,1.2657534246575342,0.0459100008010864,0.2509,0.9756436809202659,-0.024657840251663756,0.2822768204129871,0.9435454527293309,0,G9H6C 71.85 Comdty,arithmetic
31,1,69.62000274658203,71.85,1.2602739726027397,0.045789999961853,0.2457,0.9689631558327354,-0.031528690690692765,0.2758275488640117,0.9439255852223789,1,G9H6C 71.85 Comdty,arithmetic
31,2,70.5999984741211,71.85,1.2575342465753423,0.0461899995803833,0.237,0.9826026231610452,-0.017550489638853403,0.26577140759662315,0.9435692628504546,2,G9H6C 71.85 Comdty,arithmetic
31,3,70.98999786376953,71.85,1.2493150684931509,0.0454500007629394,0.237,0.9880305896140507,-0.012041620565731128,0.26490144975479424,0.9448006077738029,3,G9H6C 71.85 Comdty,arithmetic
31,4,73.12999725341797,71.85,1.2410958904109588,0.0457499980926513,0.2253,1.017814853909784,0.017658029200297222,0.2509943009231293,0.9448017757342648,4,G9H6C 71.85 Comdty,arithmetic
31,5,73.95999908447266,71.85,1.2383561643835617,0.0459600019454956,0.2211,1.0293667235138853,0.02894378161520777,0.24604329121251187,0.9446745033471393,5,G9H6C 71.85 Comdty,arithmetic
31,6,73.55999755859375,71.85,1.2301369863013698,0.0461800003051757,0.21739999999999998,1.0237995484842555,0.023520754021767697,0.2411216895069478,0.9447757073276618,6,G9H6C 71.85 Comdty,arithmetic
31,7,73.31999969482422,71.85,1.2246575342465753,0.0469299983978271,0.2227,1.0204592859404902,0.020252806284225634,0.24644927583915485,0.9441472157383016,7,G9H6C 71.85 Comdty,arithmetic
31,8,75.44000244140625,71.85,1.1863013698630136,0.0459899997711181,0.20739999999999997,1.0499652392680063,0.04875705816239261,0.22589481780759987,0.9469035871141707,8,G9H6C 71.85 Comdty,arithmetic
31,9,73.16999816894531,71.85,1.1726027397260277,0.0452799987792968,0.1934,1.01837158203125,0.018204863346240052,0.20942663854320648,0.9482894933390148,9,G9H6C 71.85 Comdty,arithmetic
32,0,70.0999984741211,72.2,1.2657534246575342,0.0459100008010864,0.2509,0.9709141062897658,-0.02951727362541052,0.2822768204129871,0.9435454527293309,0,G9H6C 72.2 Comdty,arithmetic
32,1,69.62000274658203,72.2,1.2602739726027397,0.045789999961853,0.2457,0.9642659660191417,-0.03638812406443947,0.2758275488640117,0.9439255852223789,1,G9H6C 72.2 Comdty,arithmetic
32,2,70.5999984741211,72.2,1.2575342465753423,0.0461899995803833,0.237,0.9778393140459984,-0.022409923012600145,0.26577140759662315,0.9435692628504546,2,G9H6C 72.2 Comdty,arithmetic
32,3,70.98999786376953,72.2,1.2493150684931509,0.0454500007629394,0.237,0.9832409676422372,-0.016901053939477908,0.26490144975479424,0.9448006077738029,3,G9H6C 72.2 Comdty,arithmetic
32,4,73.12999725341797,72.2,1.2410958904109588,0.0457499980926513,0.2253,1.0128808483852905,0.012798595826550496,0.2509943009231293,0.9448017757342648,4,G9H6C 72.2 Comdty,arithmetic
32,5,73.95999908447266,72.2,1.2383561643835617,0.0459600019454956,0.2211,1.024376718621505,0.024084348241461155,0.24604329121251187,0.9446745033471393,5,G9H6C 72.2 Comdty,arithmetic
32,6,73.55999755859375,72.2,1.2301369863013698,0.0461800003051757,0.21739999999999998,1.0188365312824619,0.018661320648020972,0.2411216895069478,0.9447757073276618,6,G9H6C 72.2 Comdty,arithmetic
32,7,73.31999969482422,72.2,1.2246575342465753,0.0469299983978271,0.2227,1.0155124611471498,0.01539337291047894,0.24644927583915485,0.9441472157383016,7,G9H6C 72.2 Comdty,arithmetic
32,8,75.44000244140625,72.2,1.1863013698630136,0.0459899997711181,0.20739999999999997,1.0448753800748787,0.04389762478864581,0.22589481780759987,0.9469035871141707,8,G9H6C 72.2 Comdty,arithmetic
32,9,73.16999816894531,72.2,1.1726027397260277,0.0452799987792968,0.1934,1.0134348776862232,0.013345429972493472,0.20942663854320648,0.9482894933390148,9,G9H6C 72.2 Comdty,arithmetic
33,0,70.0999984741211,73.75,1.2657534246575342,0.0459100008010864,0.2509,0.9505084538863877,-0.050758222946559156,0.2822768204129871,0.9435454527293309,0,G9H6C 73.75 Comdty,arithmetic
33,1,69.62000274658203,73.75,1.2602739726027397,0.045789999961853,0.2457,0.9440000372417903,-0.05762907338558812,0.2758275488640117,0.9439255852223789,1,G9H6C 73.75 Comdty,arithmetic
33,2,70.5999984741211,73.75,1.2575342465753423,0.0461899995803833,0.237,0.9572881149033369,-0.04365087233374871,0.26577140759662315,0.9435692628504546,2,G9H6C 73.75 Comdty,arithmetic
33,3,70.98999786376953,73.75,1.2493150684931509,0.0454500007629394,0.237,0.9625762422206038,-0.038142003260626556,0.26490144975479424,0.9448006077738029,3,G9H6C 73.75 Comdty,arithmetic
33,4,73.12999725341797,73.75,1.2410958904109588,0.0457499980926513,0.2253,0.9915931830971928,-0.008442353494598204,0.2509943009231293,0.9448017757342648,4,G9H6C 73.75 Comdty,arithmetic
33,5,73.95999908447266,73.75,1.2383561643835617,0.0459600019454956,0.2211,1.0028474452131886,0.0028433989203125263,0.24604329121251187,0.9446745033471393,5,G9H6C 73.75 Comdty,arithmetic
33,6,73.55999755859375,73.75,1.2301369863013698,0.0461800003051757,0.21739999999999998,0.9974236957097458,-0.00257962867312766,0.2411216895069478,0.9447757073276618,6,G9H6C 73.75 Comdty,arithmetic
33,7,73.31999969482422,73.75,1.2246575342465753,0.0469299983978271,0.2227,0.994169487387447,-0.005847576410669644,0.24644927583915485,0.9441472157383016,7,G9H6C 73.75 Comdty,arithmetic
33,8,75.44000244140625,73.75,1.1863013698630136,0.0459899997711181,0.20739999999999997,1.0229152873411016,0.02265667546749718,0.22589481780759987,0.9469035871141707,8,G9H6C 73.75 Comdty,arithmetic
33,9,73.16999816894531,73.75,1.1726027397260277,0.0452799987792968,0.1934,0.9921355683924789,-0.007895519348655185,0.20942663854320648,0.9482894933390148,9,G9H6C 73.75 Comdty,arithmetic
34,0,70.0999984741211,77.25,1.2657534246575342,0.0459100008010864,0.2509,0.9074433459433151,-0.09712414350448483,0.2822768204129871,0.9435454527293309,0,G9H6C 77.25 Comdty,arithmetic
34,1,69.62000274658203,77.25,1.2602739726027397,0.045789999961853,0.2457,0.9012298090172431,-0.10399499394351376,0.2758275488640117,0.9439255852223789,1,G9H6C 77.25 Comdty,arithmetic
34,2,70.5999984741211,77.25,1.2575342465753423,0.0461899995803833,0.237,0.9139158378527003,-0.09001679289167434,0.26577140759662315,0.9435692628504546,2,G9H6C 77.25 Comdty,arithmetic
34,3,70.98999786376953,77.25,1.2493150684931509,0.0454500007629394,0.237,0.9189643736410296,-0.08450792381855213,0.26490144975479424,0.9448006077738029,3,G9H6C 77.25 Comdty,arithmetic
34,4,73.12999725341797,77.25,1.2410958904109588,0.0457499980926513,0.2253,0.9466666311122067,-0.05480827405252383,0.2509943009231293,0.9448017757342648,4,G9H6C 77.25 Comdty,arithmetic
34,5,73.95999908447266,77.25,1.2383561643835617,0.0459600019454956,0.2211,0.9574109913847593,-0.04352252163761317,0.24604329121251187,0.9446745033471393,5,G9H6C 77.25 Comdty,arithmetic
34,6,73.55999755859375,77.25,1.2301369863013698,0.0461800003051757,0.21739999999999998,0.9522329781047735,-0.048945549231053286,0.2411216895069478,0.9447757073276618,6,G9H6C 77.25 Comdty,arithmetic
34,7,73.31999969482422,77.25,1.2246575342465753,0.0469299983978271,0.2227,0.9491262096417374,-0.052213496968595306,0.24644927583915485,0.9441472157383016,7,G9H6C 77.25 Comdty,arithmetic
34,8,75.44000244140625,77.25,1.1863013698630136,0.0459899997711181,0.20739999999999997,0.9765696108919902,-0.023709245090428422,0.22589481780759987,0.9469035871141707,8,G9H6C 77.25 Comdty,arithmetic
34,9,73.16999816894531,77.25,1.1726027397260277,0.0452799987792968,0.1934,0.9471844423164442,-0.05426143990658086,0.20942663854320648,0.9482894933390148,9,G9H6C 77.25 Comdty,arithmetic
35,0,70.0999984741211,77.4,1.2657534246575342,0.0459100008010864,0.2509,0.905684734807766,-0.09906400832231145,0.2822768204129871,0.9435454527293309,0,G9H6C 77.4 Comdty,arithmetic
35,1,69.62000274658203,77.4,1.2602739726027397,0.045789999961853,0.2457,0.8994832396199228,-0.10593485876134043,0.2758275488640117,0.9439255852223789,1,G9H6C 77.4 Comdty,arithmetic
35,2,70.5999984741211,77.4,1.2575342465753423,0.0461899995803833,0.237,0.9121446831281794,-0.09195665770950104,0.26577140759662315,0.9435692628504546,2,G9H6C 77.4 Comdty,arithmetic
35,3,70.98999786376953,77.4,1.2493150684931509,0.0454500007629394,0.237,0.9171834349324228,-0.08644778863637881,0.26490144975479424,0.9448006077738029,3,G9H6C 77.4 Comdty,arithmetic
35,4,73.12999725341797,77.4,1.2410958904109588,0.0457499980926513,0.2253,0.9448320058581132,-0.056748138870350504,0.2509943009231293,0.9448017757342648,4,G9H6C 77.4 Comdty,arithmetic
35,5,73.95999908447266,77.4,1.2383561643835617,0.0459600019454956,0.2211,0.9555555437270369,-0.04546238645543974,0.24604329121251187,0.9446745033471393,5,G9H6C 77.4 Comdty,arithmetic
35,6,73.55999755859375,77.4,1.2301369863013698,0.0461800003051757,0.21739999999999998,0.9503875653565084,-0.05088541404887992,0.2411216895069478,0.9447757073276618,6,G9H6C 77.4 Comdty,arithmetic
35,7,73.31999969482422,77.4,1.2246575342465753,0.0469299983978271,0.2227,0.9472868177625867,-0.054153361786421966,0.24644927583915485,0.9441472157383016,7,G9H6C 77.4 Comdty,arithmetic
35,8,75.44000244140625,77.4,1.1863013698630136,0.0459899997711181,0.20739999999999997,0.9746770341266957,-0.02564910990825498,0.22589481780759987,0.9469035871141707,8,G9H6C 77.4 Comdty,arithmetic
35,9,73.16999816894531,77.4,1.1726027397260277,0.0452799987792968,0.1934,0.945348813552265,-0.05620130472440751,0.20942663854320648,0.9482894933390148,9,G9H6C 77.4 Comdty,arithmetic
36,0,70.0999984741211,78.0,1.2657534246575342,0.0459100008010864,0.2509,0.8987179291553986,-0.10678605441622174,0.2822768204129871,0.9435454527293309,0,G9H6C 78 Comdty,arithmetic
36,1,69.62000274658203,78.0,1.2602739726027397,0.045789999961853,0.2457,0.8925641377766927,-0.11365690485525064,0.2758275488640117,0.9439255852223789,1,G9H6C 78 Comdty,arithmetic
36,2,70.5999984741211,78.0,1.2575342465753423,0.0461899995803833,0.237,0.905128185565655,-0.0996787038034113,0.26577140759662315,0.9435692628504546,2,G9H6C 78 Comdty,arithmetic
36,3,70.98999786376953,78.0,1.2493150684931509,0.0454500007629394,0.237,0.910128177740635,-0.09416983473028903,0.26490144975479424,0.9448006077738029,3,G9H6C 78 Comdty,arithmetic
36,4,73.12999725341797,78.0,1.2410958904109588,0.0457499980926513,0.2253,0.9375640673515124,-0.06447018496426073,0.2509943009231293,0.9448017757342648,4,G9H6C 78 Comdty,arithmetic
36,5,73.95999908447266,78.0,1.2383561643835617,0.0459600019454956,0.2211,0.9482051164675982,-0.053184432549349986,0.24604329121251187,0.9446745033471393,5,G9H6C 78 Comdty,arithmetic
36,6,73.55999755859375,78.0,1.2301369863013698,0.0461800003051757,0.21739999999999998,0.943076891776843,-0.05860746014279019,0.2411216895069478,0.9447757073276618,6,G9H6C 78 Comdty,arithmetic
36,7,73.31999969482422,78.0,1.2246575342465753,0.0469299983978271,0.2227,0.93999999608749,-0.061875407880332196,0.24644927583915485,0.9441472157383016,7,G9H6C 78 Comdty,arithmetic
36,8,75.44000244140625,78.0,1.1863013698630136,0.0459899997711181,0.20739999999999997,0.9671795184795673,-0.033371156002165274,0.22589481780759987,0.9469035871141707,8,G9H6C 78 Comdty,arithmetic
36,9,73.16999816894531,78.0,1.1726027397260277,0.0452799987792968,0.1934,0.938076899601863,-0.06392335081831771,0.20942663854320648,0.9482894933390148,9,G9H6C 78 Comdty,arithmetic
37,0,70.0999984741211,78.94,1.2657534246575342,0.0459100008010864,0.2509,0.8880161955171155,-0.11876529796133094,0.2822768204129871,0.9435454527293309,0,G9H6C 78.94 Comdty,arithmetic
37,1,69.62000274658203,78.94,1.2602739726027397,0.045789999961853,0.2457,0.8819356821203703,-0.12563614840035997,0.2758275488640117,0.9439255852223789,1,G9H6C 78.94 Comdty,arithmetic
37,2,70.5999984741211,78.94,1.2575342465753423,0.0461899995803833,0.237,0.8943501200167354,-0.11165794734852057,0.26577140759662315,0.9435692628504546,2,G9H6C 78.94 Comdty,arithmetic
37,3,70.98999786376953,78.94,1.2493150684931509,0.0454500007629394,0.237,0.8992905733945976,-0.1061490782753983,0.26490144975479424,0.9448006077738029,3,G9H6C 78.94 Comdty,arithmetic
37,4,73.12999725341797,78.94,1.2410958904109588,0.0457499980926513,0.2253,0.9263997625211297,-0.07644942850936996,0.2509943009231293,0.9448017757342648,4,G9H6C 78.94 Comdty,arithmetic
37,5,73.95999908447266,78.94,1.2383561643835617,0.0459600019454956,0.2211,0.9369141003860231,-0.06516367609445928,0.24604329121251187,0.9446745033471393,5,G9H6C 78.94 Comdty,arithmetic
37,6,73.55999755859375,78.94,1.2301369863013698,0.0461800003051757,0.21739999999999998,0.9318469414567235,-0.07058670368789943,0.2411216895069478,0.9447757073276618,6,G9H6C 78.94 Comdty,arithmetic
37,7,73.31999969482422,78.94,1.2246575342465753,0.0469299983978271,0.2227,0.9288066847583509,-0.07385465142544144,0.24644927583915485,0.9441472157383016,7,G9H6C 78.94 Comdty,arithmetic
37,8,75.44000244140625,78.94,1.1863013698630136,0.0459899997711181,0.20739999999999997,0.955662559430026,-0.045350399547274566,0.22589481780759987,0.9469035871141707,8,G9H6C 78.94 Comdty,arithmetic
37,9,73.16999816894531,78.94,1.1726027397260277,0.0452799987792968,0.1934,0.9269064880788613,-0.07590259436342706,0.20942663854320648,0.9482894933390148,9,G9H6C 78.94 Comdty,arithmetic
38,0,70.0999984741211,79.25,1.2657534246575342,0.0459100008010864,0.2509,0.8845425674967962,-0.1226846404840199,0.2822768204129871,0.9435454527293309,0,G9H6C 79.25 Comdty,arithmetic
38,1,69.62000274658203,79.25,1.2602739726027397,0.045789999961853,0.2457,0.8784858390735903,-0.1295554909230489,0.2758275488640117,0.9439255852223789,1,G9H6C 79.25 Comdty,arithmetic
38,2,70.5999984741211,79.25,1.2575342465753423,0.0461899995803833,0.237,0.8908517157617803,-0.11557728987120952,0.26577140759662315,0.9435692628504546,2,G9H6C 79.25 Comdty,arithmetic
38,3,70.98999786376953,79.25,1.2493150684931509,0.0454500007629394,0.237,0.895772843706871,-0.11006842079808732,0.26490144975479424,0.9448006077738029,3,G9H6C 79.25 Comdty,arithmetic
38,4,73.12999725341797,79.25,1.2410958904109588,0.0457499980926513,0.2253,0.9227759905794065,-0.08036877103205903,0.2509943009231293,0.9448017757342648,4,G9H6C 79.25 Comdty,arithmetic
38,5,73.95999908447266,79.25,1.2383561643835617,0.0459600019454956,0.2211,0.9332491998040714,-0.06908301861714827,0.24604329121251187,0.9446745033471393,5,G9H6C 79.25 Comdty,arithmetic
38,6,73.55999755859375,79.25,1.2301369863013698,0.0461800003051757,0.21739999999999998,0.9282018619380915,-0.07450604621058841,0.2411216895069478,0.9447757073276618,6,G9H6C 79.25 Comdty,arithmetic
38,7,73.31999969482422,79.25,1.2246575342465753,0.0469299983978271,0.2227,0.9251734977264886,-0.0777739939481304,0.24644927583915485,0.9441472157383016,7,G9H6C 79.25 Comdty,arithmetic
38,8,75.44000244140625,79.25,1.1863013698630136,0.0459899997711181,0.20739999999999997,0.9519243210272083,-0.049269742069963464,0.22589481780759987,0.9469035871141707,8,G9H6C 79.25 Comdty,arithmetic
38,9,73.16999816894531,79.25,1.1726027397260277,0.0452799987792968,0.1934,0.9232807339930008,-0.07982193688611598,0.20942663854320648,0.9482894933390148,9,G9H6C 79.25 Comdty,arithmetic
39,0,70.0999984741211,70.0,2.265753424657534,0.0459100008010864,0.2509,1.0014285496303013,0.001427530224010971,0.377665213307323,0.9012066048135229,0,G9H7C 70 Comdty,arithmetic
39,1,69.62000274658203,70.0,2.26027397260274,0.045789999961853,0.2457,0.9945714678083147,-0.005443320215017923,0.36939047999688457,0.9016778755804549,1,G9H7C 70 Comdty,arithmetic
39,2,70.5999984741211,70.0,2.2575342465753425,0.0461899995803833,0.237,1.0085714067731584,0.008534880836821393,0.356094708042524,0.9009770387326563,2,G9H7C 70 Comdty,arithmetic
39,3,70.98999786376953,70.0,2.249315068493151,0.0454500007629394,0.237,1.014142826625279,0.014043749909943665,0.35544588629240287,0.9028206404645185,3,G9H7C 70 Comdty,arithmetic
39,4,73.12999725341797,70.0,2.241095890410959,0.0457499980926513,0.2253,1.0447142464773995,0.043743399675971975,0.33728063848357853,0.9025509530354646,4,G9H7C 70 Comdty,arithmetic
39,5,73.95999908447266,70.0,2.2383561643835614,0.0459600019454956,0.2211,1.0565714154924666,0.055029152090882785,0.33079073619236216,0.902239878426312,5,G9H7C 70 Comdty,arithmetic
39,6,73.55999755859375,70.0,2.23013698630137,0.0461800003051757,0.21739999999999998,1.0508571079799107,0.049606124497442554,0.3246574027350754,0.902138045617246,6,G9H7C 70 Comdty,arithmetic
39,7,73.31999969482422,70.0,2.2246575342465755,0.0469299983978271,0.2227,1.0474285670689174,0.04633817675990056,0.33216341695262563,0.9008620195834969,7,G9H7C 70 Comdty,arithmetic
39,8,75.44000244140625,70.0,2.186301369863014,0.0459899997711181,0.20739999999999997,1.0777143205915178,0.07484242863806748,0.3066646844883329,0.9043417034217466,8,G9H7C 70 Comdty,arithmetic
39,9,73.16999816894531,70.0,2.1726027397260275,0.0452799987792968,0.1934,1.04528568812779,0.04429023382191492,0.28506679380718275,0.9063085668581957,9,G9H7C 70 Comdty,arithmetic
40,0,70.0999984741211,71.1,2.265753424657534,0.0459100008010864,0.2509,0.9859352809299733,-0.014164564535825047,0.377665213307323,0.9012066048135229,0,G9H7C 71.1 Comdty,arithmetic
40,1,69.62000274658203,71.1,2.26027397260274,0.045789999961853,0.2457,0.9791842861685237,-0.021035414974854064,0.36939047999688457,0.9016778755804549,1,G9H7C 71.1 Comdty,arithmetic
40,2,70.5999984741211,71.1,2.2575342465753425,0.0461899995803833,0.237,0.9929676297344739,-0.0070572139230146505,0.356094708042524,0.9009770387326563,2,G9H7C 71.1 Comdty,arithmetic
40,3,70.98999786376953,71.1,2.249315068493151,0.0454500007629394,0.237,0.9984528532175744,-0.0015483448498924118,0.35544588629240287,0.9028206404645185,3,G9H7C 71.1 Comdty,arithmetic
40,4,73.12999725341797,71.1,2.241095890410959,0.0457499980926513,0.2253,1.0285512975164273,0.028151304916135947,0.33728063848357853,0.9025509530354646,4,G9H7C 71.1 Comdty,arithmetic
40,5,73.95999908447266,71.1,2.2383561643835614,0.0459600019454956,0.2211,1.0402250222851288,0.03943705733104654,0.33079073619236216,0.902239878426312,5,G9H7C 71.1 Comdty,arithmetic
40,6,73.55999755859375,71.1,2.23013698630137,0.0461800003051757,0.21739999999999998,1.0345991217805028,0.03401402973760638,0.3246574027350754,0.902138045617246,6,G9H7C 71.1 Comdty,arithmetic
40,7,73.31999969482422,71.1,2.2246575342465755,0.0469299983978271,0.2227,1.031223624399778,0.03074608200006443,0.33216341695262563,0.9008620195834969,7,G9H7C 71.1 Comdty,arithmetic
40,8,75.44000244140625,71.1,2.186301369863014,0.0459899997711181,0.20739999999999997,1.0610408219607068,0.05925033387823135,0.3066646844883329,0.9043417034217466,8,G9H7C 71.1 Comdty,arithmetic
40,9,73.16999816894531,71.1,2.1726027397260275,0.0452799987792968,0.1934,1.0291138982974024,0.028698139062078777,0.28506679380718275,0.9063085668581957,9,G9H7C 71.1 Comdty,arithmetic
41,0,70.0999984741211,70.5,1.347945205479452,0.0459100008010864,0.2509,0.9943262194910794,-0.0056899375448529145,0.2912975154726658,0.9399917639955039,0,G9J6C 70.5 Comdty,arithmetic
41,1,69.62000274658203,70.5,1.3424657534246576,0.045789999961853,0.2457,0.9875177694550643,-0.01256078798388187,0.28467987356144253,0.9403797397874873,1,G9J6C 70.5 Comdty,arithmetic
41,2,70.5999984741211,70.5,1.3397260273972602,0.0461899995803833,0.237,1.0014184180726395,0.0014174130679574324,0.27431928702312697,0.9399938515504009,2,G9J6C 70.5 Comdty,arithmetic
41,3,70.98999786376953,70.5,1.3315068493150686,0.0454500007629394,0.237,1.0069503243087876,0.006926282141079652,0.2734765222449234,0.9412777790983591,3,G9J6C 70.5 Comdty,arithmetic
41,4,73.12999725341797,70.5,1.3232876712328767,0.0457499980926513,0.2253,1.0373049255803968,0.036625931907108084,0.2591721460490522,0.9412557335788688,4,G9J6C 70.5 Comdty,arithmetic
41,5,73.95999908447266,70.5,1.3205479452054794,0.0459600019454956,0.2211,1.0490780011981937,0.047911684322018755,0.25407727882760067,0.9411126945709366,5,G9J6C 70.5 Comdty,arithmetic
41,6,73.55999755859375,70.5,1.3123287671232875,0.0461800003051757,0.21739999999999998,1.043404220689273,0.04248865672857861,0.24904674172059313,0.9411964980485544,6,G9J6C 70.5 Comdty,arithmetic
41,7,73.31999969482422,70.5,1.3068493150684932,0.0469299983978271,0.2227,1.0399999956712656,0.039220708991036635,0.2545850953357704,0.9405124090188163,7,G9J6C 70.5 Comdty,arithmetic
41,8,75.44000244140625,70.5,1.2684931506849315,0.0459899997711181,0.20739999999999997,1.0700709566156914,0.06772496086920343,0.23358923014205119,0.9433310479255468,8,G9J6C 70.5 Comdty,arithmetic
41,9,73.16999816894531,70.5,1.2547945205479452,0.0452799987792968,0.1934,1.037872314453125,0.03717276605305101,0.21664205994447686,0.9447668567519807,9,G9J6C 70.5 Comdty,arithmetic
42,0,70.0999984741211,71.85,1.347945205479452,0.0459100008010864,0.2509,0.9756436809202659,-0.024657840251663756,0.2912975154726658,0.9399917639955039,0,G9J6C 71.85 Comdty,arithmetic
42,1,69.62000274658203,71.85,1.3424657534246576,0.045789999961853,0.2457,0.9689631558327354,-0.031528690690692765,0.28467987356144253,0.9403797397874873,1,G9J6C 71.85 Comdty,arithmetic
42,2,70.5999984741211,71.85,1.3397260273972602,0.0461899995803833,0.237,0.9826026231610452,-0.017550489638853403,0.27431928702312697,0.9399938515504009,2,G9J6C 71.85 Comdty,arithmetic
42,3,70.98999786376953,71.85,1.3315068493150686,0.0454500007629394,0.237,0.9880305896140507,-0.012041620565731128,0.2734765222449234,0.9412777790983591,3,G9J6C 71.85 Comdty,arithmetic
42,4,73.12999725341797,71.85,1.3232876712328767,0.0457499980926513,0.2253,1.017814853909784,0.017658029200297222,0.2591721460490522,0.9412557335788688,4,G9J6C 71.85 Comdty,arithmetic
42,5,73.95999908447266,71.85,1.3205479452054794,0.0459600019454956,0.2211,1.0293667235138853,0.02894378161520777,0.25407727882760067,0.9411126945709366,5,G9J6C 71.85 Comdty,arithmetic
42,6,73.55999755859375,71.85,1.3123287671232875,0.0461800003051757,0.21739999999999998,1.0237995484842555,0.023520754021767697,0.24904674172059313,0.9411964980485544,6,G9J6C 71.85 Comdty,arithmetic
42,7,73.31999969482422,71.85,1.3068493150684932,0.0469299983978271,0.2227,1.0204592859404902,0.020252806284225634,0.2545850953357704,0.9405124090188163,7,G9J6C 71.85 Comdty,arithmetic
42,8,75.44000244140625,71.85,1.2684931506849315,0.0459899997711181,0.20739999999999997,1.0499652392680063,0.04875705816239261,0.23358923014205119,0.9433310479255468,8,G9J6C 71.85 Comdty,arithmetic
42,9,73.16999816894531,71.85,1.2547945205479452,0.0452799987792968,0.1934,1.01837158203125,0.018204863346240052,0.21664205994447686,0.9447668567519807,9,G9J6C 71.85 Comdty,arithmetic
43,0,70.0999984741211,72.67,1.347945205479452,0.0459100008010864,0.2509,0.9646346287893366,-0.03600587235517454,0.2912975154726658,0.9399917639955039,0,G9J6C 72.67 Comdty,arithmetic
43,1,69.62000274658203,72.67,1.3424657534246576,0.045789999961853,0.2457,0.9580294859857167,-0.04287672279420346,0.28467987356144253,0.9403797397874873,1,G9J6C 72.67 Comdty,arithmetic
43,2,70.5999984741211,72.67,1.3397260273972602,0.0461899995803833,0.237,0.971515047118771,-0.028898521742364097,0.27431928702312697,0.9399938515504009,2,G9J6C 72.67 Comdty,arithmetic
43,3,70.98999786376953,72.67,1.3315068493150686,0.0454500007629394,0.237,0.9768817650167817,-0.023389652669241916,0.2734765222449234,0.9412777790983591,3,G9J6C 72.67 Comdty,arithmetic
43,4,73.12999725341797,72.67,1.3232876712328767,0.0457499980926513,0.2253,1.0063299470678129,0.00630999709678637,0.2591721460490522,0.9412557335788688,4,G9J6C 72.67 Comdty,arithmetic
43,5,73.95999908447266,72.67,1.3205479452054794,0.0459600019454956,0.2211,1.0177514666915186,0.017595749511697206,0.25407727882760067,0.9411126945709366,5,G9J6C 72.67 Comdty,arithmetic
43,6,73.55999755859375,72.67,1.3123287671232875,0.0461800003051757,0.21739999999999998,1.0122471110306006,0.01217272191825697,0.24904674172059313,0.9411964980485544,6,G9J6C 72.67 Comdty,arithmetic
43,7,73.31999969482422,72.67,1.3068493150684932,0.0469299983978271,0.2227,1.0089445396287906,0.008904774180714956,0.2545850953357704,0.9405124090188163,7,G9J6C 72.67 Comdty,arithmetic
43,8,75.44000244140625,72.67,1.2684931506849315,0.0459899997711181,0.20739999999999997,1.0381175511408594,0.03740902605888193,0.23358923014205119,0.9433310479255468,8,G9J6C 72.67 Comdty,arithmetic
43,9,73.16999816894531,72.67,1.2547945205479452,0.0452799987792968,0.1934,1.00688039313259,0.00685683124272953,0.21664205994447686,0.9447668567519807,9,G9J6C 72.67 Comdty,arithmetic
44,0,70.0999984741211,75.75,1.347945205479452,0.0459100008010864,0.2509,0.9254125211105095,-0.07751567211610844,0.2912975154726658,0.9399917639955039,0,G9J6C 75.75 Comdty,arithmetic
44,1,69.62000274658203,75.75,1.3424657534246576,0.045789999961853,0.2457,0.9190759438492677,-0.08438652255513748,0.28467987356144253,0.9403797397874873,1,G9J6C 75.75 Comdty,arithmetic
44,2,70.5999984741211,75.75,1.3397260273972602,0.0461899995803833,0.237,0.9320131811765161,-0.07040832150329802,0.27431928702312697,0.9399938515504009,2,G9J6C 75.75 Comdty,arithmetic
44,3,70.98999786376953,75.75,1.3315068493150686,0.0454500007629394,0.237,0.9371616879705549,-0.06489945243017582,0.2734765222449234,0.9412777790983591,3,G9J6C 75.75 Comdty,arithmetic
44,4,73.12999725341797,75.75,1.3232876712328767,0.0457499980926513,0.2253,0.9654125049956167,-0.035199802664147566,0.2591721460490522,0.9412557335788688,4,G9J6C 75.75 Comdty,arithmetic
44,5,73.95999908447266,75.75,1.3205479452054794,0.0459600019454956,0.2211,0.9763696248775268,-0.023914050249236866,0.25407727882760067,0.9411126945709366,5,G9J6C 75.75 Comdty,arithmetic
44,6,73.55999755859375,75.75,1.3123287671232875,0.0461800003051757,0.21739999999999998,0.9710890766811056,-0.02933707784267703,0.24904674172059313,0.9411964980485544,6,G9J6C 75.75 Comdty,arithmetic
44,7,73.31999969482422,75.75,1.3068493150684932,0.0469299983978271,0.2227,0.9679207880504848,-0.03260502558021894,0.2545850953357704,0.9405124090188163,7,G9J6C 75.75 Comdty,arithmetic
44,8,75.44000244140625,75.75,1.2684931506849315,0.0459899997711181,0.20739999999999997,0.9959076229888614,-0.004100773702052057,0.23358923014205119,0.9433310479255468,8,G9J6C 75.75 Comdty,arithmetic
44,9,73.16999816894531,75.75,1.2547945205479452,0.0452799987792968,0.1934,0.9659405698870668,-0.03465296851820459,0.21664205994447686,0.9447668567519807,9,G9J6C 75.75 Comdty,arithmetic
45,0,70.0999984741211,76.55,1.347945205479452,0.0459100008010864,0.2509,0.9157413255926988,-0.0880213498303227,0.2912975154726658,0.9399917639955039,0,G9J6C 76.55 Comdty,arithmetic
45,1,69.62000274658203,76.55,1.3424657534246576,0.045789999961853,0.2457,0.9094709699096282,-0.09489220026935162,0.28467987356144253,0.9403797397874873,1,G9J6C 76.55 Comdty,arithmetic
45,2,70.5999984741211,76.55,1.3397260273972602,0.0461899995803833,0.237,0.9222730042341097,-0.08091399921751218,0.27431928702312697,0.9399938515504009,2,G9J6C 76.55 Comdty,arithmetic
45,3,70.98999786376953,76.55,1.3315068493150686,0.0454500007629394,0.237,0.9273677056011697,-0.07540513014438999,0.2734765222449234,0.9412777790983591,3,G9J6C 76.55 Comdty,arithmetic
45,4,73.12999725341797,76.55,1.3232876712328767,0.0457499980926513,0.2253,0.9553232822131675,-0.045705480378361675,0.2591721460490522,0.9412557335788688,4,G9J6C 76.55 Comdty,arithmetic
45,5,73.95999908447266,76.55,1.3205479452054794,0.0459600019454956,0.2211,0.9661658926776311,-0.034419727963451004,0.25407727882760067,0.9411126945709366,5,G9J6C 76.55 Comdty,arithmetic
45,6,73.55999755859375,76.55,1.3123287671232875,0.0461800003051757,0.21739999999999998,0.9609405298314011,-0.03984275555689115,0.24904674172059313,0.9411964980485544,6,G9J6C 76.55 Comdty,arithmetic
45,7,73.31999969482422,76.55,1.3068493150684932,0.0469299983978271,0.2227,0.9578053519898657,-0.04311070329443318,0.2545850953357704,0.9405124090188163,7,G9J6C 76.55 Comdty,arithmetic
45,8,75.44000244140625,76.55,1.2684931506849315,0.0459899997711181,0.20739999999999997,0.9854997053090301,-0.014606451416266245,0.23358923014205119,0.9433310479255468,8,G9J6C 76.55 Comdty,arithmetic
45,9,73.16999816894531,76.55,1.2547945205479452,0.0452799987792968,0.1934,0.9558458284643412,-0.045158646232418706,0.21664205994447686,0.9447668567519807,9,G9J6C 76.55 Comdty,arithmetic
46,0,70.0999984741211,78.0,1.347945205479452,0.0459100008010864,0.2509,0.8987179291553986,-0.10678605441622174,0.2912975154726658,0.9399917639955039,0,G9J6C 78 Comdty,arithmetic
46,1,69.62000274658203,78.0,1.3424657534246576,0.045789999961853,0.2457,0.8925641377766927,-0.11365690485525064,0.28467987356144253,0.9403797397874873,1,G9J6C 78 Comdty,arithmetic
46,2,70.5999984741211,78.0,1.3397260273972602,0.0461899995803833,0.237,0.905128185565655,-0.0996787038034113,0.27431928702312697,0.9399938515504009,2,G9J6C 78 Comdty,arithmetic
46,3,70.98999786376953,78.0,1.3315068493150686,0.0454500007629394,0.237,0.910128177740635,-0.09416983473028903,0.2734765222449234,0.9412777790983591,3,G9J6C 78 Comdty,arithmetic
46,4,73.12999725341797,78.0,1.3232876712328767,0.0457499980926513,0.2253,0.9375640673515124,-0.06447018496426073,0.2591721460490522,0.9412557335788688,4,G9J6C 78 Comdty,arithmetic
46,5,73.95999908447266,78.0,1.3205479452054794,0.0459600019454956,0.2211,0.9482051164675982,-0.053184432549349986,0.25407727882760067,0.9411126945709366,5,G9J6C 78 Comdty,arithmetic
46,6,73.55999755859375,78.0,1.3123287671232875,0.0461800003051757,0.21739999999999998,0.943076891776843,-0.05860746014279019,0.24904674172059313,0.9411964980485544,6,G9J6C 78 Comdty,arithmetic
46,7,73.31999969482422,78.0,1.3068493150684932,0.0469299983978271,0.2227,0.93999999608749,-0.061875407880332196,0.2545850953357704,0.9405124090188163,7,G9J6C 78 Comdty,arithmetic
46,8,75.44000244140625,78.0,1.2684931506849315,0.0459899997711181,0.20739999999999997,0.9671795184795673,-0.033371156002165274,0.23358923014205119,0.9433310479255468,8,G9J6C 78 Comdty,arithmetic
46,9,73.16999816894531,78.0,1.2547945205479452,0.0452799987792968,0.1934,0.938076899601863,-0.06392335081831771,0.21664205994447686,0.9447668567519807,9,G9J6C 78 Comdty,arithmetic
47,0,70.0999984741211,78.27,1.347945205479452,0.0459100008010864,0.2509,0.8956177139915816,-0.1102416155433767,0.2912975154726658,0.9399917639955039,0,G9J6C 78.27 Comdty,arithmetic
47,1,69.62000274658203,78.27,1.3424657534246576,0.045789999961853,0.2457,0.8894851507165202,-0.11711246598240559,0.28467987356144253,0.9403797397874873,1,G9J6C 78.27 Comdty,arithmetic
47,2,70.5999984741211,78.27,1.3397260273972602,0.0461899995803833,0.237,0.9020058575970499,-0.10313426493056627,0.27431928702312697,0.9399938515504009,2,G9J6C 78.27 Comdty,arithmetic
47,3,70.98999786376953,78.27,1.3315068493150686,0.0454500007629394,0.237,0.9069886018112883,-0.09762539585744404,0.2734765222449234,0.9412777790983591,3,G9J6C 78.27 Comdty,arithmetic
47,4,73.12999725341797,78.27,1.3232876712328767,0.0457499980926513,0.2253,0.9343298486446655,-0.06792574609141575,0.2591721460490522,0.9412557335788688,4,G9J6C 78.27 Comdty,arithmetic
47,5,73.95999908447266,78.27,1.3205479452054794,0.0459600019454956,0.2211,0.9449341904238234,-0.05663999367650499,0.25407727882760067,0.9411126945709366,5,G9J6C 78.27 Comdty,arithmetic
47,6,73.55999755859375,78.27,1.3123287671232875,0.0461800003051757,0.21739999999999998,0.9398236560443817,-0.062063021269945166,0.24904674172059313,0.9411964980485544,6,G9J6C 78.27 Comdty,arithmetic
47,7,73.31999969482422,78.27,1.3068493150684932,0.0469299983978271,0.2227,0.9367573744068509,-0.06533096900748717,0.2545850953357704,0.9405124090188163,7,G9J6C 78.27 Comdty,arithmetic
47,8,75.44000244140625,78.27,1.2684931506849315,0.0459899997711181,0.20739999999999997,0.9638431383851572,-0.036826717129320195,0.23358923014205119,0.9433310479255468,8,G9J6C 78.27 Comdty,arithmetic
47,9,73.16999816894531,78.27,1.2547945205479452,0.0452799987792968,0.1934,0.9348409118301433,-0.06737891194547274,0.21664205994447686,0.9447668567519807,9,G9J6C 78.27 Comdty,arithmetic
48,0,70.0999984741211,78.94,1.347945205479452,0.0459100008010864,0.2509,0.8880161955171155,-0.11876529796133094,0.2912975154726658,0.9399917639955039,0,G9J6C 78.94 Comdty,arithmetic
48,1,69.62000274658203,78.94,1.3424657534246576,0.045789999961853,0.2457,0.8819356821203703,-0.12563614840035997,0.28467987356144253,0.9403797397874873,1,G9J6C 78.94 Comdty,arithmetic
48,2,70.5999984741211,78.94,1.3397260273972602,0.0461899995803833,0.237,0.8943501200167354,-0.11165794734852057,0.27431928702312697,0.9399938515504009,2,G9J6C 78.94 Comdty,arithmetic
48,3,70.98999786376953,78.94,1.3315068493150686,0.0454500007629394,0.237,0.8992905733945976,-0.1061490782753983,0.2734765222449234,0.9412777790983591,3,G9J6C 78.94 Comdty,arithmetic
48,4,73.12999725341797,78.94,1.3232876712328767,0.0457499980926513,0.2253,0.9263997625211297,-0.07644942850936996,0.2591721460490522,0.9412557335788688,4,G9J6C 78.94 Comdty,arithmetic
48,5,73.95999908447266,78.94,1.3205479452054794,0.0459600019454956,0.2211,0.9369141003860231,-0.06516367609445928,0.25407727882760067,0.9411126945709366,5,G9J6C 78.94 Comdty,arithmetic
48,6,73.55999755859375,78.94,1.3123287671232875,0.0461800003051757,0.21739999999999998,0.9318469414567235,-0.07058670368789943,0.24904674172059313,0.9411964980485544,6,G9J6C 78.94 Comdty,arithmetic
48,7,73.31999969482422,78.94,1.3068493150684932,0.0469299983978271,0.2227,0.9288066847583509,-0.07385465142544144,0.2545850953357704,0.9405124090188163,7,G9J6C 78.94 Comdty,arithmetic
48,8,75.44000244140625,78.94,1.2684931506849315,0.0459899997711181,0.20739999999999997,0.955662559430026,-0.045350399547274566,0.23358923014205119,0.9433310479255468,8,G9J6C 78.94 Comdty,arithmetic
48,9,73.16999816894531,78.94,1.2547945205479452,0.0452799987792968,0.1934,0.9269064880788613,-0.07590259436342706,0.21664205994447686,0.9447668567519807,9,G9J6C 78.94 Comdty,arithmetic
49,0,70.0999984741211,81.25,1.347945205479452,0.0459100008010864,0.2509,0.8627692119891827,-0.14760804893647686,0.2912975154726658,0.9399917639955039,0,G9J6C 81.25 Comdty,arithmetic
49,1,69.62000274658203,81.25,1.3424657534246576,0.045789999961853,0.2457,0.856861572265625,-0.15447889937550582,0.28467987356144253,0.9403797397874873,1,G9J6C 81.25 Comdty,arithmetic
49,2,70.5999984741211,81.25,1.3397260273972602,0.0461899995803833,0.237,0.8689230581430288,-0.14050069832366638,0.27431928702312697,0.9399938515504009,2,G9J6C 81.25 Comdty,arithmetic
49,3,70.98999786376953,81.25,1.3315068493150686,0.0454500007629394,0.237,0.8737230506310096,-0.13499182925054415,0.2734765222449234,0.9412777790983591,3,G9J6C 81.25 Comdty,arithmetic
49,4,73.12999725341797,81.25,1.3232876712328767,0.0457499980926513,0.2253,0.9000615046574519,-0.10529217948451584,0.2591721460490522,0.9412557335788688,4,G9J6C 81.25 Comdty,arithmetic
49,5,73.95999908447266,81.25,1.3205479452054794,0.0459600019454956,0.2211,0.9102769118088943,-0.09400642706960513,0.25407727882760067,0.9411126945709366,5,G9J6C 81.25 Comdty,arithmetic
49,6,73.55999755859375,81.25,1.3123287671232875,0.0461800003051757,0.21739999999999998,0.9053538161057693,-0.09942945466304529,0.24904674172059313,0.9411964980485544,6,G9J6C 81.25 Comdty,arithmetic
49,7,73.31999969482422,81.25,1.3068493150684932,0.0469299983978271,0.2227,0.9023999962439904,-0.10269740240058735,0.2545850953357704,0.9405124090188163,7,G9J6C 81.25 Comdty,arithmetic
49,8,75.44000244140625,81.25,1.2684931506849315,0.0459899997711181,0.20739999999999997,0.9284923377403846,-0.07419315052242036,0.23358923014205119,0.9433310479255468,8,G9J6C 81.25 Comdty,arithmetic
49,9,73.16999816894531,81.25,1.2547945205479452,0.0452799987792968,0.1934,0.9005538236177885,-0.10474534533857288,0.21664205994447686,0.9447668567519807,9,G9J6C 81.25 Comdty,arithmetic
50,0,70.0999984741211,70.0,2.347945205479452,0.0459100008010864,0.2509,1.0014285496303013,0.001427530224010971,0.38445422682101954,0.8978123774881596,0,G9J7C 70 Comdty,arithmetic
50,1,69.62000274658203,70.0,2.3424657534246576,0.045789999961853,0.2457,0.9945714678083147,-0.005443320215017923,0.37604669977405586,0.8982907331733376,1,G9J7C 70 Comdty,arithmetic
50,2,70.5999984741211,70.0,2.33972602739726,0.0461899995803833,0.237,1.0085714067731584,0.008534880836821393,0.3625190632682324,0.8975630196328375,2,G9J7C 70 Comdty,arithmetic
50,3,70.98999786376953,70.0,2.331506849315069,0.0454500007629394,0.237,1.014142826625279,0.014043749909943665,0.3618817599979005,0.899454340300397,3,G9J7C 70 Comdty,arithmetic
50,4,73.12999725341797,70.0,2.3232876712328765,0.0457499980926513,0.2253,1.0447142464773995,0.043743399675971975,0.3434098008031676,0.899163487210298,4,G9J7C 70 Comdty,arithmetic
50,5,73.95999908447266,70.0,2.3205479452054796,0.0459600019454956,0.2211,1.0565714154924666,0.055029152090882785,0.3368092540540393,0.8988380655205623,5,G9J7C 70 Comdty,arithmetic
50,6,73.55999755859375,70.0,2.3123287671232875,0.0461800003051757,0.21739999999999998,1.0508571079799107,0.049606124497442554,0.33058590345270894,0.8987203658030154,6,G9J7C 70 Comdty,arithmetic
50,7,73.31999969482422,70.0,2.3068493150684932,0.0469299983978271,0.2227,1.0474285670689174,0.04633817675990056,0.33824378895572244,0.8973938535310761,7,G9J7C 70 Comdty,arithmetic
50,8,75.44000244140625,70.0,2.2684931506849315,0.0459899997711181,0.20739999999999997,1.0777143205915178,0.07484242863806748,0.31237587685088003,0.90092974446484,8,G9J7C 70 Comdty,arithmetic
50,9,73.16999816894531,70.0,2.254794520547945,0.0452799987792968,0.1934,1.04528568812779,0.04429023382191492,0.2904089222751021,0.9029418779523471,9,G9J7C 70 Comdty,arithmetic
51,0,70.0999984741211,75.0,2.347945205479452,0.0459100008010864,0.2509,0.9346666463216146,-0.06756534126294042,0.38445422682101954,0.8978123774881596,0,G9J7C 75 Comdty,arithmetic
51,1,69.62000274658203,75.0,2.3424657534246576,0.045789999961853,0.2457,0.9282667032877604,-0.0744361917019694,0.37604669977405586,0.8982907331733376,1,G9J7C 75 Comdty,arithmetic
51,2,70.5999984741211,75.0,2.33972602739726,0.0461899995803833,0.237,0.9413333129882813,-0.06045799065012993,0.3625190632682324,0.8975630196328375,2,G9J7C 75 Comdty,arithmetic
51,3,70.98999786376953,75.0,2.331506849315069,0.0454500007629394,0.237,0.9465333048502604,-0.05494912157700774,0.3618817599979005,0.899454340300397,3,G9J7C 75 Comdty,arithmetic
51,4,73.12999725341797,75.0,2.3232876712328765,0.0457499980926513,0.2253,0.9750666300455729,-0.025249471810979432,0.3434098008031676,0.899163487210298,4,G9J7C 75 Comdty,arithmetic
51,5,73.95999908447266,75.0,2.3205479452054796,0.0459600019454956,0.2211,0.986133321126302,-0.013963719396068783,0.3368092540540393,0.8988380655205623,5,G9J7C 75 Comdty,arithmetic
51,6,73.55999755859375,75.0,2.3123287671232875,0.0461800003051757,0.21739999999999998,0.9807999674479166,-0.01938674698950892,0.33058590345270894,0.8987203658030154,6,G9J7C 75 Comdty,arithmetic
51,7,73.31999969482422,75.0,2.3068493150684932,0.0469299983978271,0.2227,0.9775999959309896,-0.0226546947270509,0.33824378895572244,0.8973938535310761,7,G9J7C 75 Comdty,arithmetic
51,8,75.44000244140625,75.0,2.2684931506849315,0.0459899997711181,0.20739999999999997,1.00586669921875,0.005849557151115977,0.31237587685088003,0.90092974446484,8,G9J7C 75 Comdty,arithmetic
51,9,73.16999816894531,75.0,2.254794520547945,0.0452799987792968,0.1934,0.9755999755859375,-0.024702637665036484,0.2904089222751021,0.9029418779523471,9,G9J7C 75 Comdty,arithmetic
52,0,70.0999984741211,71.85,1.4273972602739726,0.0459100008010864,0.2509,0.9756436809202659,-0.024657840251663756,0.29975959321767737,0.9365692546147321,0,G9K6C 71.85 Comdty,arithmetic
52,1,69.62000274658203,71.85,1.421917808219178,0.045789999961853,0.2457,0.9689631558327354,-0.031528690690692765,0.2929829875373336,0.9369647510599761,1,G9K6C 71.85 Comdty,arithmetic
52,2,70.5999984741211,71.85,1.4191780821917808,0.0461899995803833,0.237,0.9826026231610452,-0.017550489638853403,0.28233634852535394,0.9365504993866763,2,G9K6C 71.85 Comdty,arithmetic
52,3,70.98999786376953,71.85,1.4109589041095891,0.0454500007629394,0.237,0.9880305896140507,-0.012041620565731128,0.2815175850367637,0.9378848644785575,3,G9K6C 71.85 Comdty,arithmetic
52,4,73.12999725341797,71.85,1.4027397260273973,0.0457499980926513,0.2253,1.017814853909784,0.017658029200297222,0.26683926761203275,0.937840544349058,4,G9K6C 71.85 Comdty,arithmetic
52,5,73.95999908447266,71.85,1.4,0.0459600019454956,0.2211,1.0293667235138853,0.02894378161520777,0.261609048008665,0.9376823787504476,5,G9K6C 71.85 Comdty,arithmetic
52,6,73.55999755859375,71.85,1.3917808219178085,0.0461800003051757,0.21739999999999998,1.0237995484842555,0.023520754021767697,0.25647495581226665,0.9377494853997369,6,G9K6C 71.85 Comdty,arithmetic
52,7,73.31999969482422,71.85,1.3863013698630138,0.0469299983978271,0.2227,1.0204592859404902,0.020252806284225634,0.2622098748440902,0.9370120645871481,7,G9K6C 71.85 Comdty,arithmetic
52,8,75.44000244140625,71.85,1.347945205479452,0.0459899997711181,0.20739999999999997,1.0499652392680063,0.04875705816239261,0.24079356201287713,0.9398904061742348,8,G9K6C 71.85 Comdty,arithmetic
52,9,73.16999816894531,71.85,1.3342465753424655,0.0452799987792968,0.1934,1.01837158203125,0.018204863346240052,0.2233955501696854,0.941374080519792,9,G9K6C 71.85 Comdty,arithmetic
53,0,70.0999984741211,72.2,1.4273972602739726,0.0459100008010864,0.2509,0.9709141062897658,-0.02951727362541052,0.29975959321767737,0.9365692546147321,0,G9K6C 72.2 Comdty,arithmetic
53,1,69.62000274658203,72.2,1.421917808219178,0.045789999961853,0.2457,0.9642659660191417,-0.03638812406443947,0.2929829875373336,0.9369647510599761,1,G9K6C 72.2 Comdty,arithmetic
53,2,70.5999984741211,72.2,1.4191780821917808,0.0461899995803833,0.237,0.9778393140459984,-0.022409923012600145,0.28233634852535394,0.9365504993866763,2,G9K6C 72.2 Comdty,arithmetic
53,3,70.98999786376953,72.2,1.4109589041095891,0.0454500007629394,0.237,0.9832409676422372,-0.016901053939477908,0.2815175850367637,0.9378848644785575,3,G9K6C 72.2 Comdty,arithmetic
53,4,73.12999725341797,72.2,1.4027397260273973,0.0457499980926513,0.2253,1.0128808483852905,0.012798595826550496,0.26683926761203275,0.937840544349058,4,G9K6C 72.2 Comdty,arithmetic
53,5,73.95999908447266,72.2,1.4,0.0459600019454956,0.2211,1.024376718621505,0.024084348241461155,0.261609048008665,0.9376823787504476,5,G9K6C 72.2 Comdty,arithmetic
53,6,73.55999755859375,72.2,1.3917808219178085,0.0461800003051757,0.21739999999999998,1.0188365312824619,0.018661320648020972,0.25647495581226665,0.9377494853997369,6,G9K6C 72.2 Comdty,arithmetic
53,7,73.31999969482422,72.2,1.3863013698630138,0.0469299983978271,0.2227,1.0155124611471498,0.01539337291047894,0.2622098748440902,0.9370120645871481,7,G9K6C 72.2 Comdty,arithmetic
53,8,75.44000244140625,72.2,1.347945205479452,0.0459899997711181,0.20739999999999997,1.0448753800748787,0.04389762478864581,0.24079356201287713,0.9398904061742348,8,G9K6C 72.2 Comdty,arithmetic
53,9,73.16999816894531,72.2,1.3342465753424655,0.0452799987792968,0.1934,1.0134348776862232,0.013345429972493472,0.2233955501696854,0.941374080519792,9,G9K6C 72.2 Comdty,arithmetic
54,0,70.0999984741211,72.67,1.4273972602739726,0.0459100008010864,0.2509,0.9646346287893366,-0.03600587235517454,0.29975959321767737,0.9365692546147321,0,G9K6C 72.67 Comdty,arithmetic
54,1,69.62000274658203,72.67,1.421917808219178,0.045789999961853,0.2457,0.9580294859857167,-0.04287672279420346,0.2929829875373336,0.9369647510599761,1,G9K6C 72.67 Comdty,arithmetic
54,2,70.5999984741211,72.67,1.4191780821917808,0.0461899995803833,0.237,0.971515047118771,-0.028898521742364097,0.28233634852535394,0.9365504993866763,2,G9K6C 72.67 Comdty,arithmetic
54,3,70.98999786376953,72.67,1.4109589041095891,0.0454500007629394,0.237,0.9768817650167817,-0.023389652669241916,0.2815175850367637,0.9378848644785575,3,G9K6C 72.67 Comdty,arithmetic
54,4,73.12999725341797,72.67,1.4027397260273973,0.0457499980926513,0.2253,1.0063299470678129,0.00630999709678637,0.26683926761203275,0.937840544349058,4,G9K6C 72.67 Comdty,arithmetic
54,5,73.95999908447266,72.67,1.4,0.0459600019454956,0.2211,1.0177514666915186,0.017595749511697206,0.261609048008665,0.9376823787504476,5,G9K6C 72.67 Comdty,arithmetic
54,6,73.55999755859375,72.67,1.3917808219178085,0.0461800003051757,0.21739999999999998,1.0122471110306006,0.01217272191825697,0.25647495581226665,0.9377494853997369,6,G9K6C 72.67 Comdty,arithmetic
54,7,73.31999969482422,72.67,1.3863013698630138,0.0469299983978271,0.2227,1.0089445396287906,0.008904774180714956,0.2622098748440902,0.9370120645871481,7,G9K6C 72.67 Comdty,arithmetic
54,8,75.44000244140625,72.67,1.347945205479452,0.0459899997711181,0.20739999999999997,1.0381175511408594,0.03740902605888193,0.24079356201287713,0.9398904061742348,8,G9K6C 72.67 Comdty,arithmetic
54,9,73.16999816894531,72.67,1.3342465753424655,0.0452799987792968,0.1934,1.00688039313259,0.00685683124272953,0.2233955501696854,0.941374080519792,9,G9K6C 72.67 Comdty,arithmetic
55,0,70.0999984741211,72.75,1.4273972602739726,0.0459100008010864,0.2509,0.9635738621872315,-0.03710613377823187,0.29975959321767737,0.9365692546147321,0,G9K6C 72.75 Comdty,arithmetic
55,1,69.62000274658203,72.75,1.421917808219178,0.045789999961853,0.2457,0.956975982770887,-0.04397698421726084,0.2929829875373336,0.9369647510599761,1,G9K6C 72.75 Comdty,arithmetic
55,2,70.5999984741211,72.75,1.4191780821917808,0.0461899995803833,0.237,0.9704467144209085,-0.02999878316542145,0.28233634852535394,0.9365504993866763,2,G9K6C 72.75 Comdty,arithmetic
55,3,70.98999786376953,72.75,1.4109589041095891,0.0454500007629394,0.237,0.9758075307734644,-0.024489914092299173,0.2815175850367637,0.9378848644785575,3,G9K6C 72.75 Comdty,arithmetic
55,4,73.12999725341797,72.75,1.4027397260273973,0.0457499980926513,0.2253,1.0052233299438895,0.005209735673729022,0.26683926761203275,0.937840544349058,4,G9K6C 72.75 Comdty,arithmetic
55,5,73.95999908447266,72.75,1.4,0.0459600019454956,0.2211,1.01663228982093,0.016495488088639737,0.261609048008665,0.9376823787504476,5,G9K6C 72.75 Comdty,arithmetic
55,6,73.55999755859375,72.75,1.3917808219178085,0.0461800003051757,0.21739999999999998,1.0111339870597078,0.011072460495199556,0.25647495581226665,0.9377494853997369,6,G9K6C 72.75 Comdty,arithmetic
55,7,73.31999969482422,72.75,1.3863013698630138,0.0469299983978271,0.2227,1.0078350473515356,0.007804512757657629,0.2622098748440902,0.9370120645871481,7,G9K6C 72.75 Comdty,arithmetic
55,8,75.44000244140625,72.75,1.347945205479452,0.0459899997711181,0.20739999999999997,1.0369759785760309,0.03630876463582451,0.24079356201287713,0.9398904061742348,8,G9K6C 72.75 Comdty,arithmetic
55,9,73.16999816894531,72.75,1.3342465753424655,0.0452799987792968,0.1934,1.005773170707152,0.005756569819672024,0.2233955501696854,0.941374080519792,9,G9K6C 72.75 Comdty,arithmetic
56,0,70.0999984741211,74.0,1.4273972602739726,0.0459100008010864,0.2509,0.9472972766773121,-0.05414232093079967,0.29975959321767737,0.9365692546147321,0,G9K6C 74 Comdty,arithmetic
56,1,69.62000274658203,74.0,1.421917808219178,0.045789999961853,0.2457,0.9408108479267842,-0.06101317136982875,0.2929829875373336,0.9369647510599761,1,G9K6C 74 Comdty,arithmetic
56,2,70.5999984741211,74.0,1.4191780821917808,0.0461899995803833,0.237,0.9540540334340688,-0.0470349703179893,0.28233634852535394,0.9365504993866763,2,G9K6C 74 Comdty,arithmetic
56,3,70.98999786376953,74.0,1.4109589041095891,0.0454500007629394,0.237,0.959324295456345,-0.041526101244867074,0.2815175850367637,0.9378848644785575,3,G9K6C 74 Comdty,arithmetic
56,4,73.12999725341797,74.0,1.4027397260273973,0.0457499980926513,0.2253,0.9882432061272699,-0.011826451478838698,0.26683926761203275,0.937840544349058,4,G9K6C 74 Comdty,arithmetic
56,5,73.95999908447266,74.0,1.4,0.0459600019454956,0.2211,0.9994594470874684,-0.0005406990639280056,0.261609048008665,0.9376823787504476,5,G9K6C 74 Comdty,arithmetic
56,6,73.55999755859375,74.0,1.3917808219178085,0.0461800003051757,0.21739999999999998,0.9940540210620777,-0.005963726657368168,0.25647495581226665,0.9377494853997369,6,G9K6C 74 Comdty,arithmetic
56,7,73.31999969482422,74.0,1.3863013698630138,0.0469299983978271,0.2227,0.9908108066868138,-0.0092316743949102,0.2622098748440902,0.9370120645871481,7,G9K6C 74 Comdty,arithmetic
56,8,75.44000244140625,74.0,1.347945205479452,0.0459899997711181,0.20739999999999997,1.0194594924514357,0.019272577483256663,0.24079356201287713,0.9398904061742348,8,G9K6C 74 Comdty,arithmetic
56,9,73.16999816894531,74.0,1.3342465753424655,0.0452799987792968,0.1934,0.9887837590398015,-0.011279617332895755,0.2233955501696854,0.941374080519792,9,G9K6C 74 Comdty,arithmetic
57,0,70.0999984741211,74.4,1.4273972602739726,0.0459100008010864,0.2509,0.9422042805661437,-0.059533169565676176,0.29975959321767737,0.9365692546147321,0,G9K6C 74.4 Comdty,arithmetic
57,1,69.62000274658203,74.4,1.421917808219178,0.045789999961853,0.2457,0.9357527250884681,-0.06640402000470522,0.2929829875373336,0.9369647510599761,1,G9K6C 74.4 Comdty,arithmetic
57,2,70.5999984741211,74.4,1.4191780821917808,0.0461899995803833,0.237,0.9489247106736706,-0.052425818952865744,0.28233634852535394,0.9365504993866763,2,G9K6C 74.4 Comdty,arithmetic
57,3,70.98999786376953,74.4,1.4109589041095891,0.0454500007629394,0.237,0.9541666379538914,-0.046916949879743604,0.2815175850367637,0.9378848644785575,3,G9K6C 74.4 Comdty,arithmetic
57,4,73.12999725341797,74.4,1.4027397260273973,0.0457499980926513,0.2253,0.9829300706104565,-0.0172173001137153,0.26683926761203275,0.937840544349058,4,G9K6C 74.4 Comdty,arithmetic
57,5,73.95999908447266,74.4,1.4,0.0459600019454956,0.2211,0.9940860091999012,-0.005931547698804567,0.261609048008665,0.9376823787504476,5,G9K6C 74.4 Comdty,arithmetic
57,6,73.55999755859375,74.4,1.3917808219178085,0.0461800003051757,0.21739999999999998,0.9887096446047546,-0.011354575292244706,0.25647495581226665,0.9377494853997369,6,G9K6C 74.4 Comdty,arithmetic
57,7,73.31999969482422,74.4,1.3863013698630138,0.0469299983978271,0.2227,0.9854838668659168,-0.014622523029786718,0.2622098748440902,0.9370120645871481,7,G9K6C 74.4 Comdty,arithmetic
57,8,75.44000244140625,74.4,1.347945205479452,0.0459899997711181,0.20739999999999997,1.013978527438256,0.013881728848380256,0.24079356201287713,0.9398904061742348,8,G9K6C 74.4 Comdty,arithmetic
57,9,73.16999816894531,74.4,1.3342465753424655,0.0452799987792968,0.1934,0.9834677173245336,-0.01667046596777233,0.2233955501696854,0.941374080519792,9,G9K6C 74.4 Comdty,arithmetic
58,0,70.0999984741211,76.55,1.4273972602739726,0.0459100008010864,0.2509,0.9157413255926988,-0.0880213498303227,0.29975959321767737,0.9365692546147321,0,G9K6C 76.55 Comdty,arithmetic
58,1,69.62000274658203,76.55,1.421917808219178,0.045789999961853,0.2457,0.9094709699096282,-0.09489220026935162,0.2929829875373336,0.9369647510599761,1,G9K6C 76.55 Comdty,arithmetic
58,2,70.5999984741211,76.55,1.4191780821917808,0.0461899995803833,0.237,0.9222730042341097,-0.08091399921751218,0.28233634852535394,0.9365504993866763,2,G9K6C 76.55 Comdty,arithmetic
58,3,70.98999786376953,76.55,1.4109589041095891,0.0454500007629394,0.237,0.9273677056011697,-0.07540513014438999,0.2815175850367637,0.9378848644785575,3,G9K6C 76.55 Comdty,arithmetic
58,4,73.12999725341797,76.55,1.4027397260273973,0.0457499980926513,0.2253,0.9553232822131675,-0.045705480378361675,0.26683926761203275,0.937840544349058,4,G9K6C 76.55 Comdty,arithmetic
58,5,73.95999908447266,76.55,1.4,0.0459600019454956,0.2211,0.9661658926776311,-0.034419727963451004,0.261609048008665,0.9376823787504476,5,G9K6C 76.55 Comdty,arithmetic
58,6,73.55999755859375,76.55,1.3917808219178085,0.0461800003051757,0.21739999999999998,0.9609405298314011,-0.03984275555689115,0.25647495581226665,0.9377494853997369,6,G9K6C 76.55 Comdty,arithmetic
58,7,73.31999969482422,76.55,1.3863013698630138,0.0469299983978271,0.2227,0.9578053519898657,-0.04311070329443318,0.2622098748440902,0.9370120645871481,7,G9K6C 76.55 Comdty,arithmetic
58,8,75.44000244140625,76.55,1.347945205479452,0.0459899997711181,0.20739999999999997,0.9854997053090301,-0.014606451416266245,0.24079356201287713,0.9398904061742348,8,G9K6C 76.55 Comdty,arithmetic
58,9,73.16999816894531,76.55,1.3342465753424655,0.0452799987792968,0.1934,0.9558458284643412,-0.045158646232418706,0.2233955501696854,0.941374080519792,9,G9K6C 76.55 Comdty,arithmetic
59,0,70.0999984741211,76.6,1.4273972602739726,0.0459100008010864,0.2509,0.9151435832130692,-0.08867430447317547,0.29975959321767737,0.9365692546147321,0,G9K6C 76.6 Comdty,arithmetic
59,1,69.62000274658203,76.6,1.421917808219178,0.045789999961853,0.2457,0.9088773204514626,-0.09554515491220446,0.2929829875373336,0.9369647510599761,1,G9K6C 76.6 Comdty,arithmetic
59,2,70.5999984741211,76.6,1.4191780821917808,0.0461899995803833,0.237,0.9216709983566723,-0.08156695386036504,0.28233634852535394,0.9365504993866763,2,G9K6C 76.6 Comdty,arithmetic
59,3,70.98999786376953,76.6,1.4109589041095891,0.0454500007629394,0.237,0.9267623742006467,-0.07605808478724288,0.2815175850367637,0.9378848644785575,3,G9K6C 76.6 Comdty,arithmetic
59,4,73.12999725341797,76.6,1.4027397260273973,0.0457499980926513,0.2253,0.9546997030472321,-0.04635843502121451,0.26683926761203275,0.937840544349058,4,G9K6C 76.6 Comdty,arithmetic
59,5,73.95999908447266,76.6,1.4,0.0459600019454956,0.2211,0.9655352360897215,-0.03507268260630379,0.261609048008665,0.9376823787504476,5,G9K6C 76.6 Comdty,arithmetic
59,6,73.55999755859375,76.6,1.3917808219178085,0.0461800003051757,0.21739999999999998,0.9603132840547488,-0.040495710199743955,0.25647495581226665,0.9377494853997369,6,G9K6C 76.6 Comdty,arithmetic
59,7,73.31999969482422,76.6,1.3863013698630138,0.0469299983978271,0.2227,0.9571801526739455,-0.04376365793728595,0.2622098748440902,0.9370120645871481,7,G9K6C 76.6 Comdty,arithmetic
59,8,75.44000244140625,76.6,1.347945205479452,0.0459899997711181,0.20739999999999997,0.984856428738985,-0.015259406059119077,0.24079356201287713,0.9398904061742348,8,G9K6C 76.6 Comdty,arithmetic
59,9,73.16999816894531,76.6,1.3342465753424655,0.0452799987792968,0.1934,0.9552219082107744,-0.04581160087527159,0.2233955501696854,0.941374080519792,9,G9K6C 76.6 Comdty,arithmetic
60,0,70.0999984741211,76.77,1.4273972602739726,0.0459100008010864,0.2509,0.9131170831590608,-0.09089116656643702,0.29975959321767737,0.9365692546147321,0,G9K6C 76.77 Comdty,arithmetic
60,1,69.62000274658203,76.77,1.421917808219178,0.045789999961853,0.2457,0.9068646964515049,-0.09776201700546605,0.2929829875373336,0.9369647510599761,1,G9K6C 76.77 Comdty,arithmetic
60,2,70.5999984741211,76.77,1.4191780821917808,0.0461899995803833,0.237,0.9196300439510369,-0.08378381595362655,0.28233634852535394,0.9365504993866763,2,G9K6C 76.77 Comdty,arithmetic
60,3,70.98999786376953,76.77,1.4109589041095891,0.0454500007629394,0.237,0.9247101454183866,-0.07827494688050435,0.2815175850367637,0.9378848644785575,3,G9K6C 76.77 Comdty,arithmetic
60,4,73.12999725341797,76.77,1.4027397260273973,0.0457499980926513,0.2253,0.9525856096576524,-0.04857529711447607,0.26683926761203275,0.937840544349058,4,G9K6C 76.77 Comdty,arithmetic
60,5,73.95999908447266,76.77,1.4,0.0459600019454956,0.2211,0.9633971484235073,-0.03728954469956541,0.261609048008665,0.9376823787504476,5,G9K6C 76.77 Comdty,arithmetic
60,6,73.55999755859375,76.77,1.3917808219178085,0.0461800003051757,0.21739999999999998,0.9581867599139475,-0.04271257229300556,0.25647495581226665,0.9377494853997369,6,G9K6C 76.77 Comdty,arithmetic
60,7,73.31999969482422,76.77,1.3863013698630138,0.0469299983978271,0.2227,0.9550605665601696,-0.045980520030547575,0.2622098748440902,0.9370120645871481,7,G9K6C 76.77 Comdty,arithmetic
60,8,75.44000244140625,76.77,1.347945205479452,0.0459899997711181,0.20739999999999997,0.9826755560949102,-0.017476268152380577,0.24079356201287713,0.9398904061742348,8,G9K6C 76.77 Comdty,arithmetic
60,9,73.16999816894531,76.77,1.3342465753424655,0.0452799987792968,0.1934,0.9531066584465978,-0.04802846296853313,0.2233955501696854,0.941374080519792,9,G9K6C 76.77 Comdty,arithmetic
61,0,70.0999984741211,77.4,1.4273972602739726,0.0459100008010864,0.2509,0.905684734807766,-0.09906400832231145,0.29975959321767737,0.9365692546147321,0,G9K6C 77.4 Comdty,arithmetic
61,1,69.62000274658203,77.4,1.421917808219178,0.045789999961853,0.2457,0.8994832396199228,-0.10593485876134043,0.2929829875373336,0.9369647510599761,1,G9K6C 77.4 Comdty,arithmetic
61,2,70.5999984741211,77.4,1.4191780821917808,0.0461899995803833,0.237,0.9121446831281794,-0.09195665770950104,0.28233634852535394,0.9365504993866763,2,G9K6C 77.4 Comdty,arithmetic
61,3,70.98999786376953,77.4,1.4109589041095891,0.0454500007629394,0.237,0.9171834349324228,-0.08644778863637881,0.2815175850367637,0.9378848644785575,3,G9K6C 77.4 Comdty,arithmetic
61,4,73.12999725341797,77.4,1.4027397260273973,0.0457499980926513,0.2253,0.9448320058581132,-0.056748138870350504,0.26683926761203275,0.937840544349058,4,G9K6C 77.4 Comdty,arithmetic
61,5,73.95999908447266,77.4,1.4,0.0459600019454956,0.2211,0.9555555437270369,-0.04546238645543974,0.261609048008665,0.9376823787504476,5,G9K6C 77.4 Comdty,arithmetic
61,6,73.55999755859375,77.4,1.3917808219178085,0.0461800003051757,0.21739999999999998,0.9503875653565084,-0.05088541404887992,0.25647495581226665,0.9377494853997369,6,G9K6C 77.4 Comdty,arithmetic
61,7,73.31999969482422,77.4,1.3863013698630138,0.0469299983978271,0.2227,0.9472868177625867,-0.054153361786421966,0.2622098748440902,0.9370120645871481,7,G9K6C 77.4 Comdty,arithmetic
61,8,75.44000244140625,77.4,1.347945205479452,0.0459899997711181,0.20739999999999997,0.9746770341266957,-0.02564910990825498,0.24079356201287713,0.9398904061742348,8,G9K6C 77.4 Comdty,arithmetic
61,9,73.16999816894531,77.4,1.3342465753424655,0.0452799987792968,0.1934,0.945348813552265,-0.05620130472440751,0.2233955501696854,0.941374080519792,9,G9K6C 77.4 Comdty,arithmetic
62,0,70.0999984741211,78.27,1.4273972602739726,0.0459100008010864,0.2509,0.8956177139915816,-0.1102416155433767,0.29975959321767737,0.9365692546147321,0,G9K6C 78.27 Comdty,arithmetic
62,1,69.62000274658203,78.27,1.421917808219178,0.045789999961853,0.2457,0.8894851507165202,-0.11711246598240559,0.2929829875373336,0.9369647510599761,1,G9K6C 78.27 Comdty,arithmetic
62,2,70.5999984741211,78.27,1.4191780821917808,0.0461899995803833,0.237,0.9020058575970499,-0.10313426493056627,0.28233634852535394,0.9365504993866763,2,G9K6C 78.27 Comdty,arithmetic
62,3,70.98999786376953,78.27,1.4109589041095891,0.0454500007629394,0.237,0.9069886018112883,-0.09762539585744404,0.2815175850367637,0.9378848644785575,3,G9K6C 78.27 Comdty,arithmetic
62,4,73.12999725341797,78.27,1.4027397260273973,0.0457499980926513,0.2253,0.9343298486446655,-0.06792574609141575,0.26683926761203275,0.937840544349058,4,G9K6C 78.27 Comdty,arithmetic
62,5,73.95999908447266,78.27,1.4,0.0459600019454956,0.2211,0.9449341904238234,-0.05663999367650499,0.261609048008665,0.9376823787504476,5,G9K6C 78.27 Comdty,arithmetic
62,6,73.55999755859375,78.27,1.3917808219178085,0.0461800003051757,0.21739999999999998,0.9398236560443817,-0.062063021269945166,0.25647495581226665,0.9377494853997369,6,G9K6C 78.27 Comdty,arithmetic
62,7,73.31999969482422,78.27,1.3863013698630138,0.0469299983978271,0.2227,0.9367573744068509,-0.06533096900748717,0.2622098748440902,0.9370120645871481,7,G9K6C 78.27 Comdty,arithmetic
62,8,75.44000244140625,78.27,1.347945205479452,0.0459899997711181,0.20739999999999997,0.9638431383851572,-0.036826717129320195,0.24079356201287713,0.9398904061742348,8,G9K6C 78.27 Comdty,arithmetic
62,9,73.16999816894531,78.27,1.3342465753424655,0.0452799987792968,0.1934,0.9348409118301433,-0.06737891194547274,0.2233955501696854,0.941374080519792,9,G9K6C 78.27 Comdty,arithmetic
63,0,70.0999984741211,78.45,1.4273972602739726,0.0459100008010864,0.2509,0.8935627593896889,-0.11253870690567158,0.29975959321767737,0.9365692546147321,0,G9K6C 78.45 Comdty,arithmetic
63,1,69.62000274658203,78.45,1.421917808219178,0.045789999961853,0.2457,0.887444267005507,-0.11940955734470059,0.2929829875373336,0.9369647510599761,1,G9K6C 78.45 Comdty,arithmetic
63,2,70.5999984741211,78.45,1.4191780821917808,0.0461899995803833,0.237,0.8999362456866933,-0.1054313562928612,0.28233634852535394,0.9365504993866763,2,G9K6C 78.45 Comdty,arithmetic
63,3,70.98999786376953,78.45,1.4109589041095891,0.0454500007629394,0.237,0.9049075572182221,-0.09992248721973898,0.2815175850367637,0.9378848644785575,3,G9K6C 78.45 Comdty,arithmetic
63,4,73.12999725341797,78.45,1.4027397260273973,0.0457499980926513,0.2253,0.9321860707892666,-0.07022283745371062,0.26683926761203275,0.937840544349058,4,G9K6C 78.45 Comdty,arithmetic
63,5,73.95999908447266,78.45,1.4,0.0459600019454956,0.2211,0.9427660813826979,-0.05893708503879996,0.261609048008665,0.9376823787504476,5,G9K6C 78.45 Comdty,arithmetic
63,6,73.55999755859375,78.45,1.3917808219178085,0.0461800003051757,0.21739999999999998,0.9376672728947578,-0.06436011263224004,0.25647495581226665,0.9377494853997369,6,G9K6C 78.45 Comdty,arithmetic
63,7,73.31999969482422,78.45,1.3863013698630138,0.0469299983978271,0.2227,0.9346080267026668,-0.06762806036978211,0.2622098748440902,0.9370120645871481,7,G9K6C 78.45 Comdty,arithmetic
63,8,75.44000244140625,78.45,1.347945205479452,0.0459899997711181,0.20739999999999997,0.9616316436125717,-0.03912380849161513,0.24079356201287713,0.9398904061742348,8,G9K6C 78.45 Comdty,arithmetic
63,9,73.16999816894531,78.45,1.3342465753424655,0.0452799987792968,0.1934,0.932695961363229,-0.06967600330776762,0.2233955501696854,0.941374080519792,9,G9K6C 78.45 Comdty,arithmetic
64,0,70.0999984741211,78.94,1.4273972602739726,0.0459100008010864,0.2509,0.8880161955171155,-0.11876529796133094,0.29975959321767737,0.9365692546147321,0,G9K6C 78.94 Comdty,arithmetic
64,1,69.62000274658203,78.94,1.421917808219178,0.045789999961853,0.2457,0.8819356821203703,-0.12563614840035997,0.2929829875373336,0.9369647510599761,1,G9K6C 78.94 Comdty,arithmetic
64,2,70.5999984741211,78.94,1.4191780821917808,0.0461899995803833,0.237,0.8943501200167354,-0.11165794734852057,0.28233634852535394,0.9365504993866763,2,G9K6C 78.94 Comdty,arithmetic
64,3,70.98999786376953,78.94,1.4109589041095891,0.0454500007629394,0.237,0.8992905733945976,-0.1061490782753983,0.2815175850367637,0.9378848644785575,3,G9K6C 78.94 Comdty,arithmetic
64,4,73.12999725341797,78.94,1.4027397260273973,0.0457499980926513,0.2253,0.9263997625211297,-0.07644942850936996,0.26683926761203275,0.937840544349058,4,G9K6C 78.94 Comdty,arithmetic
64,5,73.95999908447266,78.94,1.4,0.0459600019454956,0.2211,0.9369141003860231,-0.06516367609445928,0.261609048008665,0.9376823787504476,5,G9K6C 78.94 Comdty,arithmetic
64,6,73.55999755859375,78.94,1.3917808219178085,0.0461800003051757,0.21739999999999998,0.9318469414567235,-0.07058670368789943,0.25647495581226665,0.9377494853997369,6,G9K6C 78.94 Comdty,arithmetic
64,7,73.31999969482422,78.94,1.3863013698630138,0.0469299983978271,0.2227,0.9288066847583509,-0.07385465142544144,0.2622098748440902,0.9370120645871481,7,G9K6C 78.94 Comdty,arithmetic
64,8,75.44000244140625,78.94,1.347945205479452,0.0459899997711181,0.20739999999999997,0.955662559430026,-0.045350399547274566,0.24079356201287713,0.9398904061742348,8,G9K6C 78.94 Comdty,arithmetic
64,9,73.16999816894531,78.94,1.3342465753424655,0.0452799987792968,0.1934,0.9269064880788613,-0.07590259436342706,0.2233955501696854,0.941374080519792,9,G9K6C 78.94 Comdty,arithmetic
65,0,70.0999984741211,80.0,1.4273972602739726,0.0459100008010864,0.2509,0.8762499809265136,-0.1321038624005116,0.29975959321767737,0.9365692546147321,0,G9K6C 80 Comdty,arithmetic
65,1,69.62000274658203,80.0,1.421917808219178,0.045789999961853,0.2457,0.8702500343322754,-0.1389747128395405,0.2929829875373336,0.9369647510599761,1,G9K6C 80 Comdty,arithmetic
65,2,70.5999984741211,80.0,1.4191780821917808,0.0461899995803833,0.237,0.8824999809265137,-0.12499651178770106,0.28233634852535394,0.9365504993866763,2,G9K6C 80 Comdty,arithmetic
65,3,70.98999786376953,80.0,1.4109589041095891,0.0454500007629394,0.237,0.8873749732971191,-0.11948764271457896,0.2815175850367637,0.9378848644785575,3,G9K6C 80 Comdty,arithmetic
65,4,73.12999725341797,80.0,1.4027397260273973,0.0457499980926513,0.2253,0.9141249656677246,-0.08978799294855061,0.26683926761203275,0.937840544349058,4,G9K6C 80 Comdty,arithmetic
65,5,73.95999908447266,80.0,1.4,0.0459600019454956,0.2211,0.9244999885559082,-0.0785022405336399,0.261609048008665,0.9376823787504476,5,G9K6C 80 Comdty,arithmetic
65,6,73.55999755859375,80.0,1.3917808219178085,0.0461800003051757,0.21739999999999998,0.9194999694824219,-0.0839252681270801,0.25647495581226665,0.9377494853997369,6,G9K6C 80 Comdty,arithmetic
65,7,73.31999969482422,80.0,1.3863013698630138,0.0469299983978271,0.2227,0.9164999961853028,-0.08719321586462203,0.2622098748440902,0.9370120645871481,7,G9K6C 80 Comdty,arithmetic
65,8,75.44000244140625,80.0,1.347945205479452,0.0459899997711181,0.20739999999999997,0.9430000305175781,-0.05868896398645518,0.24079356201287713,0.9398904061742348,8,G9K6C 80 Comdty,arithmetic
65,9,73.16999816894531,80.0,1.3342465753424655,0.0452799987792968,0.1934,0.9146249771118165,-0.08924115880260758,0.2233955501696854,0.941374080519792,9,G9K6C 80 Comdty,arithmetic
66,0,70.0999984741211,71.85,1.515068493150685,0.0459100008010864,0.2509,0.9756436809202659,-0.024657840251663756,0.3088280894758686,0.9328071524128899,0,G9M6C 71.85 Comdty,arithmetic
66,1,69.62000274658203,71.85,1.5095890410958903,0.045789999961853,0.2457,0.9689631558327354,-0.031528690690692765,0.30188012675813364,0.9332108780964643,1,G9M6C 71.85 Comdty,arithmetic
66,2,70.5999984741211,71.85,1.5068493150684932,0.0461899995803833,0.237,0.9826026231610452,-0.017550489638853403,0.2909264841469098,0.9327655748632138,2,G9M6C 71.85 Comdty,arithmetic
66,3,70.98999786376953,71.85,1.498630136986301,0.0454500007629394,0.237,0.9880305896140507,-0.012041620565731128,0.29013196336216307,0.9341551501764219,3,G9M6C 71.85 Comdty,arithmetic
66,4,73.12999725341797,71.85,1.4904109589041097,0.0457499980926513,0.2253,1.017814853909784,0.017658029200297222,0.2750516213567172,0.934086438438779,4,G9M6C 71.85 Comdty,arithmetic
66,5,73.95999908447266,71.85,1.4876712328767123,0.0459600019454956,0.2211,1.0293667235138853,0.02894378161520777,0.2696759548608978,0.9339117112814059,5,G9M6C 71.85 Comdty,arithmetic
66,6,73.55999755859375,71.85,1.4794520547945205,0.0461800003051757,0.21739999999999998,1.0237995484842555,0.023520754021767697,0.2644295509152868,0.9339605341140719,6,G9M6C 71.85 Comdty,arithmetic
66,7,73.31999969482422,71.85,1.473972602739726,0.0469299983978271,0.2227,1.0204592859404902,0.020252806284225634,0.27037399779736865,0.9331647321920393,7,G9M6C 71.85 Comdty,arithmetic
66,8,75.44000244140625,71.85,1.4356164383561645,0.0459899997711181,0.20739999999999997,1.0499652392680063,0.04875705816239261,0.24850089848518694,0.9361083977280721,8,G9M6C 71.85 Comdty,arithmetic
66,9,73.16999816894531,71.85,1.421917808219178,0.0452799987792968,0.1934,1.01837158203125,0.018204863346240052,0.23061827346243513,0.9376444653644769,9,G9M6C 71.85 Comdty,arithmetic
67,0,70.0999984741211,72.67,1.515068493150685,0.0459100008010864,0.2509,0.9646346287893366,-0.03600587235517454,0.3088280894758686,0.9328071524128899,0,G9M6C 72.67 Comdty,arithmetic
67,1,69.62000274658203,72.67,1.5095890410958903,0.045789999961853,0.2457,0.9580294859857167,-0.04287672279420346,0.30188012675813364,0.9332108780964643,1,G9M6C 72.67 Comdty,arithmetic
67,2,70.5999984741211,72.67,1.5068493150684932,0.0461899995803833,0.237,0.971515047118771,-0.028898521742364097,0.2909264841469098,0.9327655748632138,2,G9M6C 72.67 Comdty,arithmetic
67,3,70.98999786376953,72.67,1.498630136986301,0.0454500007629394,0.237,0.9768817650167817,-0.023389652669241916,0.29013196336216307,0.9341551501764219,3,G9M6C 72.67 Comdty,arithmetic
67,4,73.12999725341797,72.67,1.4904109589041097,0.0457499980926513,0.2253,1.0063299470678129,0.00630999709678637,0.2750516213567172,0.934086438438779,4,G9M6C 72.67 Comdty,arithmetic
67,5,73.95999908447266,72.67,1.4876712328767123,0.0459600019454956,0.2211,1.0177514666915186,0.017595749511697206,0.2696759548608978,0.9339117112814059,5,G9M6C 72.67 Comdty,arithmetic
67,6,73.55999755859375,72.67,1.4794520547945205,0.0461800003051757,0.21739999999999998,1.0122471110306006,0.01217272191825697,0.2644295509152868,0.9339605341140719,6,G9M6C 72.67 Comdty,arithmetic
67,7,73.31999969482422,72.67,1.473972602739726,0.0469299983978271,0.2227,1.0089445396287906,0.008904774180714956,0.27037399779736865,0.9331647321920393,7,G9M6C 72.67 Comdty,arithmetic
67,8,75.44000244140625,72.67,1.4356164383561645,0.0459899997711181,0.20739999999999997,1.0381175511408594,0.03740902605888193,0.24850089848518694,0.9361083977280721,8,G9M6C 72.67 Comdty,arithmetic
67,9,73.16999816894531,72.67,1.421917808219178,0.0452799987792968,0.1934,1.00688039313259,0.00685683124272953,0.23061827346243513,0.9376444653644769,9,G9M6C 72.67 Comdty,arithmetic
68,0,70.0999984741211,72.75,1.515068493150685,0.0459100008010864,0.2509,0.9635738621872315,-0.03710613377823187,0.3088280894758686,0.9328071524128899,0,G9M6C 72.75 Comdty,arithmetic
68,1,69.62000274658203,72.75,1.5095890410958903,0.045789999961853,0.2457,0.956975982770887,-0.04397698421726084,0.30188012675813364,0.9332108780964643,1,G9M6C 72.75 Comdty,arithmetic
68,2,70.5999984741211,72.75,1.5068493150684932,0.0461899995803833,0.237,0.9704467144209085,-0.02999878316542145,0.2909264841469098,0.9327655748632138,2,G9M6C 72.75 Comdty,arithmetic
68,3,70.98999786376953,72.75,1.498630136986301,0.0454500007629394,0.237,0.9758075307734644,-0.024489914092299173,0.29013196336216307,0.9341551501764219,3,G9M6C 72.75 Comdty,arithmetic
68,4,73.12999725341797,72.75,1.4904109589041097,0.0457499980926513,0.2253,1.0052233299438895,0.005209735673729022,0.2750516213567172,0.934086438438779,4,G9M6C 72.75 Comdty,arithmetic
68,5,73.95999908447266,72.75,1.4876712328767123,0.0459600019454956,0.2211,1.01663228982093,0.016495488088639737,0.2696759548608978,0.9339117112814059,5,G9M6C 72.75 Comdty,arithmetic
68,6,73.55999755859375,72.75,1.4794520547945205,0.0461800003051757,0.21739999999999998,1.0111339870597078,0.011072460495199556,0.2644295509152868,0.9339605341140719,6,G9M6C 72.75 Comdty,arithmetic
68,7,73.31999969482422,72.75,1.473972602739726,0.0469299983978271,0.2227,1.0078350473515356,0.007804512757657629,0.27037399779736865,0.9331647321920393,7,G9M6C 72.75 Comdty,arithmetic
68,8,75.44000244140625,72.75,1.4356164383561645,0.0459899997711181,0.20739999999999997,1.0369759785760309,0.03630876463582451,0.24850089848518694,0.9361083977280721,8,G9M6C 72.75 Comdty,arithmetic
68,9,73.16999816894531,72.75,1.421917808219178,0.0452799987792968,0.1934,1.005773170707152,0.005756569819672024,0.23061827346243513,0.9376444653644769,9,G9M6C 72.75 Comdty,arithmetic
69,0,70.0999984741211,74.0,1.515068493150685,0.0459100008010864,0.2509,0.9472972766773121,-0.05414232093079967,0.3088280894758686,0.9328071524128899,0,G9M6C 74 Comdty,arithmetic
69,1,69.62000274658203,74.0,1.5095890410958903,0.045789999961853,0.2457,0.9408108479267842,-0.06101317136982875,0.30188012675813364,0.9332108780964643,1,G9M6C 74 Comdty,arithmetic
69,2,70.5999984741211,74.0,1.5068493150684932,0.0461899995803833,0.237,0.9540540334340688,-0.0470349703179893,0.2909264841469098,0.9327655748632138,2,G9M6C 74 Comdty,arithmetic
69,3,70.98999786376953,74.0,1.498630136986301,0.0454500007629394,0.237,0.959324295456345,-0.041526101244867074,0.29013196336216307,0.9341551501764219,3,G9M6C 74 Comdty,arithmetic
69,4,73.12999725341797,74.0,1.4904109589041097,0.0457499980926513,0.2253,0.9882432061272699,-0.011826451478838698,0.2750516213567172,0.934086438438779,4,G9M6C 74 Comdty,arithmetic
69,5,73.95999908447266,74.0,1.4876712328767123,0.0459600019454956,0.2211,0.9994594470874684,-0.0005406990639280056,0.2696759548608978,0.9339117112814059,5,G9M6C 74 Comdty,arithmetic
69,6,73.55999755859375,74.0,1.4794520547945205,0.0461800003051757,0.21739999999999998,0.9940540210620777,-0.005963726657368168,0.2644295509152868,0.9339605341140719,6,G9M6C 74 Comdty,arithmetic
69,7,73.31999969482422,74.0,1.473972602739726,0.0469299983978271,0.2227,0.9908108066868138,-0.0092316743949102,0.27037399779736865,0.9331647321920393,7,G9M6C 74 Comdty,arithmetic
69,8,75.44000244140625,74.0,1.4356164383561645,0.0459899997711181,0.20739999999999997,1.0194594924514357,0.019272577483256663,0.24850089848518694,0.9361083977280721,8,G9M6C 74 Comdty,arithmetic
69,9,73.16999816894531,74.0,1.421917808219178,0.0452799987792968,0.1934,0.9887837590398015,-0.011279617332895755,0.23061827346243513,0.9376444653644769,9,G9M6C 74 Comdty,arithmetic
70,0,70.0999984741211,74.4,1.515068493150685,0.0459100008010864,0.2509,0.9422042805661437,-0.059533169565676176,0.3088280894758686,0.9328071524128899,0,G9M6C 74.4 Comdty,arithmetic
70,1,69.62000274658203,74.4,1.5095890410958903,0.045789999961853,0.2457,0.9357527250884681,-0.06640402000470522,0.30188012675813364,0.9332108780964643,1,G9M6C 74.4 Comdty,arithmetic
70,2,70.5999984741211,74.4,1.5068493150684932,0.0461899995803833,0.237,0.9489247106736706,-0.052425818952865744,0.2909264841469098,0.9327655748632138,2,G9M6C 74.4 Comdty,arithmetic
70,3,70.98999786376953,74.4,1.498630136986301,0.0454500007629394,0.237,0.9541666379538914,-0.046916949879743604,0.29013196336216307,0.9341551501764219,3,G9M6C 74.4 Comdty,arithmetic
70,4,73.12999725341797,74.4,1.4904109589041097,0.0457499980926513,0.2253,0.9829300706104565,-0.0172173001137153,0.2750516213567172,0.934086438438779,4,G9M6C 74.4 Comdty,arithmetic
70,5,73.95999908447266,74.4,1.4876712328767123,0.0459600019454956,0.2211,0.9940860091999012,-0.005931547698804567,0.2696759548608978,0.9339117112814059,5,G9M6C 74.4 Comdty,arithmetic
70,6,73.55999755859375,74.4,1.4794520547945205,0.0461800003051757,0.21739999999999998,0.9887096446047546,-0.011354575292244706,0.2644295509152868,0.9339605341140719,6,G9M6C 74.4 Comdty,arithmetic
70,7,73.31999969482422,74.4,1.473972602739726,0.0469299983978271,0.2227,0.9854838668659168,-0.014622523029786718,0.27037399779736865,0.9331647321920393,7,G9M6C 74.4 Comdty,arithmetic
70,8,75.44000244140625,74.4,1.4356164383561645,0.0459899997711181,0.20739999999999997,1.013978527438256,0.013881728848380256,0.24850089848518694,0.9361083977280721,8,G9M6C 74.4 Comdty,arithmetic
70,9,73.16999816894531,74.4,1.421917808219178,0.0452799987792968,0.1934,0.9834677173245336,-0.01667046596777233,0.23061827346243513,0.9376444653644769,9,G9M6C 74.4 Comdty,arithmetic
71,0,70.0999984741211,76.6,1.515068493150685,0.0459100008010864,0.2509,0.9151435832130692,-0.08867430447317547,0.3088280894758686,0.9328071524128899,0,G9M6C 76.6 Comdty,arithmetic
71,1,69.62000274658203,76.6,1.5095890410958903,0.045789999961853,0.2457,0.9088773204514626,-0.09554515491220446,0.30188012675813364,0.9332108780964643,1,G9M6C 76.6 Comdty,arithmetic
71,2,70.5999984741211,76.6,1.5068493150684932,0.0461899995803833,0.237,0.9216709983566723,-0.08156695386036504,0.2909264841469098,0.9327655748632138,2,G9M6C 76.6 Comdty,arithmetic
71,3,70.98999786376953,76.6,1.498630136986301,0.0454500007629394,0.237,0.9267623742006467,-0.07605808478724288,0.29013196336216307,0.9341551501764219,3,G9M6C 76.6 Comdty,arithmetic
71,4,73.12999725341797,76.6,1.4904109589041097,0.0457499980926513,0.2253,0.9546997030472321,-0.04635843502121451,0.2750516213567172,0.934086438438779,4,G9M6C 76.6 Comdty,arithmetic
71,5,73.95999908447266,76.6,1.4876712328767123,0.0459600019454956,0.2211,0.9655352360897215,-0.03507268260630379,0.2696759548608978,0.9339117112814059,5,G9M6C 76.6 Comdty,arithmetic
71,6,73.55999755859375,76.6,1.4794520547945205,0.0461800003051757,0.21739999999999998,0.9603132840547488,-0.040495710199743955,0.2644295509152868,0.9339605341140719,6,G9M6C 76.6 Comdty,arithmetic
71,7,73.31999969482422,76.6,1.473972602739726,0.0469299983978271,0.2227,0.9571801526739455,-0.04376365793728595,0.27037399779736865,0.9331647321920393,7,G9M6C 76.6 Comdty,arithmetic
71,8,75.44000244140625,76.6,1.4356164383561645,0.0459899997711181,0.20739999999999997,0.984856428738985,-0.015259406059119077,0.24850089848518694,0.9361083977280721,8,G9M6C 76.6 Comdty,arithmetic
71,9,73.16999816894531,76.6,1.421917808219178,0.0452799987792968,0.1934,0.9552219082107744,-0.04581160087527159,0.23061827346243513,0.9376444653644769,9,G9M6C 76.6 Comdty,arithmetic
72,0,70.0999984741211,77.4,1.515068493150685,0.0459100008010864,0.2509,0.905684734807766,-0.09906400832231145,0.3088280894758686,0.9328071524128899,0,G9M6C 77.4 Comdty,arithmetic
72,1,69.62000274658203,77.4,1.5095890410958903,0.045789999961853,0.2457,0.8994832396199228,-0.10593485876134043,0.30188012675813364,0.9332108780964643,1,G9M6C 77.4 Comdty,arithmetic
72,2,70.5999984741211,77.4,1.5068493150684932,0.0461899995803833,0.237,0.9121446831281794,-0.09195665770950104,0.2909264841469098,0.9327655748632138,2,G9M6C 77.4 Comdty,arithmetic
72,3,70.98999786376953,77.4,1.498630136986301,0.0454500007629394,0.237,0.9171834349324228,-0.08644778863637881,0.29013196336216307,0.9341551501764219,3,G9M6C 77.4 Comdty,arithmetic
72,4,73.12999725341797,77.4,1.4904109589041097,0.0457499980926513,0.2253,0.9448320058581132,-0.056748138870350504,0.2750516213567172,0.934086438438779,4,G9M6C 77.4 Comdty,arithmetic
72,5,73.95999908447266,77.4,1.4876712328767123,0.0459600019454956,0.2211,0.9555555437270369,-0.04546238645543974,0.2696759548608978,0.9339117112814059,5,G9M6C 77.4 Comdty,arithmetic
72,6,73.55999755859375,77.4,1.4794520547945205,0.0461800003051757,0.21739999999999998,0.9503875653565084,-0.05088541404887992,0.2644295509152868,0.9339605341140719,6,G9M6C 77.4 Comdty,arithmetic
72,7,73.31999969482422,77.4,1.473972602739726,0.0469299983978271,0.2227,0.9472868177625867,-0.054153361786421966,0.27037399779736865,0.9331647321920393,7,G9M6C 77.4 Comdty,arithmetic
72,8,75.44000244140625,77.4,1.4356164383561645,0.0459899997711181,0.20739999999999997,0.9746770341266957,-0.02564910990825498,0.24850089848518694,0.9361083977280721,8,G9M6C 77.4 Comdty,arithmetic
72,9,73.16999816894531,77.4,1.421917808219178,0.0452799987792968,0.1934,0.945348813552265,-0.05620130472440751,0.23061827346243513,0.9376444653644769,9,G9M6C 77.4 Comdty,arithmetic
73,0,70.0999984741211,78.0,1.515068493150685,0.0459100008010864,0.2509,0.8987179291553986,-0.10678605441622174,0.3088280894758686,0.9328071524128899,0,G9M6C 78 Comdty,arithmetic
73,1,69.62000274658203,78.0,1.5095890410958903,0.045789999961853,0.2457,0.8925641377766927,-0.11365690485525064,0.30188012675813364,0.9332108780964643,1,G9M6C 78 Comdty,arithmetic
73,2,70.5999984741211,78.0,1.5068493150684932,0.0461899995803833,0.237,0.905128185565655,-0.0996787038034113,0.2909264841469098,0.9327655748632138,2,G9M6C 78 Comdty,arithmetic
73,3,70.98999786376953,78.0,1.498630136986301,0.0454500007629394,0.237,0.910128177740635,-0.09416983473028903,0.29013196336216307,0.9341551501764219,3,G9M6C 78 Comdty,arithmetic
73,4,73.12999725341797,78.0,1.4904109589041097,0.0457499980926513,0.2253,0.9375640673515124,-0.06447018496426073,0.2750516213567172,0.934086438438779,4,G9M6C 78 Comdty,arithmetic
73,5,73.95999908447266,78.0,1.4876712328767123,0.0459600019454956,0.2211,0.9482051164675982,-0.053184432549349986,0.2696759548608978,0.9339117112814059,5,G9M6C 78 Comdty,arithmetic
73,6,73.55999755859375,78.0,1.4794520547945205,0.0461800003051757,0.21739999999999998,0.943076891776843,-0.05860746014279019,0.2644295509152868,0.9339605341140719,6,G9M6C 78 Comdty,arithmetic
73,7,73.31999969482422,78.0,1.473972602739726,0.0469299983978271,0.2227,0.93999999608749,-0.061875407880332196,0.27037399779736865,0.9331647321920393,7,G9M6C 78 Comdty,arithmetic
73,8,75.44000244140625,78.0,1.4356164383561645,0.0459899997711181,0.20739999999999997,0.9671795184795673,-0.033371156002165274,0.24850089848518694,0.9361083977280721,8,G9M6C 78 Comdty,arithmetic
73,9,73.16999816894531,78.0,1.421917808219178,0.0452799987792968,0.1934,0.938076899601863,-0.06392335081831771,0.23061827346243513,0.9376444653644769,9,G9M6C 78 Comdty,arithmetic
74,0,70.0999984741211,75.0,2.515068493150685,0.0459100008010864,0.2509,0.9346666463216146,-0.06756534126294042,0.3979014939018388,0.8909501543779297,0,G9M7C 75 Comdty,arithmetic
74,1,69.62000274658203,75.0,2.5095890410958903,0.045789999961853,0.2457,0.9282667032877604,-0.0744361917019694,0.38923013877590057,0.891442731507646,1,G9M7C 75 Comdty,arithmetic
74,2,70.5999984741211,75.0,2.506849315068493,0.0461899995803833,0.237,0.9413333129882813,-0.06045799065012993,0.37524288024968866,0.8906610235831903,2,G9M7C 75 Comdty,arithmetic
74,3,70.98999786376953,75.0,2.4986301369863013,0.0454500007629394,0.237,0.9465333048502604,-0.05494912157700774,0.374627222935525,0.8926481884497475,3,G9M7C 75 Comdty,arithmetic
74,4,73.12999725341797,75.0,2.4904109589041097,0.0457499980926513,0.2253,0.9750666300455729,-0.025249471810979432,0.3555467401214064,0.8923147975407091,4,G9M7C 75 Comdty,arithmetic
74,5,73.95999908447266,75.0,2.4876712328767123,0.0459600019454956,0.2211,0.986133321126302,-0.013963719396068783,0.3487267277255028,0.8919605492282563,5,G9M7C 75 Comdty,arithmetic
74,6,73.55999755859375,75.0,2.4794520547945207,0.0461800003051757,0.21739999999999998,0.9807999674479166,-0.01938674698950892,0.3423240385910114,0.8918109604157037,6,G9M7C 75 Comdty,arithmetic
74,7,73.31999969482422,75.0,2.473972602739726,0.0469299983978271,0.2227,0.9775999959309896,-0.0226546947270509,0.3502818703343516,0.8903830369178628,7,G9M7C 75 Comdty,arithmetic
74,8,75.44000244140625,75.0,2.4356164383561643,0.0459899997711181,0.20739999999999997,1.00586669921875,0.005849557151115977,0.32367801369253546,0.8940317414667628,8,G9M7C 75 Comdty,arithmetic
74,9,73.16999816894531,75.0,2.421917808219178,0.0452799987792968,0.1934,0.9755999755859375,-0.024702637665036484,0.3009789827459627,0.8961347959627717,9,G9M7C 75 Comdty,arithmetic
75,0,70.0999984741211,69.5,1.6,0.0459100008010864,0.2509,1.0086330715700877,0.008596019702623662,0.31736618597449856,0.9291770274903894,0,G9N6C 69.5 Comdty,arithmetic
75,1,69.62000274658203,69.5,1.5945205479452054,0.045789999961853,0.2457,1.001726658224202,0.0017251692635946517,0.3102560196892635,0.9295886562114541,1,G9N6C 69.5 Comdty,arithmetic
75,2,70.5999984741211,69.5,1.5917808219178082,0.0461899995803833,0.237,1.0158273161744042,0.01570337031543407,0.299012937824271,0.9291135164949978,2,G9N6C 69.5 Comdty,arithmetic
75,3,70.98999786376953,69.5,1.5835616438356164,0.0454500007629394,0.237,1.0214388181837342,0.02121223938855614,0.29823996038861517,0.9305561340864038,3,G9N6C 69.5 Comdty,arithmetic
75,4,73.12999725341797,69.5,1.5753424657534247,0.0457499980926513,0.2253,1.0522301763081723,0.05091188915458462,0.28277999459379327,0.9304639792708642,4,G9N6C 69.5 Comdty,arithmetic
75,5,73.95999908447266,69.5,1.5726027397260274,0.0459600019454956,0.2211,1.0641726486974483,0.062197641569495296,0.2772670466861906,0.9302733372680596,5,G9N6C 69.5 Comdty,arithmetic
75,6,73.55999755859375,69.5,1.5643835616438355,0.0461800003051757,0.21739999999999998,1.0584172310589028,0.05677461397605507,0.2719137451875462,0.9303045871843203,6,G9N6C 69.5 Comdty,arithmetic
75,7,73.31999969482422,69.5,1.558904109589041,0.0469299983978271,0.2227,1.05496402438596,0.053506666238513065,0.278054493575019,0.9294526937950106,7,G9N6C 69.5 Comdty,arithmetic
75,8,75.44000244140625,69.5,1.5205479452054795,0.0459899997711181,0.20739999999999997,1.085467661027428,0.08201091811668004,0.2557459773515643,0.9324590900822797,8,G9N6C 69.5 Comdty,arithmetic
75,9,73.16999816894531,69.5,1.5068493150684932,0.0452799987792968,0.1934,1.052805729049573,0.05145872330052761,0.23740583136714077,0.934045492144238,9,G9N6C 69.5 Comdty,arithmetic
76,0,70.0999984741211,71.85,1.6,0.0459100008010864,0.2509,0.9756436809202659,-0.024657840251663756,0.31736618597449856,0.9291770274903894,0,G9N6C 71.85 Comdty,arithmetic
76,1,69.62000274658203,71.85,1.5945205479452054,0.045789999961853,0.2457,0.9689631558327354,-0.031528690690692765,0.3102560196892635,0.9295886562114541,1,G9N6C 71.85 Comdty,arithmetic
76,2,70.5999984741211,71.85,1.5917808219178082,0.0461899995803833,0.237,0.9826026231610452,-0.017550489638853403,0.299012937824271,0.9291135164949978,2,G9N6C 71.85 Comdty,arithmetic
76,3,70.98999786376953,71.85,1.5835616438356164,0.0454500007629394,0.237,0.9880305896140507,-0.012041620565731128,0.29823996038861517,0.9305561340864038,3,G9N6C 71.85 Comdty,arithmetic
76,4,73.12999725341797,71.85,1.5753424657534247,0.0457499980926513,0.2253,1.017814853909784,0.017658029200297222,0.28277999459379327,0.9304639792708642,4,G9N6C 71.85 Comdty,arithmetic
76,5,73.95999908447266,71.85,1.5726027397260274,0.0459600019454956,0.2211,1.0293667235138853,0.02894378161520777,0.2772670466861906,0.9302733372680596,5,G9N6C 71.85 Comdty,arithmetic
76,6,73.55999755859375,71.85,1.5643835616438355,0.0461800003051757,0.21739999999999998,1.0237995484842555,0.023520754021767697,0.2719137451875462,0.9303045871843203,6,G9N6C 71.85 Comdty,arithmetic
76,7,73.31999969482422,71.85,1.558904109589041,0.0469299983978271,0.2227,1.0204592859404902,0.020252806284225634,0.278054493575019,0.9294526937950106,7,G9N6C 71.85 Comdty,arithmetic
76,8,75.44000244140625,71.85,1.5205479452054795,0.0459899997711181,0.20739999999999997,1.0499652392680063,0.04875705816239261,0.2557459773515643,0.9324590900822797,8,G9N6C 71.85 Comdty,arithmetic
76,9,73.16999816894531,71.85,1.5068493150684932,0.0452799987792968,0.1934,1.01837158203125,0.018204863346240052,0.23740583136714077,0.934045492144238,9,G9N6C 71.85 Comdty,arithmetic
77,0,70.0999984741211,72.2,1.6,0.0459100008010864,0.2509,0.9709141062897658,-0.02951727362541052,0.31736618597449856,0.9291770274903894,0,G9N6C 72.2 Comdty,arithmetic
77,1,69.62000274658203,72.2,1.5945205479452054,0.045789999961853,0.2457,0.9642659660191417,-0.03638812406443947,0.3102560196892635,0.9295886562114541,1,G9N6C 72.2 Comdty,arithmetic
77,2,70.5999984741211,72.2,1.5917808219178082,0.0461899995803833,0.237,0.9778393140459984,-0.022409923012600145,0.299012937824271,0.9291135164949978,2,G9N6C 72.2 Comdty,arithmetic
77,3,70.98999786376953,72.2,1.5835616438356164,0.0454500007629394,0.237,0.9832409676422372,-0.016901053939477908,0.29823996038861517,0.9305561340864038,3,G9N6C 72.2 Comdty,arithmetic
77,4,73.12999725341797,72.2,1.5753424657534247,0.0457499980926513,0.2253,1.0128808483852905,0.012798595826550496,0.28277999459379327,0.9304639792708642,4,G9N6C 72.2 Comdty,arithmetic
77,5,73.95999908447266,72.2,1.5726027397260274,0.0459600019454956,0.2211,1.024376718621505,0.024084348241461155,0.2772670466861906,0.9302733372680596,5,G9N6C 72.2 Comdty,arithmetic
77,6,73.55999755859375,72.2,1.5643835616438355,0.0461800003051757,0.21739999999999998,1.0188365312824619,0.018661320648020972,0.2719137451875462,0.9303045871843203,6,G9N6C 72.2 Comdty,arithmetic
77,7,73.31999969482422,72.2,1.558904109589041,0.0469299983978271,0.2227,1.0155124611471498,0.01539337291047894,0.278054493575019,0.9294526937950106,7,G9N6C 72.2 Comdty,arithmetic
77,8,75.44000244140625,72.2,1.5205479452054795,0.0459899997711181,0.20739999999999997,1.0448753800748787,0.04389762478864581,0.2557459773515643,0.9324590900822797,8,G9N6C 72.2 Comdty,arithmetic
77,9,73.16999816894531,72.2,1.5068493150684932,0.0452799987792968,0.1934,1.0134348776862232,0.013345429972493472,0.23740583136714077,0.934045492144238,9,G9N6C 72.2 Comdty,arithmetic
78,0,70.0999984741211,72.75,1.6,0.0459100008010864,0.2509,0.9635738621872315,-0.03710613377823187,0.31736618597449856,0.9291770274903894,0,G9N6C 72.75 Comdty,arithmetic
78,1,69.62000274658203,72.75,1.5945205479452054,0.045789999961853,0.2457,0.956975982770887,-0.04397698421726084,0.3102560196892635,0.9295886562114541,1,G9N6C 72.75 Comdty,arithmetic
78,2,70.5999984741211,72.75,1.5917808219178082,0.0461899995803833,0.237,0.9704467144209085,-0.02999878316542145,0.299012937824271,0.9291135164949978,2,G9N6C 72.75 Comdty,arithmetic
78,3,70.98999786376953,72.75,1.5835616438356164,0.0454500007629394,0.237,0.9758075307734644,-0.024489914092299173,0.29823996038861517,0.9305561340864038,3,G9N6C 72.75 Comdty,arithmetic
78,4,73.12999725341797,72.75,1.5753424657534247,0.0457499980926513,0.2253,1.0052233299438895,0.005209735673729022,0.28277999459379327,0.9304639792708642,4,G9N6C 72.75 Comdty,arithmetic
78,5,73.95999908447266,72.75,1.5726027397260274,0.0459600019454956,0.2211,1.01663228982093,0.016495488088639737,0.2772670466861906,0.9302733372680596,5,G9N6C 72.75 Comdty,arithmetic
78,6,73.55999755859375,72.75,1.5643835616438355,0.0461800003051757,0.21739999999999998,1.0111339870597078,0.011072460495199556,0.2719137451875462,0.9303045871843203,6,G9N6C 72.75 Comdty,arithmetic
78,7,73.31999969482422,72.75,1.558904109589041,0.0469299983978271,0.2227,1.0078350473515356,0.007804512757657629,0.278054493575019,0.9294526937950106,7,G9N6C 72.75 Comdty,arithmetic
78,8,75.44000244140625,72.75,1.5205479452054795,0.0459899997711181,0.20739999999999997,1.0369759785760309,0.03630876463582451,0.2557459773515643,0.9324590900822797,8,G9N6C 72.75 Comdty,arithmetic
78,9,73.16999816894531,72.75,1.5068493150684932,0.0452799987792968,0.1934,1.005773170707152,0.005756569819672024,0.23740583136714077,0.934045492144238,9,G9N6C 72.75 Comdty,arithmetic
79,0,70.0999984741211,75.0,1.6,0.0459100008010864,0.2509,0.9346666463216146,-0.06756534126294042,0.31736618597449856,0.9291770274903894,0,G9N6C 75 Comdty,arithmetic
79,1,69.62000274658203,75.0,1.5945205479452054,0.045789999961853,0.2457,0.9282667032877604,-0.0744361917019694,0.3102560196892635,0.9295886562114541,1,G9N6C 75 Comdty,arithmetic
79,2,70.5999984741211,75.0,1.5917808219178082,0.0461899995803833,0.237,0.9413333129882813,-0.06045799065012993,0.299012937824271,0.9291135164949978,2,G9N6C 75 Comdty,arithmetic
79,3,70.98999786376953,75.0,1.5835616438356164,0.0454500007629394,0.237,0.9465333048502604,-0.05494912157700774,0.29823996038861517,0.9305561340864038,3,G9N6C 75 Comdty,arithmetic
79,4,73.12999725341797,75.0,1.5753424657534247,0.0457499980926513,0.2253,0.9750666300455729,-0.025249471810979432,0.28277999459379327,0.9304639792708642,4,G9N6C 75 Comdty,arithmetic
79,5,73.95999908447266,75.0,1.5726027397260274,0.0459600019454956,0.2211,0.986133321126302,-0.013963719396068783,0.2772670466861906,0.9302733372680596,5,G9N6C 75 Comdty,arithmetic
79,6,73.55999755859375,75.0,1.5643835616438355,0.0461800003051757,0.21739999999999998,0.9807999674479166,-0.01938674698950892,0.2719137451875462,0.9303045871843203,6,G9N6C 75 Comdty,arithmetic
79,7,73.31999969482422,75.0,1.558904109589041,0.0469299983978271,0.2227,0.9775999959309896,-0.0226546947270509,0.278054493575019,0.9294526937950106,7,G9N6C 75 Comdty,arithmetic
79,8,75.44000244140625,75.0,1.5205479452054795,0.0459899997711181,0.20739999999999997,1.00586669921875,0.005849557151115977,0.2557459773515643,0.9324590900822797,8,G9N6C 75 Comdty,arithmetic
79,9,73.16999816894531,75.0,1.5068493150684932,0.0452799987792968,0.1934,0.9755999755859375,-0.024702637665036484,0.23740583136714077,0.934045492144238,9,G9N6C 75 Comdty,arithmetic
80,0,70.0999984741211,75.8,1.6,0.0459100008010864,0.2509,0.9248020906876134,-0.07817552037495587,0.31736618597449856,0.9291770274903894,0,G9N6C 75.8 Comdty,arithmetic
80,1,69.62000274658203,75.8,1.5945205479452054,0.045789999961853,0.2457,0.9184696932266759,-0.08504637081398485,0.3102560196892635,0.9295886562114541,1,G9N6C 75.8 Comdty,arithmetic
80,2,70.5999984741211,75.8,1.5917808219178082,0.0461899995803833,0.237,0.9313983967562149,-0.07106816976214551,0.299012937824271,0.9291135164949978,2,G9N6C 75.8 Comdty,arithmetic
80,3,70.98999786376953,75.8,1.5835616438356164,0.0454500007629394,0.237,0.9365435074375928,-0.06555930068902321,0.29823996038861517,0.9305561340864038,3,G9N6C 75.8 Comdty,arithmetic
80,4,73.12999725341797,75.8,1.5753424657534247,0.0457499980926513,0.2253,0.9647756893590761,-0.03585965092299499,0.28277999459379327,0.9304639792708642,4,G9N6C 75.8 Comdty,arithmetic
80,5,73.95999908447266,75.8,1.5726027397260274,0.0459600019454956,0.2211,0.9757255815893491,-0.02457389850808421,0.2772670466861906,0.9302733372680596,5,G9N6C 75.8 Comdty,arithmetic
80,6,73.55999755859375,75.8,1.5643835616438355,0.0461800003051757,0.21739999999999998,0.9704485166041392,-0.029996926101524386,0.2719137451875462,0.9303045871843203,6,G9N6C 75.8 Comdty,arithmetic
80,7,73.31999969482422,75.8,1.558904109589041,0.0469299983978271,0.2227,0.9672823178736705,-0.03326487383906637,0.278054493575019,0.9294526937950106,7,G9N6C 75.8 Comdty,arithmetic
80,8,75.44000244140625,75.8,1.5205479452054795,0.0459899997711181,0.20739999999999997,0.9952506918391326,-0.004760621960899463,0.2557459773515643,0.9324590900822797,8,G9N6C 75.8 Comdty,arithmetic
80,9,73.16999816894531,75.8,1.5068493150684932,0.0452799987792968,0.1934,0.9653034059227614,-0.03531281677705194,0.23740583136714077,0.934045492144238,9,G9N6C 75.8 Comdty,arithmetic
81,0,70.0999984741211,76.6,1.6,0.0459100008010864,0.2509,0.9151435832130692,-0.08867430447317547,0.31736618597449856,0.9291770274903894,0,G9N6C 76.6 Comdty,arithmetic
81,1,69.62000274658203,76.6,1.5945205479452054,0.045789999961853,0.2457,0.9088773204514626,-0.09554515491220446,0.3102560196892635,0.9295886562114541,1,G9N6C 76.6 Comdty,arithmetic
81,2,70.5999984741211,76.6,1.5917808219178082,0.0461899995803833,0.237,0.9216709983566723,-0.08156695386036504,0.299012937824271,0.9291135164949978,2,G9N6C 76.6 Comdty,arithmetic
81,3,70.98999786376953,76.6,1.5835616438356164,0.0454500007629394,0.237,0.9267623742006467,-0.07605808478724288,0.29823996038861517,0.9305561340864038,3,G9N6C 76.6 Comdty,arithmetic
81,4,73.12999725341797,76.6,1.5753424657534247,0.0457499980926513,0.2253,0.9546997030472321,-0.04635843502121451,0.28277999459379327,0.9304639792708642,4,G9N6C 76.6 Comdty,arithmetic
81,5,73.95999908447266,76.6,1.5726027397260274,0.0459600019454956,0.2211,0.9655352360897215,-0.03507268260630379,0.2772670466861906,0.9302733372680596,5,G9N6C 76.6 Comdty,arithmetic
81,6,73.55999755859375,76.6,1.5643835616438355,0.0461800003051757,0.21739999999999998,0.9603132840547488,-0.040495710199743955,0.2719137451875462,0.9303045871843203,6,G9N6C 76.6 Comdty,arithmetic
81,7,73.31999969482422,76.6,1.558904109589041,0.0469299983978271,0.2227,0.9571801526739455,-0.04376365793728595,0.278054493575019,0.9294526937950106,7,G9N6C 76.6 Comdty,arithmetic
81,8,75.44000244140625,76.6,1.5205479452054795,0.0459899997711181,0.20739999999999997,0.984856428738985,-0.015259406059119077,0.2557459773515643,0.9324590900822797,8,G9N6C 76.6 Comdty,arithmetic
81,9,73.16999816894531,76.6,1.5068493150684932,0.0452799987792968,0.1934,0.9552219082107744,-0.04581160087527159,0.23740583136714077,0.934045492144238,9,G9N6C 76.6 Comdty,arithmetic
82,0,70.0999984741211,77.0,1.6,0.0459100008010864,0.2509,0.9103895905730012,-0.09388264958031385,0.31736618597449856,0.9291770274903894,0,G9N6C 77 Comdty,arithmetic
82,1,69.62000274658203,77.0,1.5945205479452054,0.045789999961853,0.2457,0.9041558798257406,-0.10075350001934281,0.3102560196892635,0.9295886562114541,1,G9N6C 77 Comdty,arithmetic
82,2,70.5999984741211,77.0,1.5917808219178082,0.0461899995803833,0.237,0.9168830970665077,-0.08677529896750334,0.299012937824271,0.9291135164949978,2,G9N6C 77 Comdty,arithmetic
82,3,70.98999786376953,77.0,1.5835616438356164,0.0454500007629394,0.237,0.9219480242047992,-0.08126642989438111,0.29823996038861517,0.9305561340864038,3,G9N6C 77 Comdty,arithmetic
82,4,73.12999725341797,77.0,1.5753424657534247,0.0457499980926513,0.2253,0.9497402240703632,-0.0515667801283529,0.28277999459379327,0.9304639792708642,4,G9N6C 77 Comdty,arithmetic
82,5,73.95999908447266,77.0,1.5726027397260274,0.0459600019454956,0.2211,0.960519468629515,-0.04028102771344218,0.2772670466861906,0.9302733372680596,5,G9N6C 77 Comdty,arithmetic
82,6,73.55999755859375,77.0,1.5643835616438355,0.0461800003051757,0.21739999999999998,0.9553246436181007,-0.0457040553068823,0.2719137451875462,0.9303045871843203,6,G9N6C 77 Comdty,arithmetic
82,7,73.31999969482422,77.0,1.558904109589041,0.0469299983978271,0.2227,0.9522077882444704,-0.04897200304442428,0.278054493575019,0.9294526937950106,7,G9N6C 77 Comdty,arithmetic
82,8,75.44000244140625,77.0,1.5205479452054795,0.0459899997711181,0.20739999999999997,0.9797402914468344,-0.0204677511662574,0.2557459773515643,0.9324590900822797,8,G9N6C 77 Comdty,arithmetic
82,9,73.16999816894531,77.0,1.5068493150684932,0.0452799987792968,0.1934,0.9502597164798092,-0.051019945982409894,0.23740583136714077,0.934045492144238,9,G9N6C 77 Comdty,arithmetic
83,0,70.0999984741211,78.45,1.6,0.0459100008010864,0.2509,0.8935627593896889,-0.11253870690567158,0.31736618597449856,0.9291770274903894,0,G9N6C 78.45 Comdty,arithmetic
83,1,69.62000274658203,78.45,1.5945205479452054,0.045789999961853,0.2457,0.887444267005507,-0.11940955734470059,0.3102560196892635,0.9295886562114541,1,G9N6C 78.45 Comdty,arithmetic
83,2,70.5999984741211,78.45,1.5917808219178082,0.0461899995803833,0.237,0.8999362456866933,-0.1054313562928612,0.299012937824271,0.9291135164949978,2,G9N6C 78.45 Comdty,arithmetic
83,3,70.98999786376953,78.45,1.5835616438356164,0.0454500007629394,0.237,0.9049075572182221,-0.09992248721973898,0.29823996038861517,0.9305561340864038,3,G9N6C 78.45 Comdty,arithmetic
83,4,73.12999725341797,78.45,1.5753424657534247,0.0457499980926513,0.2253,0.9321860707892666,-0.07022283745371062,0.28277999459379327,0.9304639792708642,4,G9N6C 78.45 Comdty,arithmetic
83,5,73.95999908447266,78.45,1.5726027397260274,0.0459600019454956,0.2211,0.9427660813826979,-0.05893708503879996,0.2772670466861906,0.9302733372680596,5,G9N6C 78.45 Comdty,arithmetic
83,6,73.55999755859375,78.45,1.5643835616438355,0.0461800003051757,0.21739999999999998,0.9376672728947578,-0.06436011263224004,0.2719137451875462,0.9303045871843203,6,G9N6C 78.45 Comdty,arithmetic
83,7,73.31999969482422,78.45,1.558904109589041,0.0469299983978271,0.2227,0.9346080267026668,-0.06762806036978211,0.278054493575019,0.9294526937950106,7,G9N6C 78.45 Comdty,arithmetic
83,8,75.44000244140625,78.45,1.5205479452054795,0.0459899997711181,0.20739999999999997,0.9616316436125717,-0.03912380849161513,0.2557459773515643,0.9324590900822797,8,G9N6C 78.45 Comdty,arithmetic
83,9,73.16999816894531,78.45,1.5068493150684932,0.0452799987792968,0.1934,0.932695961363229,-0.06967600330776762,0.23740583136714077,0.934045492144238,9,G9N6C 78.45 Comdty,arithmetic
84,0,70.0999984741211,79.5,1.6,0.0459100008010864,0.2509,0.8817609870958628,-0.12583424938691617,0.31736618597449856,0.9291770274903894,0,G9N6C 79.5 Comdty,arithmetic
84,1,69.62000274658203,79.5,1.5945205479452054,0.045789999961853,0.2457,0.8757233049884532,-0.1327050998259452,0.3102560196892635,0.9295886562114541,1,G9N6C 79.5 Comdty,arithmetic
84,2,70.5999984741211,79.5,1.5917808219178082,0.0461899995803833,0.237,0.8880502952719634,-0.11872689877410575,0.299012937824271,0.9291135164949978,2,G9N6C 79.5 Comdty,arithmetic
84,3,70.98999786376953,79.5,1.5835616438356164,0.0454500007629394,0.237,0.8929559479719438,-0.11321802970098355,0.29823996038861517,0.9305561340864038,3,G9N6C 79.5 Comdty,arithmetic
84,4,73.12999725341797,79.5,1.5753424657534247,0.0457499980926513,0.2253,0.9198741792882763,-0.08351837993495524,0.28277999459379327,0.9304639792708642,4,G9N6C 79.5 Comdty,arithmetic
84,5,73.95999908447266,79.5,1.5726027397260274,0.0459600019454956,0.2211,0.9303144538927378,-0.0722326275200445,0.2772670466861906,0.9302733372680596,5,G9N6C 79.5 Comdty,arithmetic
84,6,73.55999755859375,79.5,1.5643835616438355,0.0461800003051757,0.21739999999999998,0.9252829881584119,-0.0776556551134847,0.2719137451875462,0.9303045871843203,6,G9N6C 79.5 Comdty,arithmetic
84,7,73.31999969482422,79.5,1.558904109589041,0.0469299983978271,0.2227,0.9222641471047072,-0.08092360285102665,0.278054493575019,0.9294526937950106,7,G9N6C 79.5 Comdty,arithmetic
84,8,75.44000244140625,79.5,1.5205479452054795,0.0459899997711181,0.20739999999999997,0.9489308483195755,-0.05241935097285968,0.2557459773515643,0.9324590900822797,8,G9N6C 79.5 Comdty,arithmetic
84,9,73.16999816894531,79.5,1.5068493150684932,0.0452799987792968,0.1934,0.9203773354584316,-0.08297154578901225,0.23740583136714077,0.934045492144238,9,G9N6C 79.5 Comdty,arithmetic
85,0,70.0999984741211,69.5,1.6849315068493151,0.0459100008010864,0.2509,1.0086330715700877,0.008596019702623662,0.32568052313683876,0.9255610296111034,0,G9Q6C 69.5 Comdty,arithmetic
85,1,69.62000274658203,69.5,1.6794520547945206,0.045789999961853,0.2457,1.001726658224202,0.0017251692635946517,0.31841165898148655,0.9259804938404211,1,G9Q6C 69.5 Comdty,arithmetic
85,2,70.5999984741211,69.5,1.6767123287671233,0.0461899995803833,0.237,1.0158273161744042,0.01570337031543407,0.3068863874376323,0.9254757570360517,2,G9Q6C 69.5 Comdty,arithmetic
85,3,70.98999786376953,69.5,1.6684931506849314,0.0454500007629394,0.237,1.0214388181837342,0.02121223938855614,0.3061332908731455,0.9269709839123568,3,G9Q6C 69.5 Comdty,arithmetic
85,4,73.12999725341797,69.5,1.6602739726027398,0.0457499980926513,0.2253,1.0522301763081723,0.05091188915458462,0.2903026976691271,0.9268555682786677,4,G9Q6C 69.5 Comdty,arithmetic
85,5,73.95999908447266,69.5,1.6575342465753424,0.0459600019454956,0.2211,1.0641726486974483,0.062197641569495296,0.28465577409570914,0.9266491377910224,5,G9Q6C 69.5 Comdty,arithmetic
85,6,73.55999755859375,69.5,1.6493150684931508,0.0461800003051757,0.21739999999999998,1.0584172310589028,0.05677461397605507,0.27919738939785116,0.9266629512960581,6,G9Q6C 69.5 Comdty,arithmetic
85,7,73.31999969482422,69.5,1.643835616438356,0.0469299983978271,0.2227,1.05496402438596,0.053506666238513065,0.28552846462233683,0.9257554215251036,7,G9Q6C 69.5 Comdty,arithmetic
85,8,75.44000244140625,69.5,1.6054794520547946,0.0459899997711181,0.20739999999999997,1.085467661027428,0.08201091811668004,0.26279138744462016,0.9288240088298473,8,G9Q6C 69.5 Comdty,arithmetic
85,9,73.16999816894531,69.5,1.5917808219178082,0.0452799987792968,0.1934,1.052805729049573,0.05145872330052761,0.24400465052832918,0.9304603329107698,9,G9Q6C 69.5 Comdty,arithmetic
86,0,70.0999984741211,71.07,1.6849315068493151,0.0459100008010864,0.2509,0.9863514629818644,-0.013742534565433631,0.32568052313683876,0.9255610296111034,0,G9Q6C 71.07 Comdty,arithmetic
86,1,69.62000274658203,71.07,1.6794520547945206,0.045789999961853,0.2457,0.9795976184970034,-0.020613385004462675,0.31841165898148655,0.9259804938404211,1,G9Q6C 71.07 Comdty,arithmetic
86,2,70.5999984741211,71.07,1.6767123287671233,0.0461899995803833,0.237,0.9933867802746743,-0.006635183952623163,0.3068863874376323,0.9254757570360517,2,G9Q6C 71.07 Comdty,arithmetic
86,3,70.98999786376953,71.07,1.6684931506849314,0.0454500007629394,0.237,0.9988743191750322,-0.0011263148795009788,0.3061332908731455,0.9269709839123568,3,G9Q6C 71.07 Comdty,arithmetic
86,4,73.12999725341797,71.07,1.6602739726027398,0.0457499980926513,0.2253,1.0289854686002249,0.028573334886527406,0.2903026976691271,0.9268555682786677,4,G9Q6C 71.07 Comdty,arithmetic
86,5,73.95999908447266,71.07,1.6575342465753424,0.0459600019454956,0.2211,1.0406641210703906,0.03985908730143801,0.28465577409570914,0.9266491377910224,5,G9Q6C 71.07 Comdty,arithmetic
86,6,73.55999755859375,71.07,1.6493150684931508,0.0461800003051757,0.21739999999999998,1.0350358457660582,0.034436059707997874,0.27919738939785116,0.9266629512960581,6,G9Q6C 71.07 Comdty,arithmetic
86,7,73.31999969482422,71.07,1.643835616438356,0.0469299983978271,0.2227,1.0316589235236278,0.03116811197045586,0.28552846462233683,0.9257554215251036,7,G9Q6C 71.07 Comdty,arithmetic
86,8,75.44000244140625,71.07,1.6054794520547946,0.0459899997711181,0.20739999999999997,1.061488707491294,0.05967236384862287,0.26279138744462016,0.9288240088298473,8,G9Q6C 71.07 Comdty,arithmetic
86,9,73.16999816894531,71.07,1.5917808219178082,0.0452799987792968,0.1934,1.0295483068657003,0.02912016903247032,0.24400465052832918,0.9304603329107698,9,G9Q6C 71.07 Comdty,arithmetic
87,0,70.0999984741211,71.85,1.6849315068493151,0.0459100008010864,0.2509,0.9756436809202659,-0.024657840251663756,0.32568052313683876,0.9255610296111034,0,G9Q6C 71.85 Comdty,arithmetic
87,1,69.62000274658203,71.85,1.6794520547945206,0.045789999961853,0.2457,0.9689631558327354,-0.031528690690692765,0.31841165898148655,0.9259804938404211,1,G9Q6C 71.85 Comdty,arithmetic
87,2,70.5999984741211,71.85,1.6767123287671233,0.0461899995803833,0.237,0.9826026231610452,-0.017550489638853403,0.3068863874376323,0.9254757570360517,2,G9Q6C 71.85 Comdty,arithmetic
87,3,70.98999786376953,71.85,1.6684931506849314,0.0454500007629394,0.237,0.9880305896140507,-0.012041620565731128,0.3061332908731455,0.9269709839123568,3,G9Q6C 71.85 Comdty,arithmetic
87,4,73.12999725341797,71.85,1.6602739726027398,0.0457499980926513,0.2253,1.017814853909784,0.017658029200297222,0.2903026976691271,0.9268555682786677,4,G9Q6C 71.85 Comdty,arithmetic
87,5,73.95999908447266,71.85,1.6575342465753424,0.0459600019454956,0.2211,1.0293667235138853,0.02894378161520777,0.28465577409570914,0.9266491377910224,5,G9Q6C 71.85 Comdty,arithmetic
87,6,73.55999755859375,71.85,1.6493150684931508,0.0461800003051757,0.21739999999999998,1.0237995484842555,0.023520754021767697,0.27919738939785116,0.9266629512960581,6,G9Q6C 71.85 Comdty,arithmetic
87,7,73.31999969482422,71.85,1.643835616438356,0.0469299983978271,0.2227,1.0204592859404902,0.020252806284225634,0.28552846462233683,0.9257554215251036,7,G9Q6C 71.85 Comdty,arithmetic
87,8,75.44000244140625,71.85,1.6054794520547946,0.0459899997711181,0.20739999999999997,1.0499652392680063,0.04875705816239261,0.26279138744462016,0.9288240088298473,8,G9Q6C 71.85 Comdty,arithmetic
87,9,73.16999816894531,71.85,1.5917808219178082,0.0452799987792968,0.1934,1.01837158203125,0.018204863346240052,0.24400465052832918,0.9304603329107698,9,G9Q6C 71.85 Comdty,arithmetic
88,0,70.0999984741211,76.6,1.6849315068493151,0.0459100008010864,0.2509,0.9151435832130692,-0.08867430447317547,0.32568052313683876,0.9255610296111034,0,G9Q6C 76.6 Comdty,arithmetic
88,1,69.62000274658203,76.6,1.6794520547945206,0.045789999961853,0.2457,0.9088773204514626,-0.09554515491220446,0.31841165898148655,0.9259804938404211,1,G9Q6C 76.6 Comdty,arithmetic
88,2,70.5999984741211,76.6,1.6767123287671233,0.0461899995803833,0.237,0.9216709983566723,-0.08156695386036504,0.3068863874376323,0.9254757570360517,2,G9Q6C 76.6 Comdty,arithmetic
88,3,70.98999786376953,76.6,1.6684931506849314,0.0454500007629394,0.237,0.9267623742006467,-0.07605808478724288,0.3061332908731455,0.9269709839123568,3,G9Q6C 76.6 Comdty,arithmetic
88,4,73.12999725341797,76.6,1.6602739726027398,0.0457499980926513,0.2253,0.9546997030472321,-0.04635843502121451,0.2903026976691271,0.9268555682786677,4,G9Q6C 76.6 Comdty,arithmetic
88,5,73.95999908447266,76.6,1.6575342465753424,0.0459600019454956,0.2211,0.9655352360897215,-0.03507268260630379,0.28465577409570914,0.9266491377910224,5,G9Q6C 76.6 Comdty,arithmetic
88,6,73.55999755859375,76.6,1.6493150684931508,0.0461800003051757,0.21739999999999998,0.9603132840547488,-0.040495710199743955,0.27919738939785116,0.9266629512960581,6,G9Q6C 76.6 Comdty,arithmetic
88,7,73.31999969482422,76.6,1.643835616438356,0.0469299983978271,0.2227,0.9571801526739455,-0.04376365793728595,0.28552846462233683,0.9257554215251036,7,G9Q6C 76.6 Comdty,arithmetic
88,8,75.44000244140625,76.6,1.6054794520547946,0.0459899997711181,0.20739999999999997,0.984856428738985,-0.015259406059119077,0.26279138744462016,0.9288240088298473,8,G9Q6C 76.6 Comdty,arithmetic
88,9,73.16999816894531,76.6,1.5917808219178082,0.0452799987792968,0.1934,0.9552219082107744,-0.04581160087527159,0.24400465052832918,0.9304603329107698,9,G9Q6C 76.6 Comdty,arithmetic
89,0,70.0999984741211,77.0,1.6849315068493151,0.0459100008010864,0.2509,0.9103895905730012,-0.09388264958031385,0.32568052313683876,0.9255610296111034,0,G9Q6C 77 Comdty,arithmetic
89,1,69.62000274658203,77.0,1.6794520547945206,0.045789999961853,0.2457,0.9041558798257406,-0.10075350001934281,0.31841165898148655,0.9259804938404211,1,G9Q6C 77 Comdty,arithmetic
89,2,70.5999984741211,77.0,1.6767123287671233,0.0461899995803833,0.237,0.9168830970665077,-0.08677529896750334,0.3068863874376323,0.9254757570360517,2,G9Q6C 77 Comdty,arithmetic
89,3,70.98999786376953,77.0,1.6684931506849314,0.0454500007629394,0.237,0.9219480242047992,-0.08126642989438111,0.3061332908731455,0.9269709839123568,3,G9Q6C 77 Comdty,arithmetic
89,4,73.12999725341797,77.0,1.6602739726027398,0.0457499980926513,0.2253,0.9497402240703632,-0.0515667801283529,0.2903026976691271,0.9268555682786677,4,G9Q6C 77 Comdty,arithmetic
89,5,73.95999908447266,77.0,1.6575342465753424,0.0459600019454956,0.2211,0.960519468629515,-0.04028102771344218,0.28465577409570914,0.9266491377910224,5,G9Q6C 77 Comdty,arithmetic
89,6,73.55999755859375,77.0,1.6493150684931508,0.0461800003051757,0.21739999999999998,0.9553246436181007,-0.0457040553068823,0.27919738939785116,0.9266629512960581,6,G9Q6C 77 Comdty,arithmetic
89,7,73.31999969482422,77.0,1.643835616438356,0.0469299983978271,0.2227,0.9522077882444704,-0.04897200304442428,0.28552846462233683,0.9257554215251036,7,G9Q6C 77 Comdty,arithmetic
89,8,75.44000244140625,77.0,1.6054794520547946,0.0459899997711181,0.20739999999999997,0.9797402914468344,-0.0204677511662574,0.26279138744462016,0.9288240088298473,8,G9Q6C 77 Comdty,arithmetic
89,9,73.16999816894531,77.0,1.5917808219178082,0.0452799987792968,0.1934,0.9502597164798092,-0.051019945982409894,0.24400465052832918,0.9304603329107698,9,G9Q6C 77 Comdty,arithmetic
90,0,70.0999984741211,79.5,1.6849315068493151,0.0459100008010864,0.2509,0.8817609870958628,-0.12583424938691617,0.32568052313683876,0.9255610296111034,0,G9Q6C 79.5 Comdty,arithmetic
90,1,69.62000274658203,79.5,1.6794520547945206,0.045789999961853,0.2457,0.8757233049884532,-0.1327050998259452,0.31841165898148655,0.9259804938404211,1,G9Q6C 79.5 Comdty,arithmetic
90,2,70.5999984741211,79.5,1.6767123287671233,0.0461899995803833,0.237,0.8880502952719634,-0.11872689877410575,0.3068863874376323,0.9254757570360517,2,G9Q6C 79.5 Comdty,arithmetic
90,3,70.98999786376953,79.5,1.6684931506849314,0.0454500007629394,0.237,0.8929559479719438,-0.11321802970098355,0.3061332908731455,0.9269709839123568,3,G9Q6C 79.5 Comdty,arithmetic
90,4,73.12999725341797,79.5,1.6602739726027398,0.0457499980926513,0.2253,0.9198741792882763,-0.08351837993495524,0.2903026976691271,0.9268555682786677,4,G9Q6C 79.5 Comdty,arithmetic
90,5,73.95999908447266,79.5,1.6575342465753424,0.0459600019454956,0.2211,0.9303144538927378,-0.0722326275200445,0.28465577409570914,0.9266491377910224,5,G9Q6C 79.5 Comdty,arithmetic
90,6,73.55999755859375,79.5,1.6493150684931508,0.0461800003051757,0.21739999999999998,0.9252829881584119,-0.0776556551134847,0.27919738939785116,0.9266629512960581,6,G9Q6C 79.5 Comdty,arithmetic
90,7,73.31999969482422,79.5,1.643835616438356,0.0469299983978271,0.2227,0.9222641471047072,-0.08092360285102665,0.28552846462233683,0.9257554215251036,7,G9Q6C 79.5 Comdty,arithmetic
90,8,75.44000244140625,79.5,1.6054794520547946,0.0459899997711181,0.20739999999999997,0.9489308483195755,-0.05241935097285968,0.26279138744462016,0.9288240088298473,8,G9Q6C 79.5 Comdty,arithmetic
90,9,73.16999816894531,79.5,1.5917808219178082,0.0452799987792968,0.1934,0.9203773354584316,-0.08297154578901225,0.24400465052832918,0.9304603329107698,9,G9Q6C 79.5 Comdty,arithmetic
91,0,70.0999984741211,80.0,1.6849315068493151,0.0459100008010864,0.2509,0.8762499809265136,-0.1321038624005116,0.32568052313683876,0.9255610296111034,0,G9Q6C 80 Comdty,arithmetic
91,1,69.62000274658203,80.0,1.6794520547945206,0.045789999961853,0.2457,0.8702500343322754,-0.1389747128395405,0.31841165898148655,0.9259804938404211,1,G9Q6C 80 Comdty,arithmetic
91,2,70.5999984741211,80.0,1.6767123287671233,0.0461899995803833,0.237,0.8824999809265137,-0.12499651178770106,0.3068863874376323,0.9254757570360517,2,G9Q6C 80 Comdty,arithmetic
91,3,70.98999786376953,80.0,1.6684931506849314,0.0454500007629394,0.237,0.8873749732971191,-0.11948764271457896,0.3061332908731455,0.9269709839123568,3,G9Q6C 80 Comdty,arithmetic
91,4,73.12999725341797,80.0,1.6602739726027398,0.0457499980926513,0.2253,0.9141249656677246,-0.08978799294855061,0.2903026976691271,0.9268555682786677,4,G9Q6C 80 Comdty,arithmetic
91,5,73.95999908447266,80.0,1.6575342465753424,0.0459600019454956,0.2211,0.9244999885559082,-0.0785022405336399,0.28465577409570914,0.9266491377910224,5,G9Q6C 80 Comdty,arithmetic
91,6,73.55999755859375,80.0,1.6493150684931508,0.0461800003051757,0.21739999999999998,0.9194999694824219,-0.0839252681270801,0.27919738939785116,0.9266629512960581,6,G9Q6C 80 Comdty,arithmetic
91,7,73.31999969482422,80.0,1.643835616438356,0.0469299983978271,0.2227,0.9164999961853028,-0.08719321586462203,0.28552846462233683,0.9257554215251036,7,G9Q6C 80 Comdty,arithmetic
91,8,75.44000244140625,80.0,1.6054794520547946,0.0459899997711181,0.20739999999999997,0.9430000305175781,-0.05868896398645518,0.26279138744462016,0.9288240088298473,8,G9Q6C 80 Comdty,arithmetic
91,9,73.16999816894531,80.0,1.5917808219178082,0.0452799987792968,0.1934,0.9146249771118165,-0.08924115880260758,0.24400465052832918,0.9304603329107698,9,G9Q6C 80 Comdty,arithmetic
92,0,70.0999984741211,69.0,2.684931506849315,0.0459100008010864,0.2509,1.0159420068713203,0.01581626767611076,0.4111187336411283,0.8840291801849322,0,G9Q7C 69 Comdty,arithmetic
92,1,69.62000274658203,69.0,2.6794520547945204,0.045789999961853,0.2457,1.0089855470519136,0.008945417237081752,0.4021871138852443,0.8845359608705481,1,G9Q7C 69 Comdty,arithmetic
92,2,70.5999984741211,69.0,2.6767123287671235,0.0461899995803833,0.237,1.0231883836829143,0.022923618288921026,0.38774766897367746,0.8837002643285112,2,G9Q7C 69 Comdty,arithmetic
92,3,70.98999786376953,69.0,2.668493150684931,0.0454500007629394,0.237,1.028840548750283,0.028432487362043214,0.3871518975554968,0.8857832335223691,3,G9Q7C 69 Comdty,arithmetic
92,4,73.12999725341797,69.0,2.66027397260274,0.0457499980926513,0.2253,1.0598550326582314,0.05813213712807164,0.36747210271525726,0.8854072864395447,4,G9Q7C 69 Comdty,arithmetic
92,5,73.95999908447266,69.0,2.6575342465753424,0.0459600019454956,0.2211,1.0718840447025022,0.06941788954298227,0.3604360133588587,0.8850242093568944,5,G9Q7C 69 Comdty,arithmetic
92,6,73.55999755859375,69.0,2.649315068493151,0.0461800003051757,0.21739999999999998,1.0660869211390398,0.06399486194954211,0.35385582126987164,0.8848427170007727,6,G9Q7C 69 Comdty,arithmetic
92,7,73.31999969482422,69.0,2.643835616438356,0.0469299983978271,0.2227,1.0626086912293364,0.06072691421200012,0.3621074344853873,0.8833134121179658,7,G9Q7C 69 Comdty,arithmetic
92,8,75.44000244140625,69.0,2.6054794520547944,0.0459899997711181,0.20739999999999997,1.0933333687160327,0.08923116609016718,0.3347746605032532,0.8870747748291311,8,G9Q7C 69 Comdty,arithmetic
92,9,73.16999816894531,69.0,2.591780821917808,0.0452799987792968,0.1934,1.0604347560716711,0.05867897127401456,0.3113548289001666,0.8892687061937996,9,G9Q7C 69 Comdty,arithmetic
93,0,70.0999984741211,71.07,1.7671232876712328,0.0459100008010864,0.2509,0.9863514629818644,-0.013742534565433631,0.33352937251277753,0.9220750758672918,0,G9U6C 71.07 Comdty,arithmetic
93,1,69.62000274658203,71.07,1.7616438356164383,0.045789999961853,0.2457,0.9795976184970034,-0.020613385004462675,0.32611007079508075,0.9225020589316892,1,G9U6C 71.07 Comdty,arithmetic
93,2,70.5999984741211,71.07,1.7589041095890412,0.0461899995803833,0.237,0.9933867802746743,-0.006635183952623163,0.31431812695342093,0.9219689063893527,2,G9U6C 71.07 Comdty,arithmetic
93,3,70.98999786376953,71.07,1.7506849315068491,0.0454500007629394,0.237,0.9988743191750322,-0.0011263148795009788,0.31358287886587205,0.9235146356240915,3,G9U6C 71.07 Comdty,arithmetic
93,4,73.12999725341797,71.07,1.7424657534246577,0.0457499980926513,0.2253,1.0289854686002249,0.028573334886527406,0.2974016114040968,0.923376882059513,4,G9U6C 71.07 Comdty,arithmetic
93,5,73.95999908447266,71.07,1.7397260273972603,0.0459600019454956,0.2211,1.0406641210703906,0.03985908730143801,0.29162796880920183,0.9231552920063099,5,G9U6C 71.07 Comdty,arithmetic
93,6,73.55999755859375,71.07,1.7315068493150685,0.0461800003051757,0.21739999999999998,1.0350358457660582,0.034436059707997874,0.2860695591242351,0.9231523607843002,6,G9U6C 71.07 Comdty,arithmetic
93,7,73.31999969482422,71.07,1.726027397260274,0.0469299983978271,0.2227,1.0316589235236278,0.03116811197045586,0.2925796119265122,0.9221914200953816,7,G9U6C 71.07 Comdty,arithmetic
93,8,75.44000244140625,71.07,1.6876712328767125,0.0459899997711181,0.20739999999999997,1.061488707491294,0.05967236384862287,0.26943417199957376,0.9253196814452692,8,G9U6C 71.07 Comdty,arithmetic
93,9,73.16999816894531,71.07,1.673972602739726,0.0452799987792968,0.1934,1.0295483068657003,0.02912016903247032,0.2502249681485273,0.9270039267874093,9,G9U6C 71.07 Comdty,arithmetic
94,0,70.0999984741211,71.85,1.7671232876712328,0.0459100008010864,0.2509,0.9756436809202659,-0.024657840251663756,0.33352937251277753,0.9220750758672918,0,G9U6C 71.85 Comdty,arithmetic
94,1,69.62000274658203,71.85,1.7616438356164383,0.045789999961853,0.2457,0.9689631558327354,-0.031528690690692765,0.32611007079508075,0.9225020589316892,1,G9U6C 71.85 Comdty,arithmetic
94,2,70.5999984741211,71.85,1.7589041095890412,0.0461899995803833,0.237,0.9826026231610452,-0.017550489638853403,0.31431812695342093,0.9219689063893527,2,G9U6C 71.85 Comdty,arithmetic
94,3,70.98999786376953,71.85,1.7506849315068491,0.0454500007629394,0.237,0.9880305896140507,-0.012041620565731128,0.31358287886587205,0.9235146356240915,3,G9U6C 71.85 Comdty,arithmetic
94,4,73.12999725341797,71.85,1.7424657534246577,0.0457499980926513,0.2253,1.017814853909784,0.017658029200297222,0.2974016114040968,0.923376882059513,4,G9U6C 71.85 Comdty,arithmetic
94,5,73.95999908447266,71.85,1.7397260273972603,0.0459600019454956,0.2211,1.0293667235138853,0.02894378161520777,0.29162796880920183,0.9231552920063099,5,G9U6C 71.85 Comdty,arithmetic
94,6,73.55999755859375,71.85,1.7315068493150685,0.0461800003051757,0.21739999999999998,1.0237995484842555,0.023520754021767697,0.2860695591242351,0.9231523607843002,6,G9U6C 71.85 Comdty,arithmetic
94,7,73.31999969482422,71.85,1.726027397260274,0.0469299983978271,0.2227,1.0204592859404902,0.020252806284225634,0.2925796119265122,0.9221914200953816,7,G9U6C 71.85 Comdty,arithmetic
94,8,75.44000244140625,71.85,1.6876712328767125,0.0459899997711181,0.20739999999999997,1.0499652392680063,0.04875705816239261,0.26943417199957376,0.9253196814452692,8,G9U6C 71.85 Comdty,arithmetic
94,9,73.16999816894531,71.85,1.673972602739726,0.0452799987792968,0.1934,1.01837158203125,0.018204863346240052,0.2502249681485273,0.9270039267874093,9,G9U6C 71.85 Comdty,arithmetic
95,0,70.0999984741211,72.75,1.7671232876712328,0.0459100008010864,0.2509,0.9635738621872315,-0.03710613377823187,0.33352937251277753,0.9220750758672918,0,G9U6C 72.75 Comdty,arithmetic
95,1,69.62000274658203,72.75,1.7616438356164383,0.045789999961853,0.2457,0.956975982770887,-0.04397698421726084,0.32611007079508075,0.9225020589316892,1,G9U6C 72.75 Comdty,arithmetic
95,2,70.5999984741211,72.75,1.7589041095890412,0.0461899995803833,0.237,0.9704467144209085,-0.02999878316542145,0.31431812695342093,0.9219689063893527,2,G9U6C 72.75 Comdty,arithmetic
95,3,70.98999786376953,72.75,1.7506849315068491,0.0454500007629394,0.237,0.9758075307734644,-0.024489914092299173,0.31358287886587205,0.9235146356240915,3,G9U6C 72.75 Comdty,arithmetic
95,4,73.12999725341797,72.75,1.7424657534246577,0.0457499980926513,0.2253,1.0052233299438895,0.005209735673729022,0.2974016114040968,0.923376882059513,4,G9U6C 72.75 Comdty,arithmetic
95,5,73.95999908447266,72.75,1.7397260273972603,0.0459600019454956,0.2211,1.01663228982093,0.016495488088639737,0.29162796880920183,0.9231552920063099,5,G9U6C 72.75 Comdty,arithmetic
95,6,73.55999755859375,72.75,1.7315068493150685,0.0461800003051757,0.21739999999999998,1.0111339870597078,0.011072460495199556,0.2860695591242351,0.9231523607843002,6,G9U6C 72.75 Comdty,arithmetic
95,7,73.31999969482422,72.75,1.726027397260274,0.0469299983978271,0.2227,1.0078350473515356,0.007804512757657629,0.2925796119265122,0.9221914200953816,7,G9U6C 72.75 Comdty,arithmetic
95,8,75.44000244140625,72.75,1.6876712328767125,0.0459899997711181,0.20739999999999997,1.0369759785760309,0.03630876463582451,0.26943417199957376,0.9253196814452692,8,G9U6C 72.75 Comdty,arithmetic
95,9,73.16999816894531,72.75,1.673972602739726,0.0452799987792968,0.1934,1.005773170707152,0.005756569819672024,0.2502249681485273,0.9270039267874093,9,G9U6C 72.75 Comdty,arithmetic
96,0,70.0999984741211,73.8,1.7671232876712328,0.0459100008010864,0.2509,0.9498644779691205,-0.05143595933305673,0.33352937251277753,0.9220750758672918,0,G9U6C 73.8 Comdty,arithmetic
96,1,69.62000274658203,73.8,1.7616438356164383,0.045789999961853,0.2457,0.9433604708208948,-0.058306809772085674,0.32611007079508075,0.9225020589316892,1,G9U6C 73.8 Comdty,arithmetic
96,2,70.5999984741211,73.8,1.7589041095890412,0.0461899995803833,0.237,0.956639545719798,-0.044328608720246306,0.31431812695342093,0.9219689063893527,2,G9U6C 73.8 Comdty,arithmetic
96,3,70.98999786376953,73.8,1.7506849315068491,0.0454500007629394,0.237,0.9619240902949802,-0.03881973964712406,0.31358287886587205,0.9235146356240915,3,G9U6C 73.8 Comdty,arithmetic
96,4,73.12999725341797,73.8,1.7424657534246577,0.0457499980926513,0.2253,0.9909213719975335,-0.009120089881095767,0.2974016114040968,0.923376882059513,4,G9U6C 73.8 Comdty,arithmetic
96,5,73.95999908447266,73.8,1.7397260273972603,0.0459600019454956,0.2211,1.0021680092746972,0.0021656625338148383,0.29162796880920183,0.9231552920063099,5,G9U6C 73.8 Comdty,arithmetic
96,6,73.55999755859375,73.8,1.7315068493150685,0.0461800003051757,0.21739999999999998,0.9967479343982893,-0.003257365059625212,0.2860695591242351,0.9231523607843002,6,G9U6C 73.8 Comdty,arithmetic
96,7,73.31999969482422,73.8,1.726027397260274,0.0469299983978271,0.2227,0.9934959308241764,-0.006525312797167239,0.2925796119265122,0.9221914200953816,7,G9U6C 73.8 Comdty,arithmetic
96,8,75.44000244140625,73.8,1.6876712328767125,0.0459899997711181,0.20739999999999997,1.0222222553036078,0.021978939080999717,0.26943417199957376,0.9253196814452692,8,G9U6C 73.8 Comdty,arithmetic
96,9,73.16999816894531,73.8,1.673972602739726,0.0452799987792968,0.1934,0.9914633898231072,-0.008573255735152822,0.2502249681485273,0.9270039267874093,9,G9U6C 73.8 Comdty,arithmetic
97,0,70.0999984741211,74.4,1.7671232876712328,0.0459100008010864,0.2509,0.9422042805661437,-0.059533169565676176,0.33352937251277753,0.9220750758672918,0,G9U6C 74.4 Comdty,arithmetic
97,1,69.62000274658203,74.4,1.7616438356164383,0.045789999961853,0.2457,0.9357527250884681,-0.06640402000470522,0.32611007079508075,0.9225020589316892,1,G9U6C 74.4 Comdty,arithmetic
97,2,70.5999984741211,74.4,1.7589041095890412,0.0461899995803833,0.237,0.9489247106736706,-0.052425818952865744,0.31431812695342093,0.9219689063893527,2,G9U6C 74.4 Comdty,arithmetic
97,3,70.98999786376953,74.4,1.7506849315068491,0.0454500007629394,0.237,0.9541666379538914,-0.046916949879743604,0.31358287886587205,0.9235146356240915,3,G9U6C 74.4 Comdty,arithmetic
97,4,73.12999725341797,74.4,1.7424657534246577,0.0457499980926513,0.2253,0.9829300706104565,-0.0172173001137153,0.2974016114040968,0.923376882059513,4,G9U6C 74.4 Comdty,arithmetic
97,5,73.95999908447266,74.4,1.7397260273972603,0.0459600019454956,0.2211,0.9940860091999012,-0.005931547698804567,0.29162796880920183,0.9231552920063099,5,G9U6C 74.4 Comdty,arithmetic
97,6,73.55999755859375,74.4,1.7315068493150685,0.0461800003051757,0.21739999999999998,0.9887096446047546,-0.011354575292244706,0.2860695591242351,0.9231523607843002,6,G9U6C 74.4 Comdty,arithmetic
97,7,73.31999969482422,74.4,1.726027397260274,0.0469299983978271,0.2227,0.9854838668659168,-0.014622523029786718,0.2925796119265122,0.9221914200953816,7,G9U6C 74.4 Comdty,arithmetic
97,8,75.44000244140625,74.4,1.6876712328767125,0.0459899997711181,0.20739999999999997,1.013978527438256,0.013881728848380256,0.26943417199957376,0.9253196814452692,8,G9U6C 74.4 Comdty,arithmetic
97,9,73.16999816894531,74.4,1.673972602739726,0.0452799987792968,0.1934,0.9834677173245336,-0.01667046596777233,0.2502249681485273,0.9270039267874093,9,G9U6C 74.4 Comdty,arithmetic
98,0,70.0999984741211,75.0,1.7671232876712328,0.0459100008010864,0.2509,0.9346666463216146,-0.06756534126294042,0.33352937251277753,0.9220750758672918,0,G9U6C 75 Comdty,arithmetic
98,1,69.62000274658203,75.0,1.7616438356164383,0.045789999961853,0.2457,0.9282667032877604,-0.0744361917019694,0.32611007079508075,0.9225020589316892,1,G9U6C 75 Comdty,arithmetic
98,2,70.5999984741211,75.0,1.7589041095890412,0.0461899995803833,0.237,0.9413333129882813,-0.06045799065012993,0.31431812695342093,0.9219689063893527,2,G9U6C 75 Comdty,arithmetic
98,3,70.98999786376953,75.0,1.7506849315068491,0.0454500007629394,0.237,0.9465333048502604,-0.05494912157700774,0.31358287886587205,0.9235146356240915,3,G9U6C 75 Comdty,arithmetic
98,4,73.12999725341797,75.0,1.7424657534246577,0.0457499980926513,0.2253,0.9750666300455729,-0.025249471810979432,0.2974016114040968,0.923376882059513,4,G9U6C 75 Comdty,arithmetic
98,5,73.95999908447266,75.0,1.7397260273972603,0.0459600019454956,0.2211,0.986133321126302,-0.013963719396068783,0.29162796880920183,0.9231552920063099,5,G9U6C 75 Comdty,arithmetic
98,6,73.55999755859375,75.0,1.7315068493150685,0.0461800003051757,0.21739999999999998,0.9807999674479166,-0.01938674698950892,0.2860695591242351,0.9231523607843002,6,G9U6C 75 Comdty,arithmetic
98,7,73.31999969482422,75.0,1.726027397260274,0.0469299983978271,0.2227,0.9775999959309896,-0.0226546947270509,0.2925796119265122,0.9221914200953816,7,G9U6C 75 Comdty,arithmetic
98,8,75.44000244140625,75.0,1.6876712328767125,0.0459899997711181,0.20739999999999997,1.00586669921875,0.005849557151115977,0.26943417199957376,0.9253196814452692,8,G9U6C 75 Comdty,arithmetic
98,9,73.16999816894531,75.0,1.673972602739726,0.0452799987792968,0.1934,0.9755999755859375,-0.024702637665036484,0.2502249681485273,0.9270039267874093,9,G9U6C 75 Comdty,arithmetic
99,0,70.0999984741211,75.8,1.7671232876712328,0.0459100008010864,0.2509,0.9248020906876134,-0.07817552037495587,0.33352937251277753,0.9220750758672918,0,G9U6C 75.8 Comdty,arithmetic
99,1,69.62000274658203,75.8,1.7616438356164383,0.045789999961853,0.2457,0.9184696932266759,-0.08504637081398485,0.32611007079508075,0.9225020589316892,1,G9U6C 75.8 Comdty,arithmetic
99,2,70.5999984741211,75.8,1.7589041095890412,0.0461899995803833,0.237,0.9313983967562149,-0.07106816976214551,0.31431812695342093,0.9219689063893527,2,G9U6C 75.8 Comdty,arithmetic
99,3,70.98999786376953,75.8,1.7506849315068491,0.0454500007629394,0.237,0.9365435074375928,-0.06555930068902321,0.31358287886587205,0.9235146356240915,3,G9U6C 75.8 Comdty,arithmetic
99,4,73.12999725341797,75.8,1.7424657534246577,0.0457499980926513,0.2253,0.9647756893590761,-0.03585965092299499,0.2974016114040968,0.923376882059513,4,G9U6C 75.8 Comdty,arithmetic
99,5,73.95999908447266,75.8,1.7397260273972603,0.0459600019454956,0.2211,0.9757255815893491,-0.02457389850808421,0.29162796880920183,0.9231552920063099,5,G9U6C 75.8 Comdty,arithmetic
99,6,73.55999755859375,75.8,1.7315068493150685,0.0461800003051757,0.21739999999999998,0.9704485166041392,-0.029996926101524386,0.2860695591242351,0.9231523607843002,6,G9U6C 75.8 Comdty,arithmetic
99,7,73.31999969482422,75.8,1.726027397260274,0.0469299983978271,0.2227,0.9672823178736705,-0.03326487383906637,0.2925796119265122,0.9221914200953816,7,G9U6C 75.8 Comdty,arithmetic
99,8,75.44000244140625,75.8,1.6876712328767125,0.0459899997711181,0.20739999999999997,0.9952506918391326,-0.004760621960899463,0.26943417199957376,0.9253196814452692,8,G9U6C 75.8 Comdty,arithmetic
99,9,73.16999816894531,75.8,1.673972602739726,0.0452799987792968,0.1934,0.9653034059227614,-0.03531281677705194,0.2502249681485273,0.9270039267874093,9,G9U6C 75.8 Comdty,arithmetic
100,0,70.0999984741211,77.0,1.7671232876712328,0.0459100008010864,0.2509,0.9103895905730012,-0.09388264958031385,0.33352937251277753,0.9220750758672918,0,G9U6C 77 Comdty,arithmetic
100,1,69.62000274658203,77.0,1.7616438356164383,0.045789999961853,0.2457,0.9041558798257406,-0.10075350001934281,0.32611007079508075,0.9225020589316892,1,G9U6C 77 Comdty,arithmetic
100,2,70.5999984741211,77.0,1.7589041095890412,0.0461899995803833,0.237,0.9168830970665077,-0.08677529896750334,0.31431812695342093,0.9219689063893527,2,G9U6C 77 Comdty,arithmetic
100,3,70.98999786376953,77.0,1.7506849315068491,0.0454500007629394,0.237,0.9219480242047992,-0.08126642989438111,0.31358287886587205,0.9235146356240915,3,G9U6C 77 Comdty,arithmetic
100,4,73.12999725341797,77.0,1.7424657534246577,0.0457499980926513,0.2253,0.9497402240703632,-0.0515667801283529,0.2974016114040968,0.923376882059513,4,G9U6C 77 Comdty,arithmetic
100,5,73.95999908447266,77.0,1.7397260273972603,0.0459600019454956,0.2211,0.960519468629515,-0.04028102771344218,0.29162796880920183,0.9231552920063099,5,G9U6C 77 Comdty,arithmetic
100,6,73.55999755859375,77.0,1.7315068493150685,0.0461800003051757,0.21739999999999998,0.9553246436181007,-0.0457040553068823,0.2860695591242351,0.9231523607843002,6,G9U6C 77 Comdty,arithmetic
100,7,73.31999969482422,77.0,1.726027397260274,0.0469299983978271,0.2227,0.9522077882444704,-0.04897200304442428,0.2925796119265122,0.9221914200953816,7,G9U6C 77 Comdty,arithmetic
100,8,75.44000244140625,77.0,1.6876712328767125,0.0459899997711181,0.20739999999999997,0.9797402914468344,-0.0204677511662574,0.26943417199957376,0.9253196814452692,8,G9U6C 77 Comdty,arithmetic
100,9,73.16999816894531,77.0,1.673972602739726,0.0452799987792968,0.1934,0.9502597164798092,-0.051019945982409894,0.2502249681485273,0.9270039267874093,9,G9U6C 77 Comdty,arithmetic
101,0,70.0999984741211,78.45,1.7671232876712328,0.0459100008010864,0.2509,0.8935627593896889,-0.11253870690567158,0.33352937251277753,0.9220750758672918,0,G9U6C 78.45 Comdty,arithmetic
101,1,69.62000274658203,78.45,1.7616438356164383,0.045789999961853,0.2457,0.887444267005507,-0.11940955734470059,0.32611007079508075,0.9225020589316892,1,G9U6C 78.45 Comdty,arithmetic
101,2,70.5999984741211,78.45,1.7589041095890412,0.0461899995803833,0.237,0.8999362456866933,-0.1054313562928612,0.31431812695342093,0.9219689063893527,2,G9U6C 78.45 Comdty,arithmetic
101,3,70.98999786376953,78.45,1.7506849315068491,0.0454500007629394,0.237,0.9049075572182221,-0.09992248721973898,0.31358287886587205,0.9235146356240915,3,G9U6C 78.45 Comdty,arithmetic
101,4,73.12999725341797,78.45,1.7424657534246577,0.0457499980926513,0.2253,0.9321860707892666,-0.07022283745371062,0.2974016114040968,0.923376882059513,4,G9U6C 78.45 Comdty,arithmetic
101,5,73.95999908447266,78.45,1.7397260273972603,0.0459600019454956,0.2211,0.9427660813826979,-0.05893708503879996,0.29162796880920183,0.9231552920063099,5,G9U6C 78.45 Comdty,arithmetic
101,6,73.55999755859375,78.45,1.7315068493150685,0.0461800003051757,0.21739999999999998,0.9376672728947578,-0.06436011263224004,0.2860695591242351,0.9231523607843002,6,G9U6C 78.45 Comdty,arithmetic
101,7,73.31999969482422,78.45,1.726027397260274,0.0469299983978271,0.2227,0.9346080267026668,-0.06762806036978211,0.2925796119265122,0.9221914200953816,7,G9U6C 78.45 Comdty,arithmetic
101,8,75.44000244140625,78.45,1.6876712328767125,0.0459899997711181,0.20739999999999997,0.9616316436125717,-0.03912380849161513,0.26943417199957376,0.9253196814452692,8,G9U6C 78.45 Comdty,arithmetic
101,9,73.16999816894531,78.45,1.673972602739726,0.0452799987792968,0.1934,0.932695961363229,-0.06967600330776762,0.2502249681485273,0.9270039267874093,9,G9U6C 78.45 Comdty,arithmetic
102,0,70.0999984741211,79.5,1.7671232876712328,0.0459100008010864,0.2509,0.8817609870958628,-0.12583424938691617,0.33352937251277753,0.9220750758672918,0,G9U6C 79.5 Comdty,arithmetic
102,1,69.62000274658203,79.5,1.7616438356164383,0.045789999961853,0.2457,0.8757233049884532,-0.1327050998259452,0.32611007079508075,0.9225020589316892,1,G9U6C 79.5 Comdty,arithmetic
102,2,70.5999984741211,79.5,1.7589041095890412,0.0461899995803833,0.237,0.8880502952719634,-0.11872689877410575,0.31431812695342093,0.9219689063893527,2,G9U6C 79.5 Comdty,arithmetic
102,3,70.98999786376953,79.5,1.7506849315068491,0.0454500007629394,0.237,0.8929559479719438,-0.11321802970098355,0.31358287886587205,0.9235146356240915,3,G9U6C 79.5 Comdty,arithmetic
102,4,73.12999725341797,79.5,1.7424657534246577,0.0457499980926513,0.2253,0.9198741792882763,-0.08351837993495524,0.2974016114040968,0.923376882059513,4,G9U6C 79.5 Comdty,arithmetic
102,5,73.95999908447266,79.5,1.7397260273972603,0.0459600019454956,0.2211,0.9303144538927378,-0.0722326275200445,0.29162796880920183,0.9231552920063099,5,G9U6C 79.5 Comdty,arithmetic
102,6,73.55999755859375,79.5,1.7315068493150685,0.0461800003051757,0.21739999999999998,0.9252829881584119,-0.0776556551134847,0.2860695591242351,0.9231523607843002,6,G9U6C 79.5 Comdty,arithmetic
102,7,73.31999969482422,79.5,1.726027397260274,0.0469299983978271,0.2227,0.9222641471047072,-0.08092360285102665,0.2925796119265122,0.9221914200953816,7,G9U6C 79.5 Comdty,arithmetic
102,8,75.44000244140625,79.5,1.6876712328767125,0.0459899997711181,0.20739999999999997,0.9489308483195755,-0.05241935097285968,0.26943417199957376,0.9253196814452692,8,G9U6C 79.5 Comdty,arithmetic
102,9,73.16999816894531,79.5,1.673972602739726,0.0452799987792968,0.1934,0.9203773354584316,-0.08297154578901225,0.2502249681485273,0.9270039267874093,9,G9U6C 79.5 Comdty,arithmetic
103,0,70.0999984741211,71.1,1.8493150684931507,0.0459100008010864,0.2509,0.9859352809299733,-0.014164564535825047,0.34119771615127986,0.9186022513209239,0,G9V6C 71.1 Comdty,arithmetic
103,1,69.62000274658203,71.1,1.8438356164383565,0.045789999961853,0.2457,0.9791842861685237,-0.021035414974854064,0.3336308918139967,0.9190366907230605,1,G9V6C 71.1 Comdty,arithmetic
103,2,70.5999984741211,71.1,1.841095890410959,0.0461899995803833,0.237,0.9929676297344739,-0.0070572139230146505,0.32157816323328475,0.9184753440447673,2,G9V6C 71.1 Comdty,arithmetic
103,3,70.98999786376953,71.1,1.832876712328767,0.0454500007629394,0.237,0.9984528532175744,-0.0015483448498924118,0.32085955191453236,0.9200711748411496,3,G9V6C 71.1 Comdty,arithmetic
103,4,73.12999725341797,71.1,1.8246575342465752,0.0457499980926513,0.2253,1.0285512975164273,0.028151304916135947,0.3043349809955047,0.9199112520901404,4,G9V6C 71.1 Comdty,arithmetic
103,5,73.95999908447266,71.1,1.821917808219178,0.0459600019454956,0.2211,1.0402250222851288,0.03943705733104654,0.29843732115393046,0.9196746194474381,5,G9V6C 71.1 Comdty,arithmetic
103,6,73.55999755859375,71.1,1.8136986301369864,0.0461800003051757,0.21739999999999998,1.0345991217805028,0.03401402973760638,0.29278046906939187,0.9196550698716294,6,G9V6C 71.1 Comdty,arithmetic
103,7,73.31999969482422,71.1,1.8082191780821917,0.0469299983978271,0.2227,1.031223624399778,0.03074608200006443,0.29946478010034494,0.9186411394669595,7,G9V6C 71.1 Comdty,arithmetic
103,8,75.44000244140625,71.1,1.7698630136986302,0.0459899997711181,0.20739999999999997,1.0610408219607068,0.05925033387823135,0.2759170758889766,0.9218285754140385,8,G9V6C 71.1 Comdty,arithmetic
103,9,73.16999816894531,71.1,1.7561643835616438,0.0452799987792968,0.1934,1.0291138982974024,0.028698139062078777,0.2562943617998862,0.9235603602692065,9,G9V6C 71.1 Comdty,arithmetic
104,0,70.0999984741211,75.8,1.8493150684931507,0.0459100008010864,0.2509,0.9248020906876134,-0.07817552037495587,0.34119771615127986,0.9186022513209239,0,G9V6C 75.8 Comdty,arithmetic
104,1,69.62000274658203,75.8,1.8438356164383565,0.045789999961853,0.2457,0.9184696932266759,-0.08504637081398485,0.3336308918139967,0.9190366907230605,1,G9V6C 75.8 Comdty,arithmetic
104,2,70.5999984741211,75.8,1.841095890410959,0.0461899995803833,0.237,0.9313983967562149,-0.07106816976214551,0.32157816323328475,0.9184753440447673,2,G9V6C 75.8 Comdty,arithmetic
104,3,70.98999786376953,75.8,1.832876712328767,0.0454500007629394,0.237,0.9365435074375928,-0.06555930068902321,0.32085955191453236,0.9200711748411496,3,G9V6C 75.8 Comdty,arithmetic
104,4,73.12999725341797,75.8,1.8246575342465752,0.0457499980926513,0.2253,0.9647756893590761,-0.03585965092299499,0.3043349809955047,0.9199112520901404,4,G9V6C 75.8 Comdty,arithmetic
104,5,73.95999908447266,75.8,1.821917808219178,0.0459600019454956,0.2211,0.9757255815893491,-0.02457389850808421,0.29843732115393046,0.9196746194474381,5,G9V6C 75.8 Comdty,arithmetic
104,6,73.55999755859375,75.8,1.8136986301369864,0.0461800003051757,0.21739999999999998,0.9704485166041392,-0.029996926101524386,0.29278046906939187,0.9196550698716294,6,G9V6C 75.8 Comdty,arithmetic
104,7,73.31999969482422,75.8,1.8082191780821917,0.0469299983978271,0.2227,0.9672823178736705,-0.03326487383906637,0.29946478010034494,0.9186411394669595,7,G9V6C 75.8 Comdty,arithmetic
104,8,75.44000244140625,75.8,1.7698630136986302,0.0459899997711181,0.20739999999999997,0.9952506918391326,-0.004760621960899463,0.2759170758889766,0.9218285754140385,8,G9V6C 75.8 Comdty,arithmetic
104,9,73.16999816894531,75.8,1.7561643835616438,0.0452799987792968,0.1934,0.9653034059227614,-0.03531281677705194,0.2562943617998862,0.9235603602692065,9,G9V6C 75.8 Comdty,arithmetic
105,0,70.0999984741211,76.55,1.8493150684931507,0.0459100008010864,0.2509,0.9157413255926988,-0.0880213498303227,0.34119771615127986,0.9186022513209239,0,G9V6C 76.55 Comdty,arithmetic
105,1,69.62000274658203,76.55,1.8438356164383565,0.045789999961853,0.2457,0.9094709699096282,-0.09489220026935162,0.3336308918139967,0.9190366907230605,1,G9V6C 76.55 Comdty,arithmetic
105,2,70.5999984741211,76.55,1.841095890410959,0.0461899995803833,0.237,0.9222730042341097,-0.08091399921751218,0.32157816323328475,0.9184753440447673,2,G9V6C 76.55 Comdty,arithmetic
105,3,70.98999786376953,76.55,1.832876712328767,0.0454500007629394,0.237,0.9273677056011697,-0.07540513014438999,0.32085955191453236,0.9200711748411496,3,G9V6C 76.55 Comdty,arithmetic
105,4,73.12999725341797,76.55,1.8246575342465752,0.0457499980926513,0.2253,0.9553232822131675,-0.045705480378361675,0.3043349809955047,0.9199112520901404,4,G9V6C 76.55 Comdty,arithmetic
105,5,73.95999908447266,76.55,1.821917808219178,0.0459600019454956,0.2211,0.9661658926776311,-0.034419727963451004,0.29843732115393046,0.9196746194474381,5,G9V6C 76.55 Comdty,arithmetic
105,6,73.55999755859375,76.55,1.8136986301369864,0.0461800003051757,0.21739999999999998,0.9609405298314011,-0.03984275555689115,0.29278046906939187,0.9196550698716294,6,G9V6C 76.55 Comdty,arithmetic
105,7,73.31999969482422,76.55,1.8082191780821917,0.0469299983978271,0.2227,0.9578053519898657,-0.04311070329443318,0.29946478010034494,0.9186411394669595,7,G9V6C 76.55 Comdty,arithmetic
105,8,75.44000244140625,76.55,1.7698630136986302,0.0459899997711181,0.20739999999999997,0.9854997053090301,-0.014606451416266245,0.2759170758889766,0.9218285754140385,8,G9V6C 76.55 Comdty,arithmetic
105,9,73.16999816894531,76.55,1.7561643835616438,0.0452799987792968,0.1934,0.9558458284643412,-0.045158646232418706,0.2562943617998862,0.9235603602692065,9,G9V6C 76.55 Comdty,arithmetic
106,0,70.0999984741211,77.0,1.8493150684931507,0.0459100008010864,0.2509,0.9103895905730012,-0.09388264958031385,0.34119771615127986,0.9186022513209239,0,G9V6C 77 Comdty,arithmetic
106,1,69.62000274658203,77.0,1.8438356164383565,0.045789999961853,0.2457,0.9041558798257406,-0.10075350001934281,0.3336308918139967,0.9190366907230605,1,G9V6C 77 Comdty,arithmetic
106,2,70.5999984741211,77.0,1.841095890410959,0.0461899995803833,0.237,0.9168830970665077,-0.08677529896750334,0.32157816323328475,0.9184753440447673,2,G9V6C 77 Comdty,arithmetic
106,3,70.98999786376953,77.0,1.832876712328767,0.0454500007629394,0.237,0.9219480242047992,-0.08126642989438111,0.32085955191453236,0.9200711748411496,3,G9V6C 77 Comdty,arithmetic
106,4,73.12999725341797,77.0,1.8246575342465752,0.0457499980926513,0.2253,0.9497402240703632,-0.0515667801283529,0.3043349809955047,0.9199112520901404,4,G9V6C 77 Comdty,arithmetic
106,5,73.95999908447266,77.0,1.821917808219178,0.0459600019454956,0.2211,0.960519468629515,-0.04028102771344218,0.29843732115393046,0.9196746194474381,5,G9V6C 77 Comdty,arithmetic
106,6,73.55999755859375,77.0,1.8136986301369864,0.0461800003051757,0.21739999999999998,0.9553246436181007,-0.0457040553068823,0.29278046906939187,0.9196550698716294,6,G9V6C 77 Comdty,arithmetic
106,7,73.31999969482422,77.0,1.8082191780821917,0.0469299983978271,0.2227,0.9522077882444704,-0.04897200304442428,0.29946478010034494,0.9186411394669595,7,G9V6C 77 Comdty,arithmetic
106,8,75.44000244140625,77.0,1.7698630136986302,0.0459899997711181,0.20739999999999997,0.9797402914468344,-0.0204677511662574,0.2759170758889766,0.9218285754140385,8,G9V6C 77 Comdty,arithmetic
106,9,73.16999816894531,77.0,1.7561643835616438,0.0452799987792968,0.1934,0.9502597164798092,-0.051019945982409894,0.2562943617998862,0.9235603602692065,9,G9V6C 77 Comdty,arithmetic
107,0,70.0999984741211,71.1,1.9342465753424656,0.0459100008010864,0.2509,0.9859352809299733,-0.014164564535825047,0.34894467850582594,0.9150274063835115,0,G9X6C 71.1 Comdty,arithmetic
107,1,69.62000274658203,71.1,1.9287671232876713,0.045789999961853,0.2457,0.9791842861685237,-0.021035414974854064,0.3412283088996582,0.9154694853974489,1,G9X6C 71.1 Comdty,arithmetic
107,2,70.5999984741211,71.1,1.926027397260274,0.0461899995803833,0.237,0.9929676297344739,-0.0070572139230146505,0.32891189227012196,0.9148792362373896,2,G9X6C 71.1 Comdty,arithmetic
107,3,70.98999786376953,71.1,1.917808219178082,0.0454500007629394,0.237,0.9984528532175744,-0.0015483448498924118,0.328209338476244,0.9165264200307847,3,G9X6C 71.1 Comdty,arithmetic
107,4,73.12999725341797,71.1,1.9095890410958904,0.0457499980926513,0.2253,1.0285512975164273,0.028151304916135947,0.311337295531777,0.9163437653869059,4,G9X6C 71.1 Comdty,arithmetic
107,5,73.95999908447266,71.1,1.906849315068493,0.0459600019454956,0.2211,1.0402250222851288,0.03943705733104654,0.3053141483873282,0.9160917109179578,5,G9X6C 71.1 Comdty,arithmetic
107,6,73.55999755859375,71.1,1.8986301369863017,0.0461800003051757,0.21739999999999998,1.0345991217805028,0.03401402973760638,0.29955717399713644,0.9160551210447585,6,G9X6C 71.1 Comdty,arithmetic
107,7,73.31999969482422,71.1,1.893150684931507,0.0469299983978271,0.2227,1.031223624399778,0.03074608200006443,0.30641696629409526,0.9149868745069226,7,G9X6C 71.1 Comdty,arithmetic
107,8,75.44000244140625,71.1,1.8547945205479452,0.0459899997711181,0.20739999999999997,1.0610408219607068,0.05925033387823135,0.28245980448673563,0.9182349359631664,8,G9X6C 71.1 Comdty,arithmetic
107,9,73.16999816894531,71.1,1.841095890410959,0.0452799987792968,0.1934,1.0291138982974024,0.028698139062078777,0.26241863615745686,0.9200154462568458,9,G9X6C 71.1 Comdty,arithmetic
108,0,70.0999984741211,71.85,1.9342465753424656,0.0459100008010864,0.2509,0.9756436809202659,-0.024657840251663756,0.34894467850582594,0.9150274063835115,0,G9X6C 71.85 Comdty,arithmetic
108,1,69.62000274658203,71.85,1.9287671232876713,0.045789999961853,0.2457,0.9689631558327354,-0.031528690690692765,0.3412283088996582,0.9154694853974489,1,G9X6C 71.85 Comdty,arithmetic
108,2,70.5999984741211,71.85,1.926027397260274,0.0461899995803833,0.237,0.9826026231610452,-0.017550489638853403,0.32891189227012196,0.9148792362373896,2,G9X6C 71.85 Comdty,arithmetic
108,3,70.98999786376953,71.85,1.917808219178082,0.0454500007629394,0.237,0.9880305896140507,-0.012041620565731128,0.328209338476244,0.9165264200307847,3,G9X6C 71.85 Comdty,arithmetic
108,4,73.12999725341797,71.85,1.9095890410958904,0.0457499980926513,0.2253,1.017814853909784,0.017658029200297222,0.311337295531777,0.9163437653869059,4,G9X6C 71.85 Comdty,arithmetic
108,5,73.95999908447266,71.85,1.906849315068493,0.0459600019454956,0.2211,1.0293667235138853,0.02894378161520777,0.3053141483873282,0.9160917109179578,5,G9X6C 71.85 Comdty,arithmetic
108,6,73.55999755859375,71.85,1.8986301369863017,0.0461800003051757,0.21739999999999998,1.0237995484842555,0.023520754021767697,0.29955717399713644,0.9160551210447585,6,G9X6C 71.85 Comdty,arithmetic
108,7,73.31999969482422,71.85,1.893150684931507,0.0469299983978271,0.2227,1.0204592859404902,0.020252806284225634,0.30641696629409526,0.9149868745069226,7,G9X6C 71.85 Comdty,arithmetic
108,8,75.44000244140625,71.85,1.8547945205479452,0.0459899997711181,0.20739999999999997,1.0499652392680063,0.04875705816239261,0.28245980448673563,0.9182349359631664,8,G9X6C 71.85 Comdty,arithmetic
108,9,73.16999816894531,71.85,1.841095890410959,0.0452799987792968,0.1934,1.01837158203125,0.018204863346240052,0.26241863615745686,0.9200154462568458,9,G9X6C 71.85 Comdty,arithmetic
109,0,70.0999984741211,75.8,1.9342465753424656,0.0459100008010864,0.2509,0.9248020906876134,-0.07817552037495587,0.34894467850582594,0.9150274063835115,0,G9X6C 75.8 Comdty,arithmetic
109,1,69.62000274658203,75.8,1.9287671232876713,0.045789999961853,0.2457,0.9184696932266759,-0.08504637081398485,0.3412283088996582,0.9154694853974489,1,G9X6C 75.8 Comdty,arithmetic
109,2,70.5999984741211,75.8,1.926027397260274,0.0461899995803833,0.237,0.9313983967562149,-0.07106816976214551,0.32891189227012196,0.9148792362373896,2,G9X6C 75.8 Comdty,arithmetic
109,3,70.98999786376953,75.8,1.917808219178082,0.0454500007629394,0.237,0.9365435074375928,-0.06555930068902321,0.328209338476244,0.9165264200307847,3,G9X6C 75.8 Comdty,arithmetic
109,4,73.12999725341797,75.8,1.9095890410958904,0.0457499980926513,0.2253,0.9647756893590761,-0.03585965092299499,0.311337295531777,0.9163437653869059,4,G9X6C 75.8 Comdty,arithmetic
109,5,73.95999908447266,75.8,1.906849315068493,0.0459600019454956,0.2211,0.9757255815893491,-0.02457389850808421,0.3053141483873282,0.9160917109179578,5,G9X6C 75.8 Comdty,arithmetic
109,6,73.55999755859375,75.8,1.8986301369863017,0.0461800003051757,0.21739999999999998,0.9704485166041392,-0.029996926101524386,0.29955717399713644,0.9160551210447585,6,G9X6C 75.8 Comdty,arithmetic
109,7,73.31999969482422,75.8,1.893150684931507,0.0469299983978271,0.2227,0.9672823178736705,-0.03326487383906637,0.30641696629409526,0.9149868745069226,7,G9X6C 75.8 Comdty,arithmetic
109,8,75.44000244140625,75.8,1.8547945205479452,0.0459899997711181,0.20739999999999997,0.9952506918391326,-0.004760621960899463,0.28245980448673563,0.9182349359631664,8,G9X6C 75.8 Comdty,arithmetic
109,9,73.16999816894531,75.8,1.841095890410959,0.0452799987792968,0.1934,0.9653034059227614,-0.03531281677705194,0.26241863615745686,0.9200154462568458,9,G9X6C 75.8 Comdty,arithmetic
110,0,70.0999984741211,76.55,1.9342465753424656,0.0459100008010864,0.2509,0.9157413255926988,-0.0880213498303227,0.34894467850582594,0.9150274063835115,0,G9X6C 76.55 Comdty,arithmetic
110,1,69.62000274658203,76.55,1.9287671232876713,0.045789999961853,0.2457,0.9094709699096282,-0.09489220026935162,0.3412283088996582,0.9154694853974489,1,G9X6C 76.55 Comdty,arithmetic
110,2,70.5999984741211,76.55,1.926027397260274,0.0461899995803833,0.237,0.9222730042341097,-0.08091399921751218,0.32891189227012196,0.9148792362373896,2,G9X6C 76.55 Comdty,arithmetic
110,3,70.98999786376953,76.55,1.917808219178082,0.0454500007629394,0.237,0.9273677056011697,-0.07540513014438999,0.328209338476244,0.9165264200307847,3,G9X6C 76.55 Comdty,arithmetic
110,4,73.12999725341797,76.55,1.9095890410958904,0.0457499980926513,0.2253,0.9553232822131675,-0.045705480378361675,0.311337295531777,0.9163437653869059,4,G9X6C 76.55 Comdty,arithmetic
110,5,73.95999908447266,76.55,1.906849315068493,0.0459600019454956,0.2211,0.9661658926776311,-0.034419727963451004,0.3053141483873282,0.9160917109179578,5,G9X6C 76.55 Comdty,arithmetic
110,6,73.55999755859375,76.55,1.8986301369863017,0.0461800003051757,0.21739999999999998,0.9609405298314011,-0.03984275555689115,0.29955717399713644,0.9160551210447585,6,G9X6C 76.55 Comdty,arithmetic
110,7,73.31999969482422,76.55,1.893150684931507,0.0469299983978271,0.2227,0.9578053519898657,-0.04311070329443318,0.30641696629409526,0.9149868745069226,7,G9X6C 76.55 Comdty,arithmetic
110,8,75.44000244140625,76.55,1.8547945205479452,0.0459899997711181,0.20739999999999997,0.9854997053090301,-0.014606451416266245,0.28245980448673563,0.9182349359631664,8,G9X6C 76.55 Comdty,arithmetic
110,9,73.16999816894531,76.55,1.841095890410959,0.0452799987792968,0.1934,0.9558458284643412,-0.045158646232418706,0.26241863615745686,0.9200154462568458,9,G9X6C 76.55 Comdty,arithmetic
111,0,70.0999984741211,77.0,1.9342465753424656,0.0459100008010864,0.2509,0.9103895905730012,-0.09388264958031385,0.34894467850582594,0.9150274063835115,0,G9X6C 77 Comdty,arithmetic
111,1,69.62000274658203,77.0,1.9287671232876713,0.045789999961853,0.2457,0.9041558798257406,-0.10075350001934281,0.3412283088996582,0.9154694853974489,1,G9X6C 77 Comdty,arithmetic
111,2,70.5999984741211,77.0,1.926027397260274,0.0461899995803833,0.237,0.9168830970665077,-0.08677529896750334,0.32891189227012196,0.9148792362373896,2,G9X6C 77 Comdty,arithmetic
111,3,70.98999786376953,77.0,1.917808219178082,0.0454500007629394,0.237,0.9219480242047992,-0.08126642989438111,0.328209338476244,0.9165264200307847,3,G9X6C 77 Comdty,arithmetic
111,4,73.12999725341797,77.0,1.9095890410958904,0.0457499980926513,0.2253,0.9497402240703632,-0.0515667801283529,0.311337295531777,0.9163437653869059,4,G9X6C 77 Comdty,arithmetic
111,5,73.95999908447266,77.0,1.906849315068493,0.0459600019454956,0.2211,0.960519468629515,-0.04028102771344218,0.3053141483873282,0.9160917109179578,5,G9X6C 77 Comdty,arithmetic
111,6,73.55999755859375,77.0,1.8986301369863017,0.0461800003051757,0.21739999999999998,0.9553246436181007,-0.0457040553068823,0.29955717399713644,0.9160551210447585,6,G9X6C 77 Comdty,arithmetic
111,7,73.31999969482422,77.0,1.893150684931507,0.0469299983978271,0.2227,0.9522077882444704,-0.04897200304442428,0.30641696629409526,0.9149868745069226,7,G9X6C 77 Comdty,arithmetic
111,8,75.44000244140625,77.0,1.8547945205479452,0.0459899997711181,0.20739999999999997,0.9797402914468344,-0.0204677511662574,0.28245980448673563,0.9182349359631664,8,G9X6C 77 Comdty,arithmetic
111,9,73.16999816894531,77.0,1.841095890410959,0.0452799987792968,0.1934,0.9502597164798092,-0.051019945982409894,0.26241863615745686,0.9200154462568458,9,G9X6C 77 Comdty,arithmetic
112,0,70.0999984741211,69.0,2.0191780821917806,0.0459100008010864,0.2509,1.0159420068713203,0.01581626767611076,0.3565233453901991,0.9114664733609767,0,G9Z6C 69 Comdty,arithmetic
112,1,69.62000274658203,69.0,2.0136986301369864,0.045789999961853,0.2457,1.0089855470519136,0.008945417237081752,0.3486602151327828,0.9119161260411697,1,G9Z6C 69 Comdty,arithmetic
112,2,70.5999984741211,69.0,2.010958904109589,0.0461899995803833,0.237,1.0231883836829143,0.022923618288921026,0.33608562998874486,0.9112972082759722,2,G9Z6C 69 Comdty,arithmetic
112,3,70.98999786376953,69.0,2.002739726027398,0.0454500007629394,0.237,1.028840548750283,0.028432487362043214,0.33539810326123326,0.9129953220841592,3,G9Z6C 69 Comdty,arithmetic
112,4,73.12999725341797,69.0,1.9945205479452055,0.0457499980926513,0.2253,1.0598550326582314,0.05813213712807164,0.3181855473156315,0.9127901136719367,4,G9Z6C 69 Comdty,arithmetic
112,5,73.95999908447266,69.0,1.991780821917808,0.0459600019454956,0.2211,1.0718840447025022,0.06941788954298227,0.3120394586481406,0.9125227608399333,5,G9Z6C 69 Comdty,arithmetic
112,6,73.55999755859375,69.0,1.9835616438356165,0.0461800003051757,0.21739999999999998,1.0660869211390398,0.06399486194954211,0.3061839282487051,0.9124692640572964,6,G9Z6C 69 Comdty,arithmetic
112,7,73.31999969482422,69.0,1.978082191780822,0.0469299983978271,0.2227,1.0626086912293364,0.06072691421200012,0.3132148782309127,0.9113471458569032,7,G9Z6C 69 Comdty,arithmetic
112,8,75.44000244140625,69.0,1.9397260273972603,0.0459899997711181,0.20739999999999997,1.0933333687160327,0.08923116609016718,0.28885437426884597,0.9146553058897938,8,G9Z6C 69 Comdty,arithmetic
112,9,73.16999816894531,69.0,1.926027397260274,0.0452799987792968,0.1934,1.0604347560716711,0.05867897127401456,0.268403206603551,0.9164841387350792,9,G9Z6C 69 Comdty,arithmetic
113,0,70.0999984741211,71.1,2.0191780821917806,0.0459100008010864,0.2509,0.9859352809299733,-0.014164564535825047,0.3565233453901991,0.9114664733609767,0,G9Z6C 71.1 Comdty,arithmetic
113,1,69.62000274658203,71.1,2.0136986301369864,0.045789999961853,0.2457,0.9791842861685237,-0.021035414974854064,0.3486602151327828,0.9119161260411697,1,G9Z6C 71.1 Comdty,arithmetic
113,2,70.5999984741211,71.1,2.010958904109589,0.0461899995803833,0.237,0.9929676297344739,-0.0070572139230146505,0.33608562998874486,0.9112972082759722,2,G9Z6C 71.1 Comdty,arithmetic
113,3,70.98999786376953,71.1,2.002739726027398,0.0454500007629394,0.237,0.9984528532175744,-0.0015483448498924118,0.33539810326123326,0.9129953220841592,3,G9Z6C 71.1 Comdty,arithmetic
113,4,73.12999725341797,71.1,1.9945205479452055,0.0457499980926513,0.2253,1.0285512975164273,0.028151304916135947,0.3181855473156315,0.9127901136719367,4,G9Z6C 71.1 Comdty,arithmetic
113,5,73.95999908447266,71.1,1.991780821917808,0.0459600019454956,0.2211,1.0402250222851288,0.03943705733104654,0.3120394586481406,0.9125227608399333,5,G9Z6C 71.1 Comdty,arithmetic
113,6,73.55999755859375,71.1,1.9835616438356165,0.0461800003051757,0.21739999999999998,1.0345991217805028,0.03401402973760638,0.3061839282487051,0.9124692640572964,6,G9Z6C 71.1 Comdty,arithmetic
113,7,73.31999969482422,71.1,1.978082191780822,0.0469299983978271,0.2227,1.031223624399778,0.03074608200006443,0.3132148782309127,0.9113471458569032,7,G9Z6C 71.1 Comdty,arithmetic
113,8,75.44000244140625,71.1,1.9397260273972603,0.0459899997711181,0.20739999999999997,1.0610408219607068,0.05925033387823135,0.28885437426884597,0.9146553058897938,8,G9Z6C 71.1 Comdty,arithmetic
113,9,73.16999816894531,71.1,1.926027397260274,0.0452799987792968,0.1934,1.0291138982974024,0.028698139062078777,0.268403206603551,0.9164841387350792,9,G9Z6C 71.1 Comdty,arithmetic
114,0,70.0999984741211,71.85,2.0191780821917806,0.0459100008010864,0.2509,0.9756436809202659,-0.024657840251663756,0.3565233453901991,0.9114664733609767,0,G9Z6C 71.85 Comdty,arithmetic
114,1,69.62000274658203,71.85,2.0136986301369864,0.045789999961853,0.2457,0.9689631558327354,-0.031528690690692765,0.3486602151327828,0.9119161260411697,1,G9Z6C 71.85 Comdty,arithmetic
114,2,70.5999984741211,71.85,2.010958904109589,0.0461899995803833,0.237,0.9826026231610452,-0.017550489638853403,0.33608562998874486,0.9112972082759722,2,G9Z6C 71.85 Comdty,arithmetic
114,3,70.98999786376953,71.85,2.002739726027398,0.0454500007629394,0.237,0.9880305896140507,-0.012041620565731128,0.33539810326123326,0.9129953220841592,3,G9Z6C 71.85 Comdty,arithmetic
114,4,73.12999725341797,71.85,1.9945205479452055,0.0457499980926513,0.2253,1.017814853909784,0.017658029200297222,0.3181855473156315,0.9127901136719367,4,G9Z6C 71.85 Comdty,arithmetic
114,5,73.95999908447266,71.85,1.991780821917808,0.0459600019454956,0.2211,1.0293667235138853,0.02894378161520777,0.3120394586481406,0.9125227608399333,5,G9Z6C 71.85 Comdty,arithmetic
114,6,73.55999755859375,71.85,1.9835616438356165,0.0461800003051757,0.21739999999999998,1.0237995484842555,0.023520754021767697,0.3061839282487051,0.9124692640572964,6,G9Z6C 71.85 Comdty,arithmetic
114,7,73.31999969482422,71.85,1.978082191780822,0.0469299983978271,0.2227,1.0204592859404902,0.020252806284225634,0.3132148782309127,0.9113471458569032,7,G9Z6C 71.85 Comdty,arithmetic
114,8,75.44000244140625,71.85,1.9397260273972603,0.0459899997711181,0.20739999999999997,1.0499652392680063,0.04875705816239261,0.28885437426884597,0.9146553058897938,8,G9Z6C 71.85 Comdty,arithmetic
114,9,73.16999816894531,71.85,1.926027397260274,0.0452799987792968,0.1934,1.01837158203125,0.018204863346240052,0.268403206603551,0.9164841387350792,9,G9Z6C 71.85 Comdty,arithmetic
115,0,70.0999984741211,74.4,2.0191780821917806,0.0459100008010864,0.2509,0.9422042805661437,-0.059533169565676176,0.3565233453901991,0.9114664733609767,0,G9Z6C 74.4 Comdty,arithmetic
115,1,69.62000274658203,74.4,2.0136986301369864,0.045789999961853,0.2457,0.9357527250884681,-0.06640402000470522,0.3486602151327828,0.9119161260411697,1,G9Z6C 74.4 Comdty,arithmetic
115,2,70.5999984741211,74.4,2.010958904109589,0.0461899995803833,0.237,0.9489247106736706,-0.052425818952865744,0.33608562998874486,0.9112972082759722,2,G9Z6C 74.4 Comdty,arithmetic
115,3,70.98999786376953,74.4,2.002739726027398,0.0454500007629394,0.237,0.9541666379538914,-0.046916949879743604,0.33539810326123326,0.9129953220841592,3,G9Z6C 74.4 Comdty,arithmetic
115,4,73.12999725341797,74.4,1.9945205479452055,0.0457499980926513,0.2253,0.9829300706104565,-0.0172173001137153,0.3181855473156315,0.9127901136719367,4,G9Z6C 74.4 Comdty,arithmetic
115,5,73.95999908447266,74.4,1.991780821917808,0.0459600019454956,0.2211,0.9940860091999012,-0.005931547698804567,0.3120394586481406,0.9125227608399333,5,G9Z6C 74.4 Comdty,arithmetic
115,6,73.55999755859375,74.4,1.9835616438356165,0.0461800003051757,0.21739999999999998,0.9887096446047546,-0.011354575292244706,0.3061839282487051,0.9124692640572964,6,G9Z6C 74.4 Comdty,arithmetic
115,7,73.31999969482422,74.4,1.978082191780822,0.0469299983978271,0.2227,0.9854838668659168,-0.014622523029786718,0.3132148782309127,0.9113471458569032,7,G9Z6C 74.4 Comdty,arithmetic
115,8,75.44000244140625,74.4,1.9397260273972603,0.0459899997711181,0.20739999999999997,1.013978527438256,0.013881728848380256,0.28885437426884597,0.9146553058897938,8,G9Z6C 74.4 Comdty,arithmetic
115,9,73.16999816894531,74.4,1.926027397260274,0.0452799987792968,0.1934,0.9834677173245336,-0.01667046596777233,0.268403206603551,0.9164841387350792,9,G9Z6C 74.4 Comdty,arithmetic
116,0,70.0999984741211,75.0,2.0191780821917806,0.0459100008010864,0.2509,0.9346666463216146,-0.06756534126294042,0.3565233453901991,0.9114664733609767,0,G9Z6C 75 Comdty,arithmetic
116,1,69.62000274658203,75.0,2.0136986301369864,0.045789999961853,0.2457,0.9282667032877604,-0.0744361917019694,0.3486602151327828,0.9119161260411697,1,G9Z6C 75 Comdty,arithmetic
116,2,70.5999984741211,75.0,2.010958904109589,0.0461899995803833,0.237,0.9413333129882813,-0.06045799065012993,0.33608562998874486,0.9112972082759722,2,G9Z6C 75 Comdty,arithmetic
116,3,70.98999786376953,75.0,2.002739726027398,0.0454500007629394,0.237,0.9465333048502604,-0.05494912157700774,0.33539810326123326,0.9129953220841592,3,G9Z6C 75 Comdty,arithmetic
116,4,73.12999725341797,75.0,1.9945205479452055,0.0457499980926513,0.2253,0.9750666300455729,-0.025249471810979432,0.3181855473156315,0.9127901136719367,4,G9Z6C 75 Comdty,arithmetic
116,5,73.95999908447266,75.0,1.991780821917808,0.0459600019454956,0.2211,0.986133321126302,-0.013963719396068783,0.3120394586481406,0.9125227608399333,5,G9Z6C 75 Comdty,arithmetic
116,6,73.55999755859375,75.0,1.9835616438356165,0.0461800003051757,0.21739999999999998,0.9807999674479166,-0.01938674698950892,0.3061839282487051,0.9124692640572964,6,G9Z6C 75 Comdty,arithmetic
116,7,73.31999969482422,75.0,1.978082191780822,0.0469299983978271,0.2227,0.9775999959309896,-0.0226546947270509,0.3132148782309127,0.9113471458569032,7,G9Z6C 75 Comdty,arithmetic
116,8,75.44000244140625,75.0,1.9397260273972603,0.0459899997711181,0.20739999999999997,1.00586669921875,0.005849557151115977,0.28885437426884597,0.9146553058897938,8,G9Z6C 75 Comdty,arithmetic
116,9,73.16999816894531,75.0,1.926027397260274,0.0452799987792968,0.1934,0.9755999755859375,-0.024702637665036484,0.268403206603551,0.9164841387350792,9,G9Z6C 75 Comdty,arithmetic
117,0,70.0999984741211,75.8,2.0191780821917806,0.0459100008010864,0.2509,0.9248020906876134,-0.07817552037495587,0.3565233453901991,0.9114664733609767,0,G9Z6C 75.8 Comdty,arithmetic
117,1,69.62000274658203,75.8,2.0136986301369864,0.045789999961853,0.2457,0.9184696932266759,-0.08504637081398485,0.3486602151327828,0.9119161260411697,1,G9Z6C 75.8 Comdty,arithmetic
117,2,70.5999984741211,75.8,2.010958904109589,0.0461899995803833,0.237,0.9313983967562149,-0.07106816976214551,0.33608562998874486,0.9112972082759722,2,G9Z6C 75.8 Comdty,arithmetic
117,3,70.98999786376953,75.8,2.002739726027398,0.0454500007629394,0.237,0.9365435074375928,-0.06555930068902321,0.33539810326123326,0.9129953220841592,3,G9Z6C 75.8 Comdty,arithmetic
117,4,73.12999725341797,75.8,1.9945205479452055,0.0457499980926513,0.2253,0.9647756893590761,-0.03585965092299499,0.3181855473156315,0.9127901136719367,4,G9Z6C 75.8 Comdty,arithmetic
117,5,73.95999908447266,75.8,1.991780821917808,0.0459600019454956,0.2211,0.9757255815893491,-0.02457389850808421,0.3120394586481406,0.9125227608399333,5,G9Z6C 75.8 Comdty,arithmetic
117,6,73.55999755859375,75.8,1.9835616438356165,0.0461800003051757,0.21739999999999998,0.9704485166041392,-0.029996926101524386,0.3061839282487051,0.9124692640572964,6,G9Z6C 75.8 Comdty,arithmetic
117,7,73.31999969482422,75.8,1.978082191780822,0.0469299983978271,0.2227,0.9672823178736705,-0.03326487383906637,0.3132148782309127,0.9113471458569032,7,G9Z6C 75.8 Comdty,arithmetic
117,8,75.44000244140625,75.8,1.9397260273972603,0.0459899997711181,0.20739999999999997,0.9952506918391326,-0.004760621960899463,0.28885437426884597,0.9146553058897938,8,G9Z6C 75.8 Comdty,arithmetic
117,9,73.16999816894531,75.8,1.926027397260274,0.0452799987792968,0.1934,0.9653034059227614,-0.03531281677705194,0.268403206603551,0.9164841387350792,9,G9Z6C 75.8 Comdty,arithmetic
118,0,70.0999984741211,77.0,2.0191780821917806,0.0459100008010864,0.2509,0.9103895905730012,-0.09388264958031385,0.3565233453901991,0.9114664733609767,0,G9Z6C 77 Comdty,arithmetic
118,1,69.62000274658203,77.0,2.0136986301369864,0.045789999961853,0.2457,0.9041558798257406,-0.10075350001934281,0.3486602151327828,0.9119161260411697,1,G9Z6C 77 Comdty,arithmetic
118,2,70.5999984741211,77.0,2.010958904109589,0.0461899995803833,0.237,0.9168830970665077,-0.08677529896750334,0.33608562998874486,0.9112972082759722,2,G9Z6C 77 Comdty,arithmetic
118,3,70.98999786376953,77.0,2.002739726027398,0.0454500007629394,0.237,0.9219480242047992,-0.08126642989438111,0.33539810326123326,0.9129953220841592,3,G9Z6C 77 Comdty,arithmetic
118,4,73.12999725341797,77.0,1.9945205479452055,0.0457499980926513,0.2253,0.9497402240703632,-0.0515667801283529,0.3181855473156315,0.9127901136719367,4,G9Z6C 77 Comdty,arithmetic
118,5,73.95999908447266,77.0,1.991780821917808,0.0459600019454956,0.2211,0.960519468629515,-0.04028102771344218,0.3120394586481406,0.9125227608399333,5,G9Z6C 77 Comdty,arithmetic
118,6,73.55999755859375,77.0,1.9835616438356165,0.0461800003051757,0.21739999999999998,0.9553246436181007,-0.0457040553068823,0.3061839282487051,0.9124692640572964,6,G9Z6C 77 Comdty,arithmetic
118,7,73.31999969482422,77.0,1.978082191780822,0.0469299983978271,0.2227,0.9522077882444704,-0.04897200304442428,0.3132148782309127,0.9113471458569032,7,G9Z6C 77 Comdty,arithmetic
118,8,75.44000244140625,77.0,1.9397260273972603,0.0459899997711181,0.20739999999999997,0.9797402914468344,-0.0204677511662574,0.28885437426884597,0.9146553058897938,8,G9Z6C 77 Comdty,arithmetic
118,9,73.16999816894531,77.0,1.926027397260274,0.0452799987792968,0.1934,0.9502597164798092,-0.051019945982409894,0.268403206603551,0.9164841387350792,9,G9Z6C 77 Comdty,arithmetic
119,0,70.0999984741211,79.5,2.0191780821917806,0.0459100008010864,0.2509,0.8817609870958628,-0.12583424938691617,0.3565233453901991,0.9114664733609767,0,G9Z6C 79.5 Comdty,arithmetic
119,1,69.62000274658203,79.5,2.0136986301369864,0.045789999961853,0.2457,0.8757233049884532,-0.1327050998259452,0.3486602151327828,0.9119161260411697,1,G9Z6C 79.5 Comdty,arithmetic
119,2,70.5999984741211,79.5,2.010958904109589,0.0461899995803833,0.237,0.8880502952719634,-0.11872689877410575,0.33608562998874486,0.9112972082759722,2,G9Z6C 79.5 Comdty,arithmetic
119,3,70.98999786376953,79.5,2.002739726027398,0.0454500007629394,0.237,0.8929559479719438,-0.11321802970098355,0.33539810326123326,0.9129953220841592,3,G9Z6C 79.5 Comdty,arithmetic
119,4,73.12999725341797,79.5,1.9945205479452055,0.0457499980926513,0.2253,0.9198741792882763,-0.08351837993495524,0.3181855473156315,0.9127901136719367,4,G9Z6C 79.5 Comdty,arithmetic
119,5,73.95999908447266,79.5,1.991780821917808,0.0459600019454956,0.2211,0.9303144538927378,-0.0722326275200445,0.3120394586481406,0.9125227608399333,5,G9Z6C 79.5 Comdty,arithmetic
119,6,73.55999755859375,79.5,1.9835616438356165,0.0461800003051757,0.21739999999999998,0.9252829881584119,-0.0776556551134847,0.3061839282487051,0.9124692640572964,6,G9Z6C 79.5 Comdty,arithmetic
119,7,73.31999969482422,79.5,1.978082191780822,0.0469299983978271,0.2227,0.9222641471047072,-0.08092360285102665,0.3132148782309127,0.9113471458569032,7,G9Z6C 79.5 Comdty,arithmetic
119,8,75.44000244140625,79.5,1.9397260273972603,0.0459899997711181,0.20739999999999997,0.9489308483195755,-0.05241935097285968,0.28885437426884597,0.9146553058897938,8,G9Z6C 79.5 Comdty,arithmetic
119,9,73.16999816894531,79.5,1.926027397260274,0.0452799987792968,0.1934,0.9203773354584316,-0.08297154578901225,0.268403206603551,0.9164841387350792,9,G9Z6C 79.5 Comdty,arithmetic
